Date,Yearmonth,DayOfWeek,Campaignname,CampaignID,Campaignstatus,CampaignPrimaryStatusReasons,assetGroupId,assetGroupName,assetGroupStatus,ad_strength,ConversionTypeName,ConversionCategory,ConversionTrackerId,Conversions,ConversionValue,AllConversions,AllConversionValue,CrossDeviceConversions
2025-06-03,2025|06,2 Tuesday,Campaign #1,22625352639,paused,"Campaign paused, Has asset groups limited by policy",6582377332,Asset Group 1,Enabled,Average,Begin checkout (Page load www.pankanaturalhealth.com/schedule-an-appointment),Begin checkout,7152843979,4.0,4.0,4.0,4.0,2.0
2025-06-03,2025|06,2 Tuesday,Campaign #1,22625352639,paused,"Campaign paused, Has asset groups limited by policy",6582377332,Asset Group 1,Enabled,Average,Page view (Page load www.pankanaturalhealth.com/meet-dr-jacob),Page view,7154049485,1.0,1.0,1.0,1.0,0.0
2025-06-04,2025|06,3 Wednesday,Campaign #1,22625352639,paused,"Campaign paused, Has asset groups limited by policy",6582377332,Asset Group 1,Enabled,Average,Local actions - Website visits,Page view,7157480846,0.0,0.0,1.0,1.0,0.0
2025-06-04,2025|06,3 Wednesday,Campaign #1,22625352639,paused,"Campaign paused, Has asset groups limited by policy",6582377332,Asset Group 1,Enabled,Average,Page view (Page load www.pankanaturalhealth.com/meet-dr-jacob),Page view,7154049485,1.0,1.0,1.0,1.0,0.0
2025-06-05,2025|06,4 Thursday,Campaign #1,22625352639,paused,"Campaign paused, Has asset groups limited by policy",6582377332,Asset Group 1,Enabled,Average,Begin checkout (Page load www.pankanaturalhealth.com/schedule-an-appointment),Begin checkout,7152843979,1.0,1.0,1.0,1.0,0.0
2025-06-05,2025|06,4 Thursday,Campaign #1,22625352639,paused,"Campaign paused, Has asset groups limited by policy",6582377332,Asset Group 1,Enabled,Average,Page view (Page load www.pankanaturalhealth.com/meet-dr-haley),Page view,7154049482,1.0,1.0,1.0,1.0,0.0
2025-06-05,2025|06,4 Thursday,Campaign #1,22625352639,paused,"Campaign paused, Has asset groups limited by policy",6582377332,Asset Group 1,Enabled,Average,Page view (Page load www.pankanaturalhealth.com/meet-dr-jacob),Page view,7154049485,1.0,1.0,1.0,1.0,0.0
2025-06-05,2025|06,4 Thursday,Campaign #1,22625352639,paused,"Campaign paused, Has asset groups limited by policy",6582377332,Asset Group 1,Enabled,Average,Page view (Page load www.pankanaturalhealth.com/whypnh),Page view,7154049488,1.0,1.0,1.0,1.0,0.0
2025-06-06,2025|06,5 Friday,Campaign #1,22625352639,paused,"Campaign paused, Has asset groups limited by policy",6582377332,Asset Group 1,Enabled,Average,Begin checkout (Page load www.pankanaturalhealth.com/schedule-an-appointment),Begin checkout,7152843979,1.0,1.0,1.0,1.0,0.0
2025-06-06,2025|06,5 Friday,Campaign #1,22625352639,paused,"Campaign paused, Has asset groups limited by policy",6582377332,Asset Group 1,Enabled,Average,Local actions - Other engagements,Engagement,7160506736,0.0,0.0,4.0,4.0,0.0
2025-06-06,2025|06,5 Friday,Campaign #1,22625352639,paused,"Campaign paused, Has asset groups limited by policy",6582377332,Asset Group 1,Enabled,Average,Local actions - Website visits,Page view,7157480846,0.0,0.0,3.0,3.0,0.0
2025-06-06,2025|06,5 Friday,Campaign #1,22625352639,paused,"Campaign paused, Has asset groups limited by policy",6582377332,Asset Group 1,Enabled,Average,Page view (Page load www.pankanaturalhealth.com/meet-dr-haley),Page view,7154049482,1.0,1.0,1.0,1.0,0.0
2025-06-06,2025|06,5 Friday,Campaign #1,22625352639,paused,"Campaign paused, Has asset groups limited by policy",6582377332,Asset Group 1,Enabled,Average,Page view (Page load www.pankanaturalhealth.com/meet-dr-jacob),Page view,7154049485,1.0,1.0,1.0,1.0,0.0
2025-06-07,2025|06,6 Saturday,Campaign #1,22625352639,paused,"Campaign paused, Has asset groups limited by policy",6582377332,Asset Group 1,Enabled,Average,Begin checkout (Page load www.pankanaturalhealth.com/schedule-an-appointment),Begin checkout,7152843979,5.0,5.0,5.0,5.0,0.0
2025-06-07,2025|06,6 Saturday,Campaign #1,22625352639,paused,"Campaign paused, Has asset groups limited by policy",6582377332,Asset Group 1,Enabled,Average,Page view (Page load www.pankanaturalhealth.com/meet-dr-haley),Page view,7154049482,4.0,4.0,4.0,4.0,0.0
2025-06-07,2025|06,6 Saturday,Campaign #1,22625352639,paused,"Campaign paused, Has asset groups limited by policy",6582377332,Asset Group 1,Enabled,Average,Page view (Page load www.pankanaturalhealth.com/meet-dr-jacob),Page view,7154049485,1.0,1.0,1.0,1.0,0.0
2025-06-07,2025|06,6 Saturday,Campaign #1,22625352639,paused,"Campaign paused, Has asset groups limited by policy",6582377332,Asset Group 1,Enabled,Average,Page view (Page load www.pankanaturalhealth.com/whypnh),Page view,7154049488,1.0,1.0,1.0,1.0,0.0
2025-06-11,2025|06,3 Wednesday,Campaign #1,22625352639,paused,"Campaign paused, Has asset groups limited by policy",6582377332,Asset Group 1,Enabled,Average,Begin checkout (Page load www.pankanaturalhealth.com/schedule-an-appointment),Begin checkout,7152843979,4.0,4.0,4.0,4.0,0.0
2025-06-11,2025|06,3 Wednesday,Campaign #1,22625352639,paused,"Campaign paused, Has asset groups limited by policy",6582377332,Asset Group 1,Enabled,Average,Local actions - Other engagements,Engagement,7160506736,0.0,0.0,2.0,2.0,0.0
2025-06-11,2025|06,3 Wednesday,Campaign #1,22625352639,paused,"Campaign paused, Has asset groups limited by policy",6582377332,Asset Group 1,Enabled,Average,Local actions - Website visits,Page view,7157480846,0.0,0.0,4.0,4.0,0.0
2025-06-11,2025|06,3 Wednesday,Campaign #1,22625352639,paused,"Campaign paused, Has asset groups limited by policy",6582377332,Asset Group 1,Enabled,Average,Page view (Page load www.pankanaturalhealth.com/meet-dr-haley),Page view,7154049482,2.0,2.0,2.0,2.0,0.0
2025-06-11,2025|06,3 Wednesday,Campaign #1,22625352639,paused,"Campaign paused, Has asset groups limited by policy",6582377332,Asset Group 1,Enabled,Average,Page view (Page load www.pankanaturalhealth.com/meet-dr-jacob),Page view,7154049485,1.0,1.0,1.0,1.0,0.0
2025-06-11,2025|06,3 Wednesday,Campaign #1,22625352639,paused,"Campaign paused, Has asset groups limited by policy",6582377332,Asset Group 1,Enabled,Average,Page view (Page load www.pankanaturalhealth.com/whypnh),Page view,7154049488,1.0,1.0,1.0,1.0,0.0
2025-06-12,2025|06,4 Thursday,Campaign #1,22625352639,paused,"Campaign paused, Has asset groups limited by policy",6582377332,Asset Group 1,Enabled,Average,Begin checkout (Page load www.pankanaturalhealth.com/schedule-an-appointment),Begin checkout,7152843979,1.0,1.0,1.0,1.0,0.0
2025-06-12,2025|06,4 Thursday,Campaign #1,22625352639,paused,"Campaign paused, Has asset groups limited by policy",6582377332,Asset Group 1,Enabled,Average,Local actions - Menu views,Page view,7169930375,0.0,0.0,2.0,2.0,0.0
2025-06-12,2025|06,4 Thursday,Campaign #1,22625352639,paused,"Campaign paused, Has asset groups limited by policy",6582377332,Asset Group 1,Enabled,Average,Page view (Page load www.pankanaturalhealth.com/meet-dr-jacob),Page view,7154049485,1.0,1.0,1.0,1.0,0.0
2025-06-13,2025|06,5 Friday,Campaign #1,22625352639,paused,"Campaign paused, Has asset groups limited by policy",6582377332,Asset Group 1,Enabled,Average,Local actions - Other engagements,Engagement,7160506736,0.0,0.0,2.0,2.0,0.0
2025-06-13,2025|06,5 Friday,Campaign #1,22625352639,paused,"Campaign paused, Has asset groups limited by policy",6582377332,Asset Group 1,Enabled,Average,Local actions - Website visits,Page view,7157480846,0.0,0.0,1.0,1.0,0.0
2025-06-13,2025|06,5 Friday,Campaign #1,22625352639,paused,"Campaign paused, Has asset groups limited by policy",6582377332,Asset Group 1,Enabled,Average,Page view (Page load www.pankanaturalhealth.com/meet-dr-jacob),Page view,7154049485,1.0,1.0,1.0,1.0,0.0
2025-06-14,2025|06,6 Saturday,Campaign #1,22625352639,paused,"Campaign paused, Has asset groups limited by policy",6582377332,Asset Group 1,Enabled,Average,Page view (Page load www.pankanaturalhealth.com/meet-dr-jacob),Page view,7154049485,1.0,1.0,1.0,1.0,0.0
2025-06-14,2025|06,6 Saturday,Campaign #1,22625352639,paused,"Campaign paused, Has asset groups limited by policy",6582377332,Asset Group 1,Enabled,Average,Page view (Page load www.pankanaturalhealth.com/whypnh),Page view,7154049488,1.0,1.0,1.0,1.0,0.0
2025-06-15,2025|06,0 Sunday,Campaign #1,22625352639,paused,"Campaign paused, Has asset groups limited by policy",6582377332,Asset Group 1,Enabled,Average,Begin checkout (Page load www.pankanaturalhealth.com/schedule-an-appointment),Begin checkout,7152843979,4.0,4.0,4.0,4.0,1.0
2025-06-15,2025|06,0 Sunday,Campaign #1,22625352639,paused,"Campaign paused, Has asset groups limited by policy",6582377332,Asset Group 1,Enabled,Average,Local actions - Other engagements,Engagement,7160506736,0.0,0.0,5.0,5.0,0.0
2025-06-15,2025|06,0 Sunday,Campaign #1,22625352639,paused,"Campaign paused, Has asset groups limited by policy",6582377332,Asset Group 1,Enabled,Average,Local actions - Website visits,Page view,7157480846,0.0,0.0,2.0,2.0,0.0
2025-06-15,2025|06,0 Sunday,Campaign #1,22625352639,paused,"Campaign paused, Has asset groups limited by policy",6582377332,Asset Group 1,Enabled,Average,Page view (Page load www.pankanaturalhealth.com/meet-dr-haley),Page view,7154049482,1.0,1.0,1.0,1.0,0.0
2025-06-15,2025|06,0 Sunday,Campaign #1,22625352639,paused,"Campaign paused, Has asset groups limited by policy",6582377332,Asset Group 1,Enabled,Average,Page view (Page load www.pankanaturalhealth.com/meet-dr-jacob),Page view,7154049485,1.0,1.0,1.0,1.0,0.0
2025-06-15,2025|06,0 Sunday,Campaign #1,22625352639,paused,"Campaign paused, Has asset groups limited by policy",6582377332,Asset Group 1,Enabled,Average,Page view (Page load www.pankanaturalhealth.com/whypnh),Page view,7154049488,2.0,2.0,2.0,2.0,0.0
2025-06-16,2025|06,1 Monday,Campaign #1,22625352639,paused,"Campaign paused, Has asset groups limited by policy",6582377332,Asset Group 1,Enabled,Average,Begin checkout (Page load www.pankanaturalhealth.com/schedule-an-appointment),Begin checkout,7152843979,1.0,1.0,1.0,1.0,0.0
2025-06-16,2025|06,1 Monday,Campaign #1,22625352639,paused,"Campaign paused, Has asset groups limited by policy",6582377332,Asset Group 1,Enabled,Average,Local actions - Other engagements,Engagement,7160506736,0.0,0.0,4.0,4.0,0.0
2025-06-16,2025|06,1 Monday,Campaign #1,22625352639,paused,"Campaign paused, Has asset groups limited by policy",6582377332,Asset Group 1,Enabled,Average,Page view (Page load www.pankanaturalhealth.com/meet-dr-haley),Page view,7154049482,1.0,1.0,1.0,1.0,0.0
2025-06-16,2025|06,1 Monday,Campaign #1,22625352639,paused,"Campaign paused, Has asset groups limited by policy",6582377332,Asset Group 1,Enabled,Average,Page view (Page load www.pankanaturalhealth.com/whypnh),Page view,7154049488,1.0,1.0,1.0,1.0,0.0
2025-06-17,2025|06,2 Tuesday,Campaign #1,22625352639,paused,"Campaign paused, Has asset groups limited by policy",6582377332,Asset Group 1,Enabled,Average,Begin checkout (Page load www.pankanaturalhealth.com/schedule-an-appointment),Begin checkout,7152843979,4.0,4.0,4.0,4.0,0.0
2025-06-17,2025|06,2 Tuesday,Campaign #1,22625352639,paused,"Campaign paused, Has asset groups limited by policy",6582377332,Asset Group 1,Enabled,Average,Local actions - Website visits,Page view,7157480846,0.0,0.0,1.0,1.0,0.0
2025-06-17,2025|06,2 Tuesday,Campaign #1,22625352639,paused,"Campaign paused, Has asset groups limited by policy",6582377332,Asset Group 1,Enabled,Average,Page view (Page load www.pankanaturalhealth.com/meet-dr-haley),Page view,7154049482,2.0,2.0,2.0,2.0,0.0
2025-06-17,2025|06,2 Tuesday,Campaign #1,22625352639,paused,"Campaign paused, Has asset groups limited by policy",6582377332,Asset Group 1,Enabled,Average,Page view (Page load www.pankanaturalhealth.com/meet-dr-jacob),Page view,7154049485,2.0,2.0,2.0,2.0,0.0
2025-06-18,2025|06,3 Wednesday,Campaign #1,22625352639,paused,"Campaign paused, Has asset groups limited by policy",6582377332,Asset Group 1,Enabled,Average,Begin checkout (Page load www.pankanaturalhealth.com/schedule-an-appointment),Begin checkout,7152843979,3.0,3.0,3.0,3.0,0.0
2025-06-18,2025|06,3 Wednesday,Campaign #1,22625352639,paused,"Campaign paused, Has asset groups limited by policy",6582377332,Asset Group 1,Enabled,Average,Local actions - Other engagements,Engagement,7160506736,0.0,0.0,2.0,2.0,0.0
2025-06-18,2025|06,3 Wednesday,Campaign #1,22625352639,paused,"Campaign paused, Has asset groups limited by policy",6582377332,Asset Group 1,Enabled,Average,Local actions - Website visits,Page view,7157480846,0.0,0.0,1.0,1.0,0.0
2025-06-18,2025|06,3 Wednesday,Campaign #1,22625352639,paused,"Campaign paused, Has asset groups limited by policy",6582377332,Asset Group 1,Enabled,Average,Page view (Page load www.pankanaturalhealth.com/meet-dr-haley),Page view,7154049482,1.0,1.0,1.0,1.0,0.0
2025-06-18,2025|06,3 Wednesday,Campaign #1,22625352639,paused,"Campaign paused, Has asset groups limited by policy",6582377332,Asset Group 1,Enabled,Average,Page view (Page load www.pankanaturalhealth.com/whypnh),Page view,7154049488,2.0,2.0,2.0,2.0,0.0
2025-06-19,2025|06,4 Thursday,Campaign #1,22625352639,paused,"Campaign paused, Has asset groups limited by policy",6582377332,Asset Group 1,Enabled,Average,Local actions - Directions,Get directions,7180867432,0.0,0.0,2.0,2.0,0.0
2025-06-19,2025|06,4 Thursday,Campaign #1,22625352639,paused,"Campaign paused, Has asset groups limited by policy",6582377332,Asset Group 1,Enabled,Average,Local actions - Other engagements,Engagement,7160506736,0.0,0.0,18.0,18.0,0.0
2025-06-19,2025|06,4 Thursday,Campaign #1,22625352639,paused,"Campaign paused, Has asset groups limited by policy",6582377332,Asset Group 1,Enabled,Average,Local actions - Website visits,Page view,7157480846,0.0,0.0,1.0,1.0,0.0
2025-06-19,2025|06,4 Thursday,Campaign #1,22625352639,paused,"Campaign paused, Has asset groups limited by policy",6582377332,Asset Group 1,Enabled,Average,Page view (Page load www.pankanaturalhealth.com/meet-dr-haley),Page view,7154049482,1.0,1.0,1.0,1.0,0.0
2025-06-20,2025|06,5 Friday,Campaign #1,22625352639,paused,"Campaign paused, Has asset groups limited by policy",6582377332,Asset Group 1,Enabled,Average,Page view (Page load www.pankanaturalhealth.com/whypnh),Page view,7154049488,5.0,5.0,5.0,5.0,0.0
2025-06-21,2025|06,6 Saturday,Campaign #1,22625352639,paused,"Campaign paused, Has asset groups limited by policy",6582377332,Asset Group 1,Enabled,Average,Begin checkout (Page load www.pankanaturalhealth.com/schedule-an-appointment),Begin checkout,7152843979,1.0,1.0,1.0,1.0,0.0
2025-06-21,2025|06,6 Saturday,Campaign #1,22625352639,paused,"Campaign paused, Has asset groups limited by policy",6582377332,Asset Group 1,Enabled,Average,Page view (Page load www.pankanaturalhealth.com/whypnh),Page view,7154049488,1.0,1.0,1.0,1.0,0.0
2025-06-23,2025|06,1 Monday,Campaign #1,22625352639,paused,"Campaign paused, Has asset groups limited by policy",6582377332,Asset Group 1,Enabled,Average,Page view (Page load www.pankanaturalhealth.com/whypnh),Page view,7154049488,1.0,1.0,1.0,1.0,0.0
2025-06-24,2025|06,2 Tuesday,Campaign #1,22625352639,paused,"Campaign paused, Has asset groups limited by policy",6582377332,Asset Group 1,Enabled,Average,Page view (Page load www.pankanaturalhealth.com/meet-dr-jacob),Page view,7154049485,1.0,1.0,1.0,1.0,0.0
2025-06-24,2025|06,2 Tuesday,Campaign #1,22625352639,paused,"Campaign paused, Has asset groups limited by policy",6582377332,Asset Group 1,Enabled,Average,Page view (Page load www.pankanaturalhealth.com/whypnh),Page view,7154049488,1.0,1.0,1.0,1.0,0.0
2025-06-27,2025|06,5 Friday,Campaign #1,22625352639,paused,"Campaign paused, Has asset groups limited by policy",6582377332,Asset Group 1,Enabled,Average,Begin checkout (Page load www.pankanaturalhealth.com/schedule-an-appointment),Begin checkout,7152843979,1.0,1.0,1.0,1.0,0.0
2025-06-27,2025|06,5 Friday,Campaign #1,22625352639,paused,"Campaign paused, Has asset groups limited by policy",6582377332,Asset Group 1,Enabled,Average,Local actions - Website visits,Page view,7157480846,0.0,0.0,1.0,1.0,0.0
2025-06-28,2025|06,6 Saturday,Campaign #1,22625352639,paused,"Campaign paused, Has asset groups limited by policy",6582377332,Asset Group 1,Enabled,Average,Page view (Page load www.pankanaturalhealth.com/whypnh),Page view,7154049488,1.0,1.0,1.0,1.0,0.0
2025-06-29,2025|06,0 Sunday,Campaign #1,22625352639,paused,"Campaign paused, Has asset groups limited by policy",6582377332,Asset Group 1,Enabled,Average,Begin checkout (Page load www.pankanaturalhealth.com/schedule-an-appointment),Begin checkout,7152843979,5.0,5.0,5.0,5.0,0.0
2025-06-29,2025|06,0 Sunday,Campaign #1,22625352639,paused,"Campaign paused, Has asset groups limited by policy",6582377332,Asset Group 1,Enabled,Average,Page view (Page load www.pankanaturalhealth.com/meet-dr-haley),Page view,7154049482,2.0,2.0,2.0,2.0,0.0
2025-06-29,2025|06,0 Sunday,Campaign #1,22625352639,paused,"Campaign paused, Has asset groups limited by policy",6582377332,Asset Group 1,Enabled,Average,Page view (Page load www.pankanaturalhealth.com/meet-dr-jacob),Page view,7154049485,1.0,1.0,1.0,1.0,0.0
2025-06-29,2025|06,0 Sunday,Campaign #1,22625352639,paused,"Campaign paused, Has asset groups limited by policy",6582377332,Asset Group 1,Enabled,Average,Page view (Page load www.pankanaturalhealth.com/whypnh),Page view,7154049488,2.0,2.0,2.0,2.0,0.0
2025-06-30,2025|06,1 Monday,Campaign #1,22625352639,paused,"Campaign paused, Has asset groups limited by policy",6582377332,Asset Group 1,Enabled,Average,Begin checkout (Page load www.pankanaturalhealth.com/schedule-an-appointment),Begin checkout,7152843979,20.0,20.0,20.0,20.0,0.0
2025-06-30,2025|06,1 Monday,Campaign #1,22625352639,paused,"Campaign paused, Has asset groups limited by policy",6582377332,Asset Group 1,Enabled,Average,Page view (Page load www.pankanaturalhealth.com/meet-dr-haley),Page view,7154049482,4.0,4.0,4.0,4.0,0.0
2025-06-30,2025|06,1 Monday,Campaign #1,22625352639,paused,"Campaign paused, Has asset groups limited by policy",6582377332,Asset Group 1,Enabled,Average,Page view (Page load www.pankanaturalhealth.com/whypnh),Page view,7154049488,64.0,64.0,68.0,68.0,0.0
2025-07-01,2025|07,2 Tuesday,Campaign #1,22625352639,paused,"Campaign paused, Has asset groups limited by policy",6582377332,Asset Group 1,Enabled,Average,Begin checkout (Page load www.pankanaturalhealth.com/schedule-an-appointment),Begin checkout,7152843979,42.0,42.0,42.0,42.0,0.0
2025-07-01,2025|07,2 Tuesday,Campaign #1,22625352639,paused,"Campaign paused, Has asset groups limited by policy",6582377332,Asset Group 1,Enabled,Average,Page view (Page load www.pankanaturalhealth.com/meet-dr-haley),Page view,7154049482,4.0,4.0,4.0,4.0,0.0
2025-07-01,2025|07,2 Tuesday,Campaign #1,22625352639,paused,"Campaign paused, Has asset groups limited by policy",6582377332,Asset Group 1,Enabled,Average,Page view (Page load www.pankanaturalhealth.com/meet-dr-jacob),Page view,7154049485,2.0,2.0,2.0,2.0,0.0
2025-07-01,2025|07,2 Tuesday,Campaign #1,22625352639,paused,"Campaign paused, Has asset groups limited by policy",6582377332,Asset Group 1,Enabled,Average,Page view (Page load www.pankanaturalhealth.com/whypnh),Page view,7154049488,149.02,149.02,155.02,155.02,0.0
2025-07-02,2025|07,3 Wednesday,Campaign #1,22625352639,paused,"Campaign paused, Has asset groups limited by policy",6582377332,Asset Group 1,Enabled,Average,Begin checkout (Page load www.pankanaturalhealth.com/schedule-an-appointment),Begin checkout,7152843979,62.0,62.0,62.0,62.0,0.0
2025-07-02,2025|07,3 Wednesday,Campaign #1,22625352639,paused,"Campaign paused, Has asset groups limited by policy",6582377332,Asset Group 1,Enabled,Average,Page view (Page load www.pankanaturalhealth.com/meet-dr-haley),Page view,7154049482,3.0,3.0,3.0,3.0,0.0
2025-07-02,2025|07,3 Wednesday,Campaign #1,22625352639,paused,"Campaign paused, Has asset groups limited by policy",6582377332,Asset Group 1,Enabled,Average,Page view (Page load www.pankanaturalhealth.com/meet-dr-jacob),Page view,7154049485,4.0,4.0,4.0,4.0,0.0
2025-07-02,2025|07,3 Wednesday,Campaign #1,22625352639,paused,"Campaign paused, Has asset groups limited by policy",6582377332,Asset Group 1,Enabled,Average,Page view (Page load www.pankanaturalhealth.com/whypnh),Page view,7154049488,154.02,154.02,156.02,156.02,0.0
2025-07-03,2025|07,4 Thursday,Campaign #1,22625352639,paused,"Campaign paused, Has asset groups limited by policy",6582377332,Asset Group 1,Enabled,Average,Begin checkout (Page load www.pankanaturalhealth.com/schedule-an-appointment),Begin checkout,7152843979,22.0,22.0,22.0,22.0,0.0
2025-07-03,2025|07,4 Thursday,Campaign #1,22625352639,paused,"Campaign paused, Has asset groups limited by policy",6582377332,Asset Group 1,Enabled,Average,Page view (Page load www.pankanaturalhealth.com/meet-dr-haley),Page view,7154049482,1.0,1.0,1.0,1.0,0.0
2025-07-03,2025|07,4 Thursday,Campaign #1,22625352639,paused,"Campaign paused, Has asset groups limited by policy",6582377332,Asset Group 1,Enabled,Average,Page view (Page load www.pankanaturalhealth.com/meet-dr-jacob),Page view,7154049485,1.0,1.0,1.0,1.0,0.0
2025-07-03,2025|07,4 Thursday,Campaign #1,22625352639,paused,"Campaign paused, Has asset groups limited by policy",6582377332,Asset Group 1,Enabled,Average,Page view (Page load www.pankanaturalhealth.com/whypnh),Page view,7154049488,52.98,52.98,55.98,55.98,0.0
2025-07-04,2025|07,5 Friday,Campaign #1,22625352639,paused,"Campaign paused, Has asset groups limited by policy",6582377332,Asset Group 1,Enabled,Average,Begin checkout (Page load www.pankanaturalhealth.com/schedule-an-appointment),Begin checkout,7152843979,170.5,170.5,170.5,170.5,0.0
2025-07-04,2025|07,5 Friday,Campaign #1,22625352639,paused,"Campaign paused, Has asset groups limited by policy",6582377332,Asset Group 1,Enabled,Average,Page view (Page load www.pankanaturalhealth.com/meet-dr-haley),Page view,7154049482,10.0,10.0,10.0,10.0,0.0
2025-07-04,2025|07,5 Friday,Campaign #1,22625352639,paused,"Campaign paused, Has asset groups limited by policy",6582377332,Asset Group 1,Enabled,Average,Page view (Page load www.pankanaturalhealth.com/meet-dr-jacob),Page view,7154049485,5.0,5.0,5.0,5.0,0.0
2025-07-04,2025|07,5 Friday,Campaign #1,22625352639,paused,"Campaign paused, Has asset groups limited by policy",6582377332,Asset Group 1,Enabled,Average,Page view (Page load www.pankanaturalhealth.com/whypnh),Page view,7154049488,289.25,289.25,293.25,293.25,0.0
2025-07-05,2025|07,6 Saturday,Campaign #1,22625352639,paused,"Campaign paused, Has asset groups limited by policy",6582377332,Asset Group 1,Enabled,Average,Begin checkout (Page load www.pankanaturalhealth.com/schedule-an-appointment),Begin checkout,7152843979,94.5,94.5,94.5,94.5,0.0
2025-07-05,2025|07,6 Saturday,Campaign #1,22625352639,paused,"Campaign paused, Has asset groups limited by policy",6582377332,Asset Group 1,Enabled,Average,Page view (Page load www.pankanaturalhealth.com/meet-dr-haley),Page view,7154049482,2.0,2.0,2.0,2.0,0.0
2025-07-05,2025|07,6 Saturday,Campaign #1,22625352639,paused,"Campaign paused, Has asset groups limited by policy",6582377332,Asset Group 1,Enabled,Average,Page view (Page load www.pankanaturalhealth.com/meet-dr-jacob),Page view,7154049485,3.0,3.0,3.0,3.0,0.0
2025-07-05,2025|07,6 Saturday,Campaign #1,22625352639,paused,"Campaign paused, Has asset groups limited by policy",6582377332,Asset Group 1,Enabled,Average,Page view (Page load www.pankanaturalhealth.com/whypnh),Page view,7154049488,145.0,145.0,155.0,155.0,0.0
2025-07-06,2025|07,0 Sunday,Campaign #1,22625352639,paused,"Campaign paused, Has asset groups limited by policy",6582377332,Asset Group 1,Enabled,Average,Begin checkout (Page load www.pankanaturalhealth.com/schedule-an-appointment),Begin checkout,7152843979,159.0,159.0,159.0,159.0,0.0
2025-07-06,2025|07,0 Sunday,Campaign #1,22625352639,paused,"Campaign paused, Has asset groups limited by policy",6582377332,Asset Group 1,Enabled,Average,Page view (Page load www.pankanaturalhealth.com/meet-dr-haley),Page view,7154049482,10.0,10.0,14.0,14.0,0.0
2025-07-06,2025|07,0 Sunday,Campaign #1,22625352639,paused,"Campaign paused, Has asset groups limited by policy",6582377332,Asset Group 1,Enabled,Average,Page view (Page load www.pankanaturalhealth.com/meet-dr-jacob),Page view,7154049485,4.0,4.0,5.0,5.0,0.0
2025-07-06,2025|07,0 Sunday,Campaign #1,22625352639,paused,"Campaign paused, Has asset groups limited by policy",6582377332,Asset Group 1,Enabled,Average,Page view (Page load www.pankanaturalhealth.com/whypnh),Page view,7154049488,204.73,204.73,242.73,242.73,0.0
2025-07-07,2025|07,1 Monday,Campaign #1,22625352639,paused,"Campaign paused, Has asset groups limited by policy",6582377332,Asset Group 1,Enabled,Average,Begin checkout (Page load www.pankanaturalhealth.com/schedule-an-appointment),Begin checkout,7152843979,34.0,34.0,34.0,34.0,0.0
2025-07-07,2025|07,1 Monday,Campaign #1,22625352639,paused,"Campaign paused, Has asset groups limited by policy",6582377332,Asset Group 1,Enabled,Average,Page view (Page load www.pankanaturalhealth.com/meet-dr-haley),Page view,7154049482,4.0,4.0,4.0,4.0,0.0
2025-07-07,2025|07,1 Monday,Campaign #1,22625352639,paused,"Campaign paused, Has asset groups limited by policy",6582377332,Asset Group 1,Enabled,Average,Page view (Page load www.pankanaturalhealth.com/meet-dr-jacob),Page view,7154049485,1.0,1.0,1.0,1.0,0.0
2025-07-07,2025|07,1 Monday,Campaign #1,22625352639,paused,"Campaign paused, Has asset groups limited by policy",6582377332,Asset Group 1,Enabled,Average,Page view (Page load www.pankanaturalhealth.com/whypnh),Page view,7154049488,10.0,10.0,35.0,35.0,0.0
2025-07-08,2025|07,2 Tuesday,Campaign #1,22625352639,paused,"Campaign paused, Has asset groups limited by policy",6582377332,Asset Group 1,Enabled,Average,Begin checkout (Page load www.pankanaturalhealth.com/schedule-an-appointment),Begin checkout,7152843979,17.0,17.0,17.0,17.0,0.0
2025-07-08,2025|07,2 Tuesday,Campaign #1,22625352639,paused,"Campaign paused, Has asset groups limited by policy",6582377332,Asset Group 1,Enabled,Average,Page view (Page load www.pankanaturalhealth.com/meet-dr-haley),Page view,7154049482,0.0,0.0,1.0,1.0,0.0
2025-07-08,2025|07,2 Tuesday,Campaign #1,22625352639,paused,"Campaign paused, Has asset groups limited by policy",6582377332,Asset Group 1,Enabled,Average,Page view (Page load www.pankanaturalhealth.com/whypnh),Page view,7154049488,1.0,1.0,9.0,9.0,0.0
2025-07-11,2025|07,5 Friday,Campaign #1,22625352639,paused,"Campaign paused, Has asset groups limited by policy",6582377332,Asset Group 1,Enabled,Average,Page view (Page load www.pankanaturalhealth.com/whypnh),Page view,7154049488,0.0,0.0,1.0,1.0,0.0
2025-07-12,2025|07,6 Saturday,Campaign #1,22625352639,paused,"Campaign paused, Has asset groups limited by policy",6582377332,Asset Group 1,Enabled,Average,Begin checkout (Page load www.pankanaturalhealth.com/schedule-an-appointment),Begin checkout,7152843979,20.0,20.0,20.0,20.0,0.0
2025-07-12,2025|07,6 Saturday,Campaign #1,22625352639,paused,"Campaign paused, Has asset groups limited by policy",6582377332,Asset Group 1,Enabled,Average,Page view (Page load www.pankanaturalhealth.com/meet-dr-haley),Page view,7154049482,0.0,0.0,2.0,2.0,0.0
2025-07-12,2025|07,6 Saturday,Campaign #1,22625352639,paused,"Campaign paused, Has asset groups limited by policy",6582377332,Asset Group 1,Enabled,Average,Page view (Page load www.pankanaturalhealth.com/meet-dr-jacob),Page view,7154049485,0.0,0.0,1.0,1.0,0.0
2025-07-12,2025|07,6 Saturday,Campaign #1,22625352639,paused,"Campaign paused, Has asset groups limited by policy",6582377332,Asset Group 1,Enabled,Average,Page view (Page load www.pankanaturalhealth.com/whypnh),Page view,7154049488,0.0,0.0,27.0,27.0,0.0
2025-07-13,2025|07,0 Sunday,Campaign #1,22625352639,paused,"Campaign paused, Has asset groups limited by policy",6582377332,Asset Group 1,Enabled,Average,Begin checkout (Page load www.pankanaturalhealth.com/schedule-an-appointment),Begin checkout,7152843979,1.0,1.0,1.0,1.0,0.0
