Date,Yearmonth,Campaignname,CampaignID,Device,Impressions,Clicks,Cost,Ctr,Conversions,CostPerConversion
2025-06-03,2025|06,Campaign #1,22625352639,Computers,53,2,6.15,0.0377,3,2.05
2025-06-03,2025|06,Campaign #1,22625352639,Mobile devices with full browsers,66,4,4.1,0.0606,2,2.05
2025-06-04,2025|06,Campaign #1,22625352639,Computers,126,3,8.12,0.0238,1,8.12
2025-06-04,2025|06,Campaign #1,22625352639,Mobile devices with full browsers,240,13,21.7667,0.0542,0,
2025-06-04,2025|06,Campaign #1,22625352639,Tablets with full browsers,7,1,0.45,0.1429,0,
2025-06-05,2025|06,Campaign #1,22625352639,Computers,94,2,5.1,0.0213,2,2.55
2025-06-05,2025|06,Campaign #1,22625352639,Mobile devices with full browsers,191,18,24.7317,0.0942,2,12.3659
2025-06-05,2025|06,Campaign #1,22625352639,Tablets with full browsers,7,2,1.1311,0.2857,0,
2025-06-06,2025|06,Campaign #1,22625352639,Computers,78,3,2.33,0.0385,0,
2025-06-06,2025|06,Campaign #1,22625352639,Mobile devices with full browsers,126,12,29.5845,0.0952,3,9.8615
2025-06-06,2025|06,Campaign #1,22625352639,Tablets with full browsers,11,2,1.35,0.1818,0,
2025-06-07,2025|06,Campaign #1,22625352639,Computers,26,3,2.76,0.1154,1,2.76
2025-06-07,2025|06,Campaign #1,22625352639,Mobile devices with full browsers,104,11,18.5295,0.1058,10,1.853
2025-06-07,2025|06,Campaign #1,22625352639,Tablets with full browsers,2,1,0.6,0.5,0,
2025-06-08,2025|06,Campaign #1,22625352639,Computers,20,0,0,0,0,
2025-06-08,2025|06,Campaign #1,22625352639,Mobile devices with full browsers,30,1,0.06,0.0333,0,
2025-06-08,2025|06,Campaign #1,22625352639,Tablets with full browsers,1,0,0,0,0,
2025-06-09,2025|06,Campaign #1,22625352639,Computers,36,0,0,0,0,
2025-06-09,2025|06,Campaign #1,22625352639,Mobile devices with full browsers,27,0,0,0,0,
2025-06-10,2025|06,Campaign #1,22625352639,Computers,92,1,1.46,0.0109,0,
2025-06-10,2025|06,Campaign #1,22625352639,Mobile devices with full browsers,121,4,4.8922,0.0331,0,
2025-06-10,2025|06,Campaign #1,22625352639,Tablets with full browsers,6,0,0.0031,0,0,
2025-06-11,2025|06,Campaign #1,22625352639,Computers,120,3,8.36,0.025,4,2.09
2025-06-11,2025|06,Campaign #1,22625352639,Mobile devices with full browsers,236,12,42.945,0.0508,4,10.7363
2025-06-11,2025|06,Campaign #1,22625352639,Tablets with full browsers,11,0,0.0257,0,0,
2025-06-12,2025|06,Campaign #1,22625352639,Computers,123,1,0.14,0.0081,0,
2025-06-12,2025|06,Campaign #1,22625352639,Mobile devices with full browsers,303,13,23.3531,0.0429,2,11.6766
2025-06-12,2025|06,Campaign #1,22625352639,Tablets with full browsers,10,0,0.0354,0,0,
2025-06-13,2025|06,Campaign #1,22625352639,Computers,73,4,1.7912,0.0548,0,
2025-06-13,2025|06,Campaign #1,22625352639,Mobile devices with full browsers,196,8,27.2604,0.0408,1,27.2604
2025-06-13,2025|06,Campaign #1,22625352639,Tablets with full browsers,8,0,0.0623,0,0,
2025-06-14,2025|06,Campaign #1,22625352639,Computers,40,0,0,0,0,
2025-06-14,2025|06,Campaign #1,22625352639,Mobile devices with full browsers,278,12,9.4782,0.0432,2,4.7391
2025-06-14,2025|06,Campaign #1,22625352639,Tablets with full browsers,3,0,0.0272,0,0,
2025-06-15,2025|06,Campaign #1,22625352639,Computers,68,2,2.5615,0.0294,1,2.5615
2025-06-15,2025|06,Campaign #1,22625352639,Mobile devices with full browsers,243,10,17.7624,0.0412,7,2.5375
2025-06-15,2025|06,Campaign #1,22625352639,Tablets with full browsers,3,0,0,0,0,
2025-06-16,2025|06,Campaign #1,22625352639,Computers,113,1,0.29,0.0088,0,
2025-06-16,2025|06,Campaign #1,22625352639,Mobile devices with full browsers,183,5,15.9706,0.0273,3,5.3235
2025-06-16,2025|06,Campaign #1,22625352639,Tablets with full browsers,8,0,0.0039,0,0,
2025-06-17,2025|06,Campaign #1,22625352639,Computers,130,4,12.55,0.0308,6,2.0917
2025-06-17,2025|06,Campaign #1,22625352639,Mobile devices with full browsers,241,6,13.6416,0.0249,2,6.8208
2025-06-17,2025|06,Campaign #1,22625352639,Tablets with full browsers,2,0,0.0087,0,0,
2025-06-18,2025|06,Campaign #1,22625352639,Computers,102,4,10.0497,0.0392,1,10.0497
2025-06-18,2025|06,Campaign #1,22625352639,Mobile devices with full browsers,256,8,16.3306,0.0313,5,3.2661
2025-06-18,2025|06,Campaign #1,22625352639,Tablets with full browsers,7,0,0.0287,0,0,
2025-06-19,2025|06,Campaign #1,22625352639,Computers,55,3,1.13,0.0545,1,1.13
2025-06-19,2025|06,Campaign #1,22625352639,Mobile devices with full browsers,253,7,1.6828,0.0277,0,
2025-06-19,2025|06,Campaign #1,22625352639,Tablets with full browsers,5,0,0.0372,0,0,
2025-06-20,2025|06,Campaign #1,22625352639,Computers,28,0,0,0,0,
2025-06-20,2025|06,Campaign #1,22625352639,Mobile devices with full browsers,198,9,0.9885,0.0455,5,0.1977
2025-06-20,2025|06,Campaign #1,22625352639,Tablets with full browsers,3,0,0.0151,0,0,
2025-06-21,2025|06,Campaign #1,22625352639,Computers,18,0,0,0,0,
2025-06-21,2025|06,Campaign #1,22625352639,Mobile devices with full browsers,176,5,1.001,0.0284,2,0.5005
2025-06-21,2025|06,Campaign #1,22625352639,Tablets with full browsers,2,0,0.0045,0,0,
2025-06-22,2025|06,Campaign #1,22625352639,Computers,13,0,0,0,0,
2025-06-22,2025|06,Campaign #1,22625352639,Mobile devices with full browsers,9,0,0.0088,0,0,
2025-06-22,2025|06,Campaign #1,22625352639,Tablets with full browsers,1,0,0,0,0,
2025-06-23,2025|06,Campaign #1,22625352639,Computers,57,2,0.02,0.0351,0,
2025-06-23,2025|06,Campaign #1,22625352639,Mobile devices with full browsers,44,0,0.0799,0,1,0.0799
2025-06-24,2025|06,Campaign #1,22625352639,Computers,49,2,0.62,0.0408,1,0.62
2025-06-24,2025|06,Campaign #1,22625352639,Mobile devices with full browsers,83,2,0.3531,0.0241,1,0.3531
2025-06-24,2025|06,Campaign #1,22625352639,Tablets with full browsers,1,0,0,0,0,
2025-06-25,2025|06,Campaign #1,22625352639,Computers,51,0,0,0,0,
2025-06-25,2025|06,Campaign #1,22625352639,Mobile devices with full browsers,65,0,0.1502,0,0,
2025-06-25,2025|06,Campaign #1,22625352639,Tablets with full browsers,2,0,0.0081,0,0,
2025-06-26,2025|06,Campaign #1,22625352639,Computers,47,0,0,0,0,
2025-06-26,2025|06,Campaign #1,22625352639,Mobile devices with full browsers,34,0,0.0445,0,0,
2025-06-27,2025|06,Campaign #1,22625352639,Computers,45,1,0.0635,0.0222,1,0.0635
2025-06-27,2025|06,Campaign #1,22625352639,Mobile devices with full browsers,58,0,0.0763,0,0,
2025-06-28,2025|06,Campaign #1,22625352639,Computers,18,1,0.02,0.0556,0,
2025-06-28,2025|06,Campaign #1,22625352639,Mobile devices with full browsers,106,4,0.4645,0.0377,1,0.4645
2025-06-29,2025|06,Campaign #1,22625352639,Computers,14,0,0,0,0,
2025-06-29,2025|06,Campaign #1,22625352639,Mobile devices with full browsers,82,3,0.2802,0.0366,10,0.028
2025-06-30,2025|06,Campaign #1,22625352639,Computers,60,1,0.0488,0.0167,0,
2025-06-30,2025|06,Campaign #1,22625352639,Mobile devices with full browsers,3173,97,14.1968,0.0306,88,0.1613
2025-06-30,2025|06,Campaign #1,22625352639,Tablets with full browsers,40,0,0.1751,0,0,
2025-07-01,2025|07,Campaign #1,22625352639,Computers,35,2,0.5594,0.0571,2,0.2797
2025-07-01,2025|07,Campaign #1,22625352639,Mobile devices with full browsers,12113,424,57.7971,0.035,195.02,0.2964
2025-07-01,2025|07,Campaign #1,22625352639,Tablets with full browsers,74,5,0.3709,0.0676,0,
2025-07-02,2025|07,Campaign #1,22625352639,Computers,42,1,0.0088,0.0238,0,
2025-07-02,2025|07,Campaign #1,22625352639,Mobile devices with full browsers,8516,295,41.148,0.0346,223.02,0.1845
2025-07-02,2025|07,Campaign #1,22625352639,Tablets with full browsers,24,1,0.1173,0.0417,0,
2025-07-03,2025|07,Campaign #1,22625352639,Computers,43,0,0.0075,0,0,
2025-07-03,2025|07,Campaign #1,22625352639,Mobile devices with full browsers,6706,199,33.3158,0.0297,76.99,0.4327
2025-07-03,2025|07,Campaign #1,22625352639,Tablets with full browsers,72,0,0.4259,0,0,
2025-07-04,2025|07,Campaign #1,22625352639,Computers,23,0,0.0077,0,0,
2025-07-04,2025|07,Campaign #1,22625352639,Mobile devices with full browsers,18291,611,117.4089,0.0334,473.75,0.2478
2025-07-04,2025|07,Campaign #1,22625352639,Tablets with full browsers,54,3,0.3251,0.0556,1,0.3251
2025-07-05,2025|07,Campaign #1,22625352639,Computers,4,0,0,0,0,
2025-07-05,2025|07,Campaign #1,22625352639,Mobile devices with full browsers,17976,531,125.3603,0.0295,244.5,0.5127
2025-07-05,2025|07,Campaign #1,22625352639,Tablets with full browsers,9,0,0.0498,0,0,
2025-07-06,2025|07,Campaign #1,22625352639,Computers,8,0,0,0,0,
2025-07-06,2025|07,Campaign #1,22625352639,Mobile devices with full browsers,12021,473,66.8187,0.0393,377.73,0.1769
2025-07-06,2025|07,Campaign #1,22625352639,Tablets with full browsers,58,1,0.2392,0.0172,0,
2025-07-07,2025|07,Campaign #1,22625352639,Computers,107,1,6.52,0.0093,0,
2025-07-07,2025|07,Campaign #1,22625352639,Mobile devices with full browsers,8269,268,48.8012,0.0324,49,0.9959
2025-07-07,2025|07,Campaign #1,22625352639,Tablets with full browsers,13,0,0.0054,0,0,
2025-07-08,2025|07,Campaign #1,22625352639,Computers,35,0,0,0,0,
2025-07-08,2025|07,Campaign #1,22625352639,Mobile devices with full browsers,3711,179,29.164,0.0482,18,1.6202
2025-07-08,2025|07,Campaign #1,22625352639,Tablets with full browsers,1,0,0,0,0,
2025-07-08,2025|07,Leads-Search-1,22767146837,Computers,1,1,0.6,1,1,0.6
2025-07-09,2025|07,Campaign #1,22625352639,Mobile devices with full browsers,1,0,0,0,0,
2025-07-09,2025|07,Leads-Search-1,22767146837,Computers,7,0,0,0,0,
2025-07-09,2025|07,Leads-Search-1,22767146837,Mobile devices with full browsers,27,2,2.92,0.0741,1,2.92
2025-07-10,2025|07,Campaign #1,22625352639,Computers,11,0,0,0,0,
2025-07-10,2025|07,Campaign #1,22625352639,Mobile devices with full browsers,6,0,0.0165,0,0,
2025-07-10,2025|07,Leads-Search-1,22767146837,Computers,18,1,0.8929,0.0556,0,
2025-07-10,2025|07,Leads-Search-1,22767146837,Mobile devices with full browsers,55,8,12.2618,0.1455,1,12.2618
2025-07-10,2025|07,Leads-Search-1,22767146837,Tablets with full browsers,1,0,0,0,0,
2025-07-11,2025|07,Campaign #1,22625352639,Computers,33,0,0,0,0,
2025-07-11,2025|07,Campaign #1,22625352639,Mobile devices with full browsers,42,1,0.1621,0.0238,0,
2025-07-11,2025|07,Campaign #1,22625352639,Tablets with full browsers,3,0,0,0,0,
2025-07-11,2025|07,Leads-Search-1,22767146837,Computers,55,2,5.07,0.0364,1,5.07
2025-07-11,2025|07,Leads-Search-1,22767146837,Mobile devices with full browsers,121,10,20.9025,0.0826,2,10.4513
2025-07-11,2025|07,Leads-Search-1,22767146837,Tablets with full browsers,2,1,1.39,0.5,0,
2025-07-12,2025|07,Campaign #1,22625352639,Computers,1,0,0,0,0,
2025-07-12,2025|07,Campaign #1,22625352639,Mobile devices with full browsers,2961,76,23.8087,0.0257,20,1.1904
2025-07-12,2025|07,Campaign #1,22625352639,Tablets with full browsers,17,0,0.1226,0,0,
2025-07-12,2025|07,Leads-Search-1,22767146837,Computers,58,6,19.69,0.1034,2,9.845
2025-07-12,2025|07,Leads-Search-1,22767146837,Mobile devices with full browsers,242,11,40.5547,0.0455,3,13.5182
2025-07-12,2025|07,Leads-Search-1,22767146837,Tablets with full browsers,1,0,0,0,0,
2025-07-13,2025|07,Campaign #1,22625352639,Computers,3,0,0,0,0,
2025-07-13,2025|07,Campaign #1,22625352639,Mobile devices with full browsers,149,2,1.0961,0.0134,1,1.0961
2025-07-13,2025|07,Leads-Search-1,22767146837,Computers,49,3,14.0787,0.0612,0,
2025-07-13,2025|07,Leads-Search-1,22767146837,Mobile devices with full browsers,335,19,71.99,0.0567,5,14.398
2025-07-13,2025|07,Leads-Search-1,22767146837,Tablets with full browsers,5,1,4.2,0.2,0,
2025-07-14,2025|07,Leads-Search-1,22767146837,Computers,157,10,35.63,0.0637,6,5.9383
2025-07-14,2025|07,Leads-Search-1,22767146837,Mobile devices with full browsers,315,11,35.166,0.0349,1,35.166
2025-07-14,2025|07,Leads-Search-1,22767146837,Tablets with full browsers,5,2,5.92,0.4,0,
2025-07-15,2025|07,Leads-Search-1,22767146837,Computers,140,3,10.41,0.0214,0,
2025-07-15,2025|07,Leads-Search-1,22767146837,Mobile devices with full browsers,301,22,59.2442,0.0731,15,3.9496
2025-07-15,2025|07,Leads-Search-1,22767146837,Tablets with full browsers,4,0,0,0,0,
2025-07-16,2025|07,Leads-Search-1,22767146837,Computers,159,11,29.5885,0.0692,6,4.9314
2025-07-16,2025|07,Leads-Search-1,22767146837,Mobile devices with full browsers,278,20,38.92,0.0719,1,38.92
2025-07-16,2025|07,Leads-Search-1,22767146837,Tablets with full browsers,6,0,0,0,0,
2025-07-17,2025|07,Leads-Search-1,22767146837,Computers,115,8,18.3439,0.0696,1,18.3439
2025-07-17,2025|07,Leads-Search-1,22767146837,Mobile devices with full browsers,394,19,40.3103,0.0482,3,13.4368
2025-07-17,2025|07,Leads-Search-1,22767146837,Tablets with full browsers,5,0,0,0,0,
2025-07-18,2025|07,Leads-Search-1,22767146837,Computers,103,7,21.9262,0.068,11,1.9933
2025-07-18,2025|07,Leads-Search-1,22767146837,Mobile devices with full browsers,234,17,41.6921,0.0726,16,2.6058
2025-07-18,2025|07,Leads-Search-1,22767146837,Tablets with full browsers,4,0,0,0,0,
2025-07-19,2025|07,Leads-Search-1,22767146837,Computers,63,4,18.0813,0.0635,0,
2025-07-19,2025|07,Leads-Search-1,22767146837,Mobile devices with full browsers,286,18,33.8114,0.0629,3,11.2705
2025-07-19,2025|07,Leads-Search-1,22767146837,Tablets with full browsers,14,2,8.61,0.1429,0,
2025-07-20,2025|07,Leads-Search-1,22767146837,Computers,52,4,12.4201,0.0769,0,
2025-07-20,2025|07,Leads-Search-1,22767146837,Mobile devices with full browsers,293,20,39.9522,0.0683,12,3.3294
2025-07-20,2025|07,Leads-Search-1,22767146837,Tablets with full browsers,11,0,0,0,0,
2025-07-21,2025|07,Leads-Search-1,22767146837,Computers,107,5,20.8273,0.0467,1,20.8273
2025-07-21,2025|07,Leads-Search-1,22767146837,Mobile devices with full browsers,281,16,47.5428,0.0569,8,5.9428
2025-07-21,2025|07,Leads-Search-1,22767146837,Tablets with full browsers,5,0,0,0,0,
2025-07-22,2025|07,Leads-Search-1,22767146837,Computers,122,10,28.8483,0.082,3,9.6161
2025-07-22,2025|07,Leads-Search-1,22767146837,Mobile devices with full browsers,296,11,23.6877,0.0372,5,4.7375
2025-07-22,2025|07,Leads-Search-1,22767146837,Tablets with full browsers,6,1,0.5,0.1667,0,
2025-07-23,2025|07,Leads-Search-1,22767146837,Computers,9,0,0,0,0,
2025-07-23,2025|07,Leads-Search-1,22767146837,Mobile devices with full browsers,37,3,6.98,0.0811,0,
2025-07-23,2025|07,Leads-Search-1,22767146837,Tablets with full browsers,1,1,1.67,1,0,
2025-08-04,2025|08,Leads-Search-1,22767146837,Computers,53,5,13.66,0.0943,2,6.83
2025-08-04,2025|08,Leads-Search-1,22767146837,Mobile devices with full browsers,79,9,25.4049,0.1139,11,2.3095
2025-08-04,2025|08,Leads-Search-1,22767146837,Tablets with full browsers,5,1,0.6986,0.2,0,
2025-08-05,2025|08,Leads-Search-1,22767146837,Computers,67,5,17.1307,0.0746,3,5.7102
2025-08-05,2025|08,Leads-Search-1,22767146837,Mobile devices with full browsers,196,14,46.8537,0.0714,1,46.8537
2025-08-06,2025|08,Leads-Search-1,22767146837,Computers,123,3,7.53,0.0244,0,
2025-08-06,2025|08,Leads-Search-1,22767146837,Mobile devices with full browsers,284,17,45.5289,0.0599,2,22.7645
2025-08-06,2025|08,Leads-Search-1,22767146837,Tablets with full browsers,1,0,0,0,0,
2025-08-07,2025|08,Leads-Search-1,22767146837,Computers,61,7,16.0179,0.1148,9,1.7798
2025-08-07,2025|08,Leads-Search-1,22767146837,Mobile devices with full browsers,234,15,36.0711,0.0641,8,4.5089
2025-08-07,2025|08,Leads-Search-1,22767146837,Tablets with full browsers,4,0,0,0,0,
2025-08-08,2025|08,Leads-Search-1,22767146837,Computers,65,5,24.1612,0.0769,6,4.0269
2025-08-08,2025|08,Leads-Search-1,22767146837,Mobile devices with full browsers,115,6,19.0528,0.0522,4,4.7632
2025-08-08,2025|08,Leads-Search-1,22767146837,Tablets with full browsers,2,0,0,0,0,
2025-08-09,2025|08,Leads-Search-1,22767146837,Computers,67,6,16.3808,0.0896,1,16.3808
2025-08-09,2025|08,Leads-Search-1,22767146837,Mobile devices with full browsers,234,18,35.4848,0.0769,11,3.2259
2025-08-09,2025|08,Leads-Search-1,22767146837,Tablets with full browsers,2,0,0,0,0,
2025-08-10,2025|08,Leads-Search-1,22767146837,Computers,79,6,13.006,0.0759,1,13.006
2025-08-10,2025|08,Leads-Search-1,22767146837,Mobile devices with full browsers,195,19,42.2081,0.0974,2,21.1041
2025-08-11,2025|08,Leads-Search-1,22767146837,Computers,109,8,17.1612,0.0734,1,17.1612
2025-08-11,2025|08,Leads-Search-1,22767146837,Mobile devices with full browsers,236,15,28.04,0.0636,15,1.8693
2025-08-11,2025|08,Leads-Search-1,22767146837,Tablets with full browsers,9,1,2.7577,0.1111,0,
2025-08-12,2025|08,Leads-Search-1,22767146837,Computers,67,8,19.7318,0.1194,2,9.8659
2025-08-12,2025|08,Leads-Search-1,22767146837,Mobile devices with full browsers,122,11,20.6928,0.0902,0,
2025-08-22,2025|08,Leads-Search-1,22767146837,Mobile devices with full browsers,7,0,0,0,0,
2025-08-23,2025|08,Leads-Search-1,22767146837,Computers,22,1,1.4414,0.0455,0,
2025-08-23,2025|08,Leads-Search-1,22767146837,Mobile devices with full browsers,229,17,36.2478,0.0742,2,18.1239
2025-08-24,2025|08,Leads-Search-1,22767146837,Computers,106,8,18.7471,0.0755,2,9.3735
2025-08-24,2025|08,Leads-Search-1,22767146837,Mobile devices with full browsers,391,23,70.0089,0.0588,4,17.5022
2025-08-24,2025|08,Leads-Search-1,22767146837,Tablets with full browsers,2,0,0,0,0,
2025-08-25,2025|08,Leads-Search-1,22767146837,Computers,99,5,16.5777,0.0505,6,2.7629
2025-08-25,2025|08,Leads-Search-1,22767146837,Mobile devices with full browsers,200,13,24.8119,0.065,9,2.7569
2025-08-25,2025|08,Leads-Search-1,22767146837,Tablets with full browsers,5,0,0,0,0,
2025-08-26,2025|08,Leads-Search-1,22767146837,Computers,61,6,12.78,0.0984,3,4.26
2025-08-26,2025|08,Leads-Search-1,22767146837,Mobile devices with full browsers,121,11,24.4957,0.0909,4,6.1239
2025-08-27,2025|08,Leads-Search-1,22767146837,Computers,3,0,0,0,0,
2025-08-27,2025|08,Leads-Search-1,22767146837,Mobile devices with full browsers,20,3,6.92,0.15,0,
2026-04-27,2026|04,Leads-Search-1,22767146837,Computers,30,2,5.15,0.0667,0,
2026-04-27,2026|04,Leads-Search-1,22767146837,Mobile devices with full browsers,53,6,15.0102,0.1132,0,
2026-04-28,2026|04,Leads-Search-1,22767146837,Computers,94,6,21.9,0.0638,1,21.9
2026-04-28,2026|04,Leads-Search-1,22767146837,Mobile devices with full browsers,164,17,56.2172,0.1037,11,5.1107
2026-04-28,2026|04,Leads-Search-1,22767146837,Tablets with full browsers,1,0,0,0,0,
2026-04-29,2026|04,Leads-Search-1,22767146837,Computers,126,5,15.5524,0.0397,0,
2026-04-29,2026|04,Leads-Search-1,22767146837,Mobile devices with full browsers,293,17,40.5889,0.058,1,40.5889
2026-04-29,2026|04,Leads-Search-1,22767146837,Tablets with full browsers,8,0,0,0,0,
2026-04-30,2026|04,Leads-Search-1,22767146837,Computers,105,3,5.62,0.0286,0,
2026-04-30,2026|04,Leads-Search-1,22767146837,Mobile devices with full browsers,283,12,26.18,0.0424,3,8.7267
2026-04-30,2026|04,Leads-Search-1,22767146837,Tablets with full browsers,3,0,0,0,0,
2026-05-01,2026|05,Leads-Search-1,22767146837,Computers,57,2,6.52,0.0351,1,6.52
2026-05-01,2026|05,Leads-Search-1,22767146837,Mobile devices with full browsers,144,11,28.01,0.0764,0,
2026-05-01,2026|05,Leads-Search-1,22767146837,Tablets with full browsers,4,0,0,0,0,
2026-05-02,2026|05,Leads-Search-1,22767146837,Computers,30,1,2.9271,0.0333,0,
2026-05-02,2026|05,Leads-Search-1,22767146837,Mobile devices with full browsers,116,17,24.974,0.1466,5,4.9948
2026-05-03,2026|05,Leads-Search-1,22767146837,Computers,13,0,0,0,0,
2026-05-03,2026|05,Leads-Search-1,22767146837,Mobile devices with full browsers,162,11,30.3096,0.0679,2,15.1548
2026-05-03,2026|05,Leads-Search-1,22767146837,Tablets with full browsers,1,0,0,0,0,
2026-05-04,2026|05,Leads-Search-1,22767146837,Computers,80,4,15.06,0.05,0,
2026-05-04,2026|05,Leads-Search-1,22767146837,Mobile devices with full browsers,91,7,12.86,0.0769,1,12.86
2026-05-12,2026|05,Leads-Search-1,22767146837,Computers,34,2,2.76,0.0588,1,2.76
2026-05-12,2026|05,Leads-Search-1,22767146837,Mobile devices with full browsers,91,8,16.6808,0.0879,1,16.6808
2026-05-13,2026|05,Leads-Search-1,22767146837,Computers,123,8,22.9913,0.065,7,3.2845
2026-05-13,2026|05,Leads-Search-1,22767146837,Mobile devices with full browsers,160,9,22.85,0.0563,0,
2026-05-13,2026|05,Leads-Search-1,22767146837,Tablets with full browsers,2,0,0,0,0,
2026-05-29,2026|05,PNHdefense-Website traffic-Search-2,23888858069,Computers,3,0,0,0,0,
2026-05-29,2026|05,PNHdefense-Website traffic-Search-2,23888858069,Mobile devices with full browsers,4,0,0,0,0,
2026-05-30,2026|05,Leads-Search-1,22767146837,Computers,2,1,4.301,0.5,2,2.1505
2026-05-30,2026|05,Leads-Search-1,22767146837,Mobile devices with full browsers,7,0,0,0,0,
2026-05-30,2026|05,PNHdefense-Website traffic-Search-2,23888858069,Computers,2,0,0,0,0,
2026-05-30,2026|05,PNHdefense-Website traffic-Search-2,23888858069,Mobile devices with full browsers,6,0,0,0,0,
2026-05-31,2026|05,PNHdefense-Website traffic-Search-2,23888858069,Computers,2,1,0.01,0.5,0,
2026-05-31,2026|05,PNHdefense-Website traffic-Search-2,23888858069,Mobile devices with full browsers,4,0,0,0,0,
2026-06-01,2026|06,PNHdefense-Website traffic-Search-2,23888858069,Computers,4,0,0,0,0,
2026-06-01,2026|06,PNHdefense-Website traffic-Search-2,23888858069,Mobile devices with full browsers,2,0,0,0,0,
2026-06-02,2026|06,PNHdefense-Website traffic-Search-2,23888858069,Mobile devices with full browsers,9,2,10.501,0.2222,0,
2026-06-03,2026|06,PNHdefense-Website traffic-Search-2,23888858069,Computers,6,0,0,0,0,
2026-06-03,2026|06,PNHdefense-Website traffic-Search-2,23888858069,Mobile devices with full browsers,14,0,0,0,0,
2026-06-04,2026|06,PNHdefense-Website traffic-Search-2,23888858069,Computers,8,1,5.38,0.125,0,
2026-06-04,2026|06,PNHdefense-Website traffic-Search-2,23888858069,Mobile devices with full browsers,2,0,0,0,0,
2026-06-05,2026|06,PNHdefense-Website traffic-Search-2,23888858069,Mobile devices with full browsers,4,0,0,0,0,
2026-06-06,2026|06,PNHdefense-Website traffic-Search-2,23888858069,Computers,2,1,3.44,0.5,0,
2026-06-06,2026|06,PNHdefense-Website traffic-Search-2,23888858069,Mobile devices with full browsers,4,1,0.41,0.25,0,
2026-06-07,2026|06,PNHdefense-Website traffic-Search-2,23888858069,Mobile devices with full browsers,4,0,0,0,0,
2026-06-08,2026|06,PNHdefense-Website traffic-Search-2,23888858069,Computers,4,1,3.65,0.25,1,3.65
2026-06-08,2026|06,PNHdefense-Website traffic-Search-2,23888858069,Mobile devices with full browsers,6,2,1.1916,0.3333,0,
2026-06-09,2026|06,PNHdefense-Website traffic-Search-2,23888858069,Mobile devices with full browsers,2,0,0,0,0,
2026-06-10,2026|06,Leads-Search-1,22767146837,Computers,5,0,0,0,0,
2026-06-10,2026|06,Leads-Search-1,22767146837,Mobile devices with full browsers,48,4,24.0592,0.0833,0.02,1202.9602
2026-06-10,2026|06,PNHdefense-Website traffic-Search-2,23888858069,Computers,6,2,6.6355,0.3333,3,2.2118
2026-06-10,2026|06,PNHdefense-Website traffic-Search-2,23888858069,Mobile devices with full browsers,16,1,9.02,0.0625,0,
2026-06-11,2026|06,PNHdefense-Website traffic-Search-2,23888858069,Mobile devices with full browsers,2,1,1.895,0.5,0,
2026-06-12,2026|06,PNHdefense-Website traffic-Search-2,23888858069,Computers,4,0,0,0,0,
2026-06-12,2026|06,PNHdefense-Website traffic-Search-2,23888858069,Mobile devices with full browsers,7,1,7.1989,0.1429,4,1.7997
2026-06-13,2026|06,PNHdefense-Website traffic-Search-2,23888858069,Mobile devices with full browsers,5,1,7.3041,0.2,0,
2026-06-14,2026|06,PNHdefense-Website traffic-Search-2,23888858069,Computers,2,0,0,0,0,
2026-06-15,2026|06,PNHdefense-Website traffic-Search-2,23888858069,Computers,10,1,1.62,0.1,1,1.62
2026-06-15,2026|06,PNHdefense-Website traffic-Search-2,23888858069,Mobile devices with full browsers,10,1,2.38,0.1,0,
2026-06-16,2026|06,PNHdefense-Website traffic-Search-2,23888858069,Computers,6,1,2.69,0.1667,0,
2026-06-16,2026|06,PNHdefense-Website traffic-Search-2,23888858069,Mobile devices with full browsers,5,0,0,0,0,
2026-06-17,2026|06,PNHdefense-Website traffic-Search-2,23888858069,Computers,2,0,0,0,0,
2026-06-17,2026|06,PNHdefense-Website traffic-Search-2,23888858069,Mobile devices with full browsers,4,1,2.25,0.25,0,
2026-06-18,2026|06,PNHdefense-Website traffic-Search-2,23888858069,Computers,6,1,0.77,0.1667,7,0.11
2026-06-18,2026|06,PNHdefense-Website traffic-Search-2,23888858069,Mobile devices with full browsers,21,0,0,0,0,
2026-06-19,2026|06,PNHdefense-Website traffic-Search-2,23888858069,Computers,2,1,0.43,0.5,0,
2026-06-19,2026|06,PNHdefense-Website traffic-Search-2,23888858069,Mobile devices with full browsers,7,2,5.13,0.2857,0,
2026-06-20,2026|06,PNHdefense-Website traffic-Search-2,23888858069,Computers,3,2,4.87,0.6667,0,
2026-06-21,2026|06,PNHdefense-Website traffic-Search-2,23888858069,Mobile devices with full browsers,4,0,0,0,0,
2026-06-22,2026|06,PNHdefense-Website traffic-Search-2,23888858069,Computers,2,1,4.74,0.5,0,
2026-06-22,2026|06,PNHdefense-Website traffic-Search-2,23888858069,Mobile devices with full browsers,2,1,0.71,0.5,0,
2026-06-23,2026|06,PNHdefense-Website traffic-Search-2,23888858069,Computers,3,0,0,0,0,
2026-06-24,2026|06,PNHdefense-Website traffic-Search-2,23888858069,Computers,2,1,2.53,0.5,0,
2026-06-24,2026|06,PNHdefense-Website traffic-Search-2,23888858069,Mobile devices with full browsers,4,0,0,0,0,
2026-06-25,2026|06,PNHdefense-Website traffic-Search-2,23888858069,Computers,2,0,0,0,0,
2026-06-25,2026|06,PNHdefense-Website traffic-Search-2,23888858069,Mobile devices with full browsers,6,2,0.67,0.3333,2,0.335
2026-06-26,2026|06,PNHdefense-Website traffic-Search-2,23888858069,Computers,12,1,1.38,0.0833,3,0.46
2026-06-26,2026|06,PNHdefense-Website traffic-Search-2,23888858069,Mobile devices with full browsers,2,1,0.63,0.5,0,
2026-06-28,2026|06,PNHdefense-Website traffic-Search-2,23888858069,Computers,6,2,12,0.3333,0,
2026-06-29,2026|06,PNHdefense-Website traffic-Search-2,23888858069,Computers,2,0,0,0,0,
2026-06-29,2026|06,PNHdefense-Website traffic-Search-2,23888858069,Mobile devices with full browsers,4,2,11.58,0.5,0,
2026-06-30,2026|06,PNHdefense-Website traffic-Search-2,23888858069,Computers,3,0,0,0,0,
2026-06-30,2026|06,PNHdefense-Website traffic-Search-2,23888858069,Mobile devices with full browsers,4,0,0,0,0,
2026-07-01,2026|07,PNHdefense-Website traffic-Search-2,23888858069,Mobile devices with full browsers,2,0,0,0,0,
2026-07-02,2026|07,PNHdefense-Website traffic-Search-2,23888858069,Computers,2,0,0,0,0,
2026-07-02,2026|07,PNHdefense-Website traffic-Search-2,23888858069,Mobile devices with full browsers,2,1,1.91,0.5,0,
2026-07-03,2026|07,Leads-Search-1,22767146837,Computers,39,0,0,0,0,
2026-07-03,2026|07,Leads-Search-1,22767146837,Mobile devices with full browsers,71,5,13.38,0.0704,1,13.38
2026-07-03,2026|07,PNHdefense-Website traffic-Search-2,23888858069,Computers,2,1,7.32,0.5,0,
2026-07-03,2026|07,PNHdefense-Website traffic-Search-2,23888858069,Mobile devices with full browsers,2,1,1.43,0.5,0,
2026-07-04,2026|07,Leads-Search-1,22767146837,Computers,23,0,0,0,0,
2026-07-04,2026|07,Leads-Search-1,22767146837,Mobile devices with full browsers,120,5,13.39,0.0417,0,
2026-07-04,2026|07,Leads-Search-1,22767146837,Tablets with full browsers,2,0,0,0,0,
2026-07-04,2026|07,PNHdefense-Website traffic-Search-2,23888858069,Computers,2,1,2.32,0.5,0,
2026-07-05,2026|07,Leads-Search-1,22767146837,Computers,17,0,0,0,0,
2026-07-05,2026|07,Leads-Search-1,22767146837,Mobile devices with full browsers,95,4,9.3376,0.0421,1,9.3376
2026-07-05,2026|07,Leads-Search-1,22767146837,Tablets with full browsers,3,3,3.1589,1,0,
2026-07-05,2026|07,PNHdefense-Website traffic-Search-2,23888858069,Computers,2,1,0.86,0.5,0,
2026-07-05,2026|07,PNHdefense-Website traffic-Search-2,23888858069,Mobile devices with full browsers,9,1,2.59,0.1111,2.01,1.2886
2026-07-06,2026|07,Leads-Search-1,22767146837,Computers,103,2,3.84,0.0194,0,
2026-07-06,2026|07,Leads-Search-1,22767146837,Mobile devices with full browsers,97,5,6.22,0.0515,0,
2026-07-07,2026|07,Leads-Search-1,22767146837,Computers,49,3,4.4119,0.0612,1,4.4119
2026-07-07,2026|07,Leads-Search-1,22767146837,Mobile devices with full browsers,40,6,5.3485,0.15,5,1.0697
2026-07-07,2026|07,PNHdefense-Website traffic-Search-2,23888858069,Computers,2,1,7.42,0.5,1,7.42
2026-07-07,2026|07,PNHdefense-Website traffic-Search-2,23888858069,Mobile devices with full browsers,4,1,0.01,0.25,1,0.01
2026-07-08,2026|07,Leads-Search-1,22767146837,Computers,183,6,10.7979,0.0328,2,5.399
2026-07-08,2026|07,Leads-Search-1,22767146837,Mobile devices with full browsers,136,2,2.58,0.0147,0,
2026-07-08,2026|07,PNHdefense-Website traffic-Search-2,23888858069,Computers,5,1,0.49,0.2,0,
2026-07-08,2026|07,PNHdefense-Website traffic-Search-2,23888858069,Mobile devices with full browsers,4,2,3.74,0.5,1.2,3.1167
2026-07-09,2026|07,Leads-Search-1,22767146837,Computers,238,3,7.83,0.0126,1,7.83
2026-07-09,2026|07,Leads-Search-1,22767146837,Mobile devices with full browsers,185,4,6.39,0.0216,1,6.39
2026-07-09,2026|07,Leads-Search-1,22767146837,Tablets with full browsers,1,0,0,0,0,
2026-07-10,2026|07,Leads-Search-1,22767146837,Computers,124,2,7.02,0.0161,0,
2026-07-10,2026|07,Leads-Search-1,22767146837,Mobile devices with full browsers,207,8,8.54,0.0386,1,8.54
2026-07-10,2026|07,Leads-Search-1,22767146837,Tablets with full browsers,1,0,0,0,0,
2026-07-10,2026|07,PNHdefense-Website traffic-Search-2,23888858069,Mobile devices with full browsers,5,1,0.59,0.2,0,
2026-07-11,2026|07,Leads-Search-1,22767146837,Computers,74,0,0,0,1,0
2026-07-11,2026|07,Leads-Search-1,22767146837,Mobile devices with full browsers,157,7,11.56,0.0446,5,2.312
2026-07-11,2026|07,Leads-Search-1,22767146837,Tablets with full browsers,1,0,0,0,0,
2026-07-11,2026|07,PNHdefense-Website traffic-Search-2,23888858069,Mobile devices with full browsers,2,1,1.3,0.5,0,
2026-07-12,2026|07,Leads-Search-1,22767146837,Computers,75,2,3.2492,0.0267,0,
2026-07-12,2026|07,Leads-Search-1,22767146837,Mobile devices with full browsers,225,11,11.4657,0.0489,0,
2026-07-12,2026|07,Leads-Search-1,22767146837,Tablets with full browsers,3,0,0,0,0,
2026-07-12,2026|07,PNHdefense-Website traffic-Search-2,23888858069,Mobile devices with full browsers,4,1,1.02,0.25,0,
2026-07-13,2026|07,Leads-Search-1,22767146837,Computers,170,5,10.91,0.0294,1,10.91
2026-07-13,2026|07,Leads-Search-1,22767146837,Mobile devices with full browsers,168,9,10.2282,0.0536,0,
2026-07-13,2026|07,PNHdefense-Website traffic-Search-2,23888858069,Computers,2,1,1.15,0.5,0,
2026-07-13,2026|07,PNHdefense-Website traffic-Search-2,23888858069,Mobile devices with full browsers,4,2,8.51,0.5,0,
2026-07-14,2026|07,Leads-Search-1,22767146837,Computers,121,2,4.41,0.0165,0,
2026-07-14,2026|07,Leads-Search-1,22767146837,Mobile devices with full browsers,162,13,16.8235,0.0802,2.02,8.3285
2026-07-14,2026|07,Leads-Search-1,22767146837,Tablets with full browsers,1,0,0,0,0,
2026-07-14,2026|07,PNHdefense-Website traffic-Search-2,23888858069,Computers,2,0,0,0,0,
2026-07-14,2026|07,PNHdefense-Website traffic-Search-2,23888858069,Mobile devices with full browsers,3,0,0,0,0,
2026-07-15,2026|07,Leads-Search-1,22767146837,Computers,67,3,3.8,0.0448,0,
2026-07-15,2026|07,Leads-Search-1,22767146837,Mobile devices with full browsers,68,4,4.1515,0.0588,0,
2026-07-15,2026|07,PNHdefense-Website traffic-Search-2,23888858069,Computers,1,0,0,0,0,
2026-07-15,2026|07,PNHdefense-Website traffic-Search-2,23888858069,Mobile devices with full browsers,5,2,0.62,0.4,0,
2026-07-16,2026|07,Leads-Search-1,22767146837,Computers,129,3,4.56,0.0233,0,
2026-07-16,2026|07,Leads-Search-1,22767146837,Mobile devices with full browsers,128,10,10.9455,0.0781,0,
2026-07-16,2026|07,Leads-Search-1,22767146837,Tablets with full browsers,2,0,0,0,0,
2026-07-16,2026|07,PNHdefense-Website traffic-Search-2,23888858069,Computers,2,1,0.86,0.5,0,
2026-07-16,2026|07,PNHdefense-Website traffic-Search-2,23888858069,Mobile devices with full browsers,2,1,1.54,0.5,0,
2026-07-17,2026|07,Leads-Search-1,22767146837,Computers,26,2,6.28,0.0769,0,
2026-07-17,2026|07,Leads-Search-1,22767146837,Mobile devices with full browsers,64,10,31.4789,0.1563,0,
2026-07-17,2026|07,Leads-Search-1,22767146837,Tablets with full browsers,1,0,0,0,0,
2026-07-17,2026|07,PNHdefense-Website traffic-Search-2,23888858069,Mobile devices with full browsers,3,1,0.11,0.3333,0,
2026-07-18,2026|07,Leads-Search-1,22767146837,Computers,26,2,2.2019,0.0769,2,1.101
2026-07-18,2026|07,Leads-Search-1,22767146837,Mobile devices with full browsers,170,10,26.6999,0.0588,1,26.6999
2026-07-18,2026|07,Leads-Search-1,22767146837,Tablets with full browsers,2,1,1.42,0.5,0,
2026-07-18,2026|07,PNHdefense-Website traffic-Search-2,23888858069,Mobile devices with full browsers,2,2,0.54,1,0,
2026-07-19,2026|07,Leads-Search-1,22767146837,Computers,9,2,4.2,0.2222,0,
2026-07-19,2026|07,Leads-Search-1,22767146837,Mobile devices with full browsers,80,7,27.9711,0.0875,1,27.9711
2026-07-19,2026|07,PNHdefense-Website traffic-Search-2,23888858069,Mobile devices with full browsers,16,4,2.18,0.25,0,
2026-07-20,2026|07,Leads-Search-1,22767146837,Computers,58,2,2.97,0.0345,1,2.97
2026-07-20,2026|07,Leads-Search-1,22767146837,Mobile devices with full browsers,129,11,20.5901,0.0853,0,
2026-07-20,2026|07,PNHdefense-Website traffic-Search-2,23888858069,Computers,2,0,0,0,0,
2026-07-20,2026|07,PNHdefense-Website traffic-Search-2,23888858069,Mobile devices with full browsers,2,2,0.53,1,0,
2026-07-21,2026|07,Leads-Search-1,22767146837,Computers,78,1,2.2,0.0128,0,
2026-07-21,2026|07,Leads-Search-1,22767146837,Mobile devices with full browsers,159,11,20.1126,0.0692,1.98,10.1579
2026-07-22,2026|07,Leads-Search-1,22767146837,Computers,39,3,3.32,0.0769,0,
2026-07-22,2026|07,Leads-Search-1,22767146837,Mobile devices with full browsers,72,9,20.3755,0.125,0,
2026-07-22,2026|07,Leads-Search-1,22767146837,Tablets with full browsers,1,0,0,0,0,
2026-07-23,2026|07,Leads-Search-1,22767146837,Computers,8,0,0,0,0,
2026-07-23,2026|07,Leads-Search-1,22767146837,Mobile devices with full browsers,47,5,26.1341,0.1064,0,
2026-07-24,2026|07,Leads-Search-1,22767146837,Computers,46,7,15.98,0.1522,1,15.98
2026-07-24,2026|07,Leads-Search-1,22767146837,Mobile devices with full browsers,70,5,9.51,0.0714,0,
2026-07-24,2026|07,Leads-Search-1,22767146837,Tablets with full browsers,3,0,0,0,0,
2026-07-25,2026|07,Leads-Search-1,22767146837,Computers,57,4,16.08,0.0702,2,8.04
2026-07-25,2026|07,Leads-Search-1,22767146837,Mobile devices with full browsers,161,7,13.6247,0.0435,3,4.5416
2026-07-25,2026|07,Leads-Search-1,22767146837,Tablets with full browsers,5,0,0,0,0,
2026-07-26,2026|07,Leads-Search-1,22767146837,Computers,42,2,10.22,0.0476,0,
2026-07-26,2026|07,Leads-Search-1,22767146837,Mobile devices with full browsers,145,6,20.9747,0.0414,0,
2026-07-26,2026|07,Leads-Search-1,22767146837,Tablets with full browsers,1,0,0,0,0,
2026-07-27,2026|07,Leads-Search-1,22767146837,Computers,97,2,1.1,0.0206,0,
2026-07-27,2026|07,Leads-Search-1,22767146837,Mobile devices with full browsers,86,9,19.7665,0.1047,2,9.8833
2026-07-28,2026|07,Leads-Search-1,22767146837,Computers,86,4,7.44,0.0465,0,
2026-07-28,2026|07,Leads-Search-1,22767146837,Mobile devices with full browsers,104,11,14.3661,0.1058,1,14.3661
2026-07-29,2026|07,Leads-Search-1,22767146837,Computers,170,7,12.4277,0.0412,2,6.2139
2026-07-29,2026|07,Leads-Search-1,22767146837,Mobile devices with full browsers,181,12,26.6926,0.0663,4,6.6731
2026-07-29,2026|07,Leads-Search-1,22767146837,Tablets with full browsers,3,0,0,0,0,
2026-07-30,2026|07,Leads-Search-1,22767146837,Computers,101,1,2.27,0.0099,0,
2026-07-30,2026|07,Leads-Search-1,22767146837,Mobile devices with full browsers,372,15,35.4037,0.0403,1,35.4037
2026-07-30,2026|07,Leads-Search-1,22767146837,Tablets with full browsers,6,1,0.5,0.1667,1,0.5
2026-07-31,2026|07,Leads-Search-1,22767146837,Computers,88,2,4.32,0.0227,0,
2026-07-31,2026|07,Leads-Search-1,22767146837,Mobile devices with full browsers,214,11,25.31,0.0514,0,
2026-07-31,2026|07,Leads-Search-1,22767146837,Tablets with full browsers,4,0,0,0,0,
2026-08-01,2026|08,Leads-Search-1,22767146837,Computers,38,1,1.185,0.0263,1,1.185
2026-08-01,2026|08,Leads-Search-1,22767146837,Mobile devices with full browsers,294,17,35.09,0.0578,0,
2026-08-01,2026|08,Leads-Search-1,22767146837,Tablets with full browsers,4,0,0,0,0,
2026-08-02,2026|08,Leads-Search-1,22767146837,Computers,31,1,2.27,0.0323,0,
2026-08-02,2026|08,Leads-Search-1,22767146837,Mobile devices with full browsers,188,15,33.98,0.0798,4,8.495
2026-08-02,2026|08,Leads-Search-1,22767146837,Tablets with full browsers,5,1,0.79,0.2,0,
2026-08-03,2026|08,Leads-Search-1,22767146837,Computers,85,3,6.71,0.0353,0,
2026-08-03,2026|08,Leads-Search-1,22767146837,Mobile devices with full browsers,266,15,30.9048,0.0564,0.02,1545.2407
2026-08-03,2026|08,Leads-Search-1,22767146837,Tablets with full browsers,8,0,0,0,0,
2026-08-04,2026|08,Leads-Search-1,22767146837,Computers,82,7,12.75,0.0854,0,
2026-08-04,2026|08,Leads-Search-1,22767146837,Mobile devices with full browsers,232,13,23.4487,0.056,0.98,23.9272
2026-08-04,2026|08,Leads-Search-1,22767146837,Tablets with full browsers,6,0,0,0,0,
2026-08-05,2026|08,Leads-Search-1,22767146837,Computers,83,2,3.57,0.0241,0,
2026-08-05,2026|08,Leads-Search-1,22767146837,Mobile devices with full browsers,257,15,32.7116,0.0584,2,16.3558
2026-08-05,2026|08,Leads-Search-1,22767146837,Tablets with full browsers,7,0,0,0,0,
2026-08-06,2026|08,Leads-Search-1,22767146837,Computers,92,2,4.52,0.0217,0,
2026-08-06,2026|08,Leads-Search-1,22767146837,Mobile devices with full browsers,342,13,30.199,0.038,2,15.0995
2026-08-06,2026|08,Leads-Search-1,22767146837,Tablets with full browsers,5,1,2.81,0.2,0,
2026-08-07,2026|08,Leads-Search-1,22767146837,Computers,28,2,5.12,0.0714,0,
2026-08-07,2026|08,Leads-Search-1,22767146837,Mobile devices with full browsers,159,15,30.7196,0.0943,0,
2026-08-07,2026|08,Leads-Search-1,22767146837,Tablets with full browsers,2,1,0.55,0.5,0,
2026-08-08,2026|08,Leads-Search-1,22767146837,Computers,35,1,2.2,0.0286,0,
2026-08-08,2026|08,Leads-Search-1,22767146837,Mobile devices with full browsers,207,12,25.6533,0.058,1,25.6533
2026-08-08,2026|08,Leads-Search-1,22767146837,Tablets with full browsers,8,2,1.19,0.25,0,
2026-08-09,2026|08,Leads-Search-1,22767146837,Computers,8,0,0,0,0,
2026-08-09,2026|08,Leads-Search-1,22767146837,Mobile devices with full browsers,62,9,27.5829,0.1452,0,
2026-08-09,2026|08,Leads-Search-1,22767146837,Tablets with full browsers,2,0,0,0,0,
2026-08-10,2026|08,Leads-Search-1,22767146837,Computers,37,3,5.28,0.0811,0,
2026-08-10,2026|08,Leads-Search-1,22767146837,Mobile devices with full browsers,89,6,15.455,0.0674,1,15.455
2026-08-10,2026|08,Leads-Search-1,22767146837,Tablets with full browsers,3,1,4.5142,0.3333,1,4.5142
2026-08-11,2026|08,Leads-Search-1,22767146837,Computers,43,2,2.0941,0.0465,0,
2026-08-11,2026|08,Leads-Search-1,22767146837,Mobile devices with full browsers,75,14,24.0044,0.1867,1,24.0044
2026-08-12,2026|08,Leads-Search-1,22767146837,Computers,54,4,8.91,0.0741,0,
2026-08-12,2026|08,Leads-Search-1,22767146837,Mobile devices with full browsers,145,9,15.53,0.0621,2,7.765
2026-08-12,2026|08,Leads-Search-1,22767146837,Tablets with full browsers,1,0,0,0,0,
2026-08-13,2026|08,Leads-Search-1,22767146837,Computers,44,1,2.88,0.0227,1,2.88
2026-08-13,2026|08,Leads-Search-1,22767146837,Mobile devices with full browsers,185,13,24.7445,0.0703,1,24.7445
2026-08-13,2026|08,Leads-Search-1,22767146837,Tablets with full browsers,5,0,0,0,0,
2026-08-14,2026|08,Leads-Search-1,22767146837,Computers,39,0,0,0,0,
2026-08-14,2026|08,Leads-Search-1,22767146837,Mobile devices with full browsers,231,11,22.9389,0.0476,0,
2026-08-14,2026|08,Leads-Search-1,22767146837,Tablets with full browsers,4,0,0,0,0,
2026-08-15,2026|08,Leads-Search-1,22767146837,Computers,24,3,7.35,0.125,0,
2026-08-15,2026|08,Leads-Search-1,22767146837,Mobile devices with full browsers,221,7,10.68,0.0317,0,
2026-08-15,2026|08,Leads-Search-1,22767146837,Tablets with full browsers,9,0,0,0,0,
2026-08-16,2026|08,Leads-Search-1,22767146837,Computers,12,1,3.61,0.0833,0,
2026-08-16,2026|08,Leads-Search-1,22767146837,Mobile devices with full browsers,114,7,13.8,0.0614,0,
2026-08-16,2026|08,Leads-Search-1,22767146837,Tablets with full browsers,7,0,0,0,0,
2026-08-17,2026|08,Leads-Search-1,22767146837,Computers,22,1,1.02,0.0455,0,
2026-08-17,2026|08,Leads-Search-1,22767146837,Mobile devices with full browsers,77,11,23.3897,0.1429,1,23.3897
2026-08-17,2026|08,Leads-Search-1,22767146837,Tablets with full browsers,4,0,0,0,0,
2026-08-18,2026|08,Leads-Search-1,22767146837,Computers,14,0,0,0,0,
2026-08-18,2026|08,Leads-Search-1,22767146837,Mobile devices with full browsers,79,9,14.9827,0.1139,0,
2026-08-18,2026|08,Leads-Search-1,22767146837,Tablets with full browsers,1,0,0,0,0,
2026-08-19,2026|08,Leads-Search-1,22767146837,Computers,26,2,4.82,0.0769,0,
2026-08-19,2026|08,Leads-Search-1,22767146837,Mobile devices with full browsers,109,6,11.83,0.055,1,11.83
2026-08-19,2026|08,Leads-Search-1,22767146837,Tablets with full browsers,3,0,0,0,0,
2026-08-20,2026|08,Leads-Search-1,22767146837,Computers,27,1,1.41,0.037,0,
2026-08-20,2026|08,Leads-Search-1,22767146837,Mobile devices with full browsers,71,2,3.61,0.0282,0,
2026-08-20,2026|08,Leads-Search-1,22767146837,Tablets with full browsers,4,2,6.28,0.5,0,
2026-08-21,2026|08,Leads-Search-1,22767146837,Computers,43,0,0,0,0,
2026-08-21,2026|08,Leads-Search-1,22767146837,Mobile devices with full browsers,133,5,12.28,0.0376,1,12.28
2026-08-21,2026|08,Leads-Search-1,22767146837,Tablets with full browsers,3,0,0,0,0,
2026-08-22,2026|08,Leads-Search-1,22767146837,Computers,9,1,2.36,0.1111,0,
2026-08-22,2026|08,Leads-Search-1,22767146837,Mobile devices with full browsers,42,3,7.98,0.0714,0,
2026-08-22,2026|08,Leads-Search-1,22767146837,Tablets with full browsers,1,0,0,0,0,
2026-08-23,2026|08,Leads-Search-1,22767146837,Computers,12,0,0,0,0,
2026-08-23,2026|08,Leads-Search-1,22767146837,Mobile devices with full browsers,53,5,11.406,0.0943,0,
2026-08-23,2026|08,Leads-Search-1,22767146837,Tablets with full browsers,2,0,0,0,0,
2026-08-24,2026|08,Leads-Search-1,22767146837,Computers,24,2,3.28,0.0833,0,
2026-08-24,2026|08,Leads-Search-1,22767146837,Mobile devices with full browsers,69,4,8.6264,0.058,1,8.6264
2026-08-24,2026|08,Leads-Search-1,22767146837,Tablets with full browsers,1,0,0,0,0,
2026-08-25,2026|08,Leads-Search-1,22767146837,Computers,31,2,3.93,0.0645,0,
2026-08-25,2026|08,Leads-Search-1,22767146837,Mobile devices with full browsers,58,3,6.4374,0.0517,0,
2026-08-25,2026|08,Leads-Search-1,22767146837,Tablets with full browsers,1,0,0,0,0,
2026-08-26,2026|08,Leads-Search-1,22767146837,Computers,38,0,0,0,0,
2026-08-26,2026|08,Leads-Search-1,22767146837,Mobile devices with full browsers,158,7,11.13,0.0443,0,
2026-08-26,2026|08,Leads-Search-1,22767146837,Tablets with full browsers,1,0,0,0,0,
2026-08-27,2026|08,Leads-Search-1,22767146837,Computers,53,1,1.69,0.0189,0,
2026-08-27,2026|08,Leads-Search-1,22767146837,Mobile devices with full browsers,179,3,6.58,0.0168,0,
2026-08-28,2026|08,Leads-Search-1,22767146837,Computers,11,0,0,0,0,
2026-08-28,2026|08,Leads-Search-1,22767146837,Mobile devices with full browsers,70,5,8.93,0.0714,0,
2026-08-28,2026|08,Leads-Search-1,22767146837,Tablets with full browsers,2,0,0,0,0,
2026-08-29,2026|08,Leads-Search-1,22767146837,Computers,11,0,0,0,0,
2026-08-29,2026|08,Leads-Search-1,22767146837,Mobile devices with full browsers,74,4,8.98,0.0541,0,
2026-08-30,2026|08,Leads-Search-1,22767146837,Computers,12,0,0,0,0,
2026-08-30,2026|08,Leads-Search-1,22767146837,Mobile devices with full browsers,50,3,7.57,0.06,0,
2026-08-30,2026|08,Leads-Search-1,22767146837,Tablets with full browsers,1,0,0,0,0,
2026-08-31,2026|08,Leads-Search-1,22767146837,Computers,24,0,0,0,0,
2026-08-31,2026|08,Leads-Search-1,22767146837,Mobile devices with full browsers,53,3,7.57,0.0566,0,
2026-09-01,2026|09,Leads-Search-1,22767146837,Computers,58,1,1.8,0.0172,0,
2026-09-01,2026|09,Leads-Search-1,22767146837,Mobile devices with full browsers,198,7,11.87,0.0354,0,
2026-09-02,2026|09,Leads-Search-1,22767146837,Computers,55,1,1.69,0.0182,1,1.69
2026-09-02,2026|09,Leads-Search-1,22767146837,Mobile devices with full browsers,122,5,12.17,0.041,0,
2026-09-02,2026|09,Leads-Search-1,22767146837,Tablets with full browsers,1,0,0,0,0,
2026-09-03,2026|09,Leads-Search-1,22767146837,Computers,51,1,1.57,0.0196,0,
2026-09-03,2026|09,Leads-Search-1,22767146837,Mobile devices with full browsers,132,6,11.83,0.0455,0,
2026-09-03,2026|09,Leads-Search-1,22767146837,Tablets with full browsers,1,0,0,0,0,
2026-09-04,2026|09,Leads-Search-1,22767146837,Computers,55,1,1.73,0.0182,0,
2026-09-04,2026|09,Leads-Search-1,22767146837,Mobile devices with full browsers,233,8,16.05,0.0343,0,
2026-09-04,2026|09,Leads-Search-1,22767146837,Tablets with full browsers,3,0,0,0,0,
2026-09-05,2026|09,Leads-Search-1,22767146837,Computers,4,1,2.84,0.25,0,
2026-09-05,2026|09,Leads-Search-1,22767146837,Mobile devices with full browsers,74,4,8.07,0.0541,0,
2026-09-05,2026|09,Leads-Search-1,22767146837,Tablets with full browsers,1,0,0,0,0,
2026-09-06,2026|09,Leads-Search-1,22767146837,Computers,5,0,0,0,0,
2026-09-06,2026|09,Leads-Search-1,22767146837,Mobile devices with full browsers,102,5,10.49,0.049,0,
2026-09-06,2026|09,Leads-Search-1,22767146837,Tablets with full browsers,3,0,0,0,0,
2026-09-07,2026|09,Leads-Search-1,22767146837,Computers,27,2,5.62,0.0741,0,
2026-09-07,2026|09,Leads-Search-1,22767146837,Mobile devices with full browsers,157,3,5.2362,0.0191,0,
2026-09-07,2026|09,Leads-Search-1,22767146837,Tablets with full browsers,6,0,0,0,0,
2026-09-08,2026|09,Leads-Search-1,22767146837,Computers,18,2,4.81,0.1111,0,
2026-09-08,2026|09,Leads-Search-1,22767146837,Mobile devices with full browsers,28,3,6.69,0.1071,0,
2026-09-08,2026|09,Leads-Search-1,22767146837,Tablets with full browsers,1,0,0,0,0,
