Campaignname,Adgroupname,Searchterm,Keyword,Matchtype,QueryTargetingStatus,Impressions,Clicks,Cost,Ctr,CPC,Conversions,ConversionRate,CostPerConversion
PNHdefense-Website traffic-Search-2,Ad group 1,panka natural health,panka natural health,exact,Added,247,36,54.2071,0.1457,1.5058,18,0.5,3.0115
Leads-Search-1,Functional & Integrative Medicine,functional medicine,functional medicine,exact,Added,129,5,9.1,0.0388,1.82,0,0,
Leads-Search-1,Ad group 1,naturopathic doctor near me,naturopathic doctor near me,exact,Added,120,11,27.8646,0.0917,2.5331,11.5,1.0455,2.423
Leads-Search-1,Ad group 1,naturopathic doctor minneapolis,naturopathic doctor Minneapolis,exact,Added,118,11,38.3419,0.0932,3.4856,8.5,0.7727,4.5108
Leads-Search-1,Ad group 1,naturopathic doctor,naturopathic doctor near me,exact (close variant),None,106,6,11.102,0.0566,1.8503,0,0,
Leads-Search-1,Ad group 1,functional medicine doctor,holistic dr near me,broad,None,92,6,18.662,0.0652,3.1103,6,1,3.1103
Leads-Search-1,Ad group 1,holistic doctor near me,naturopathic doctor near me,exact (close variant),None,77,9,28.9813,0.1169,3.2201,3,0.3333,9.6604
Leads-Search-1,Ad group 1,functional medicine doctor near me,naturopathic doctor near me,broad,None,60,4,7.8518,0.0667,1.9629,1,0.25,7.8518
Leads-Search-1,Geo-Qualified — Hopkins & West Metro,naturopathic doctor minneapolis,naturopathic doctor Minneapolis,exact,Added,51,3,6.83,0.0588,2.2767,0,0,
Leads-Search-1,Ad group 1,integrative medicine near me,integrative medicine near me,exact,Added,45,3,8.71,0.0667,2.9033,0,0,
Leads-Search-1,Functional & Integrative Medicine,functional medicine near me,functional medicine near me,exact,Added,41,4,10.12,0.0976,2.53,1.98,0.495,5.1111
Leads-Search-1,Ad group 1,holistic doctor near me,holistic dr near me,exact (close variant),None,39,3,9,0.0769,3,4,1.3333,2.25
Leads-Search-1,Ad group 1,functional medicine doctor near me,holistic dr near me,broad,None,38,3,7.4951,0.0789,2.4984,1,0.3333,7.4951
Leads-Search-1,Ad group 1,functional medicine,holistic dr near me,broad,Added,35,2,9.14,0.0571,4.57,1,0.5,9.14
Leads-Search-1,Ad group 1,functional medicine doctor minneapolis,holistic dr near me,broad,None,33,1,5.12,0.0303,5.12,7,7,0.7314
Leads-Search-1,Ad group 1,holistic doctors near me,naturopathic doctor near me,exact (close variant),None,26,4,12.8103,0.1538,3.2026,1,0.25,12.8103
Leads-Search-1,Ad group 1,naturopath near me,naturopathic doctor near me,exact (close variant),None,26,2,9.24,0.0769,4.62,1,0.5,9.24
Leads-Search-1,Naturopath Near Me — Core,naturopathic doctor near me,naturopathic dr near me,exact (close variant),Added,26,2,2.8781,0.0769,1.439,0,0,
Leads-Search-1,Ad group 1,herbalist near me,holistic dr near me,broad,None,24,2,1.83,0.0833,0.915,0,0,
Leads-Search-1,Ad group 1,functional medicine,functional medicine,exact,Added,23,1,12.2552,0.0435,12.2552,0.02,0.02,612.7593
Leads-Search-1,Ad group 1,functional medicine,naturopathic doctor near me,broad,Added,23,1,2.22,0.0435,2.22,0,0,
Leads-Search-1,Ad group 1,holistic medicine minneapolis,holistic medicine Minneapolis,exact,Added,21,2,4.84,0.0952,2.42,0,0,
Leads-Search-1,Ad group 1,functional medicine,integrative medicine near me,broad,Added,20,1,4.09,0.05,4.09,0,0,
Leads-Search-1,Ad group 1,functional medicine doctor minneapolis,naturopathic doctor near me,broad,None,20,1,2.11,0.05,2.11,0,0,
Leads-Search-1,Naturopath Near Me — Core,naturopathic doctor near me,naturopathic doctor near me,exact,Added,20,5,7.98,0.25,1.596,0,0,
Leads-Search-1,Ad group 1,functional medicine doctor,naturopathic doctor near me,broad,None,18,1,5.9977,0.0556,5.9977,0,0,
Leads-Search-1,Ad group 1,park nicollet,naturopathic doctor Minneapolis,broad,Excluded,18,1,2.37,0.0556,2.37,0,0,
Leads-Search-1,Ad group 1,doctor that specializes in diseases,holistic dr near me,broad,None,17,3,4,0.1765,1.3333,0,0,
Leads-Search-1,Functional & Integrative Medicine,functional medicine doctor near me,functional medicine near me,exact (close variant),None,17,2,3.38,0.1176,1.69,0,0,
Leads-Search-1,Ad group 1,integrative medicine,holistic dr near me,broad,None,16,3,8.4194,0.1875,2.8065,1,0.3333,8.4194
Leads-Search-1,Ad group 1,functional medicine near me,functional medicine near me,exact,Added,15,2,4.07,0.1333,2.035,0,0,
Leads-Search-1,Ad group 1,holistic doctor,holistic dr near me,exact (close variant),None,15,1,2.71,0.0667,2.71,0,0,
Leads-Search-1,Ad group 1,homeopathic doctors near me,holistic dr near me,phrase (close variant),None,15,2,5.15,0.1333,2.575,0,0,
Leads-Search-1,Ad group 1,functional medicine doctor near me,integrative medicine near me,broad,None,14,3,9.68,0.2143,3.2267,3,1,3.2267
Leads-Search-1,Ad group 1,functional medicine doctors,holistic dr near me,broad,None,13,1,3.88,0.0769,3.88,0,0,
Leads-Search-1,Men's Health,men's health,men's health doctor near me,broad,None,13,1,0.15,0.0769,0.15,0,0,
Leads-Search-1,Ad group 1,integrative health,holistic dr near me,broad,None,12,1,3.52,0.0833,3.52,0,0,
Leads-Search-1,Ad group 1,holistic pediatrician near me,naturopathic doctor near me,broad,None,11,1,1.69,0.0909,1.69,0,0,
Leads-Search-1,Ad group 1,homeopathic medicine near me,holistic dr near me,broad,None,11,1,2.3662,0.0909,2.3662,0,0,
Leads-Search-1,Naturopath Near Me — Core,holistic doctor near me,holistic dr near me,exact (close variant),None,11,2,3.65,0.1818,1.825,0,0,
Leads-Search-1,Ad group 1,colon cleanse near me,holistic dr near me,broad,None,10,1,1.05,0.1,1.05,1,1,1.05
Leads-Search-1,Ad group 1,functional doctor near me,holistic dr near me,broad,None,10,1,5.18,0.1,5.18,0,0,
Leads-Search-1,Ad group 1,functional medicine doctor,natural pediatrician near me,broad,None,10,1,3.31,0.1,3.31,0,0,
Leads-Search-1,Ad group 1,functional medicine doctor minneapolis,integrative medicine near me,broad,None,10,2,3.986,0.2,1.993,1,0.5,3.986
Leads-Search-1,Ad group 1,functional medicine doctor minneapolis,holistic medicine Minneapolis,phrase (close variant),None,9,1,5.89,0.1111,5.89,0,0,
Leads-Search-1,Ad group 1,functional medicine minneapolis,naturopathic doctor near me,broad,None,9,1,4.79,0.1111,4.79,0,0,
Leads-Search-1,Ad group 1,holistic fertility doctor near me,holistic dr near me,phrase (close variant),None,9,1,2.78,0.1111,2.78,1,1,2.78
Leads-Search-1,Ad group 1,holistic pediatrician near me,integrative medicine near me,phrase (close variant),None,9,2,3.66,0.2222,1.83,0,0,
Leads-Search-1,Ad group 1,wellness minneapolis,holistic dr near me,broad,None,9,1,3.6665,0.1111,3.6665,0,0,
Leads-Search-1,Functional & Integrative Medicine,function health,functional medicine,phrase (close variant),Excluded,9,1,4.2405,0.1111,4.2405,0,0,
Leads-Search-1,Men's Health,severe daytime sleepiness,adrenal fatigue doctor near me,broad,None,9,3,2.935,0.3333,0.9783,2,0.6667,1.4675
Leads-Search-1,Women's Health & Hormones,menopause symptoms,women's health naturopath,broad,None,9,1,2.88,0.1111,2.88,0,0,
Leads-Search-1,Ad group 1,craniosacral therapy near me,holistic dr near me,broad,None,8,2,4.02,0.25,2.01,0,0,
Leads-Search-1,Ad group 1,functional medicine doctor,integrative medicine near me,broad,None,8,1,5.69,0.125,5.69,1,1,5.69
Leads-Search-1,Ad group 1,naturopath,naturopathic doctor near me,broad,None,8,1,1.6093,0.125,1.6093,0,0,
Leads-Search-1,Women's Health & Hormones,pcos treatment,women's health naturopath,broad,None,8,1,1.23,0.125,1.23,0,0,
Leads-Search-1,Ad group 1,energy healing near me,holistic dr near me,broad,None,7,2,5.06,0.2857,2.53,0,0,
Leads-Search-1,Ad group 1,functional medicine,holistic medicine Minneapolis,broad,Added,7,1,3.6825,0.1429,3.6825,0,0,
Leads-Search-1,Ad group 1,functional medicine maple grove,naturopathic doctor near me,broad,None,7,3,7.07,0.4286,2.3567,1,0.3333,7.07
Leads-Search-1,Ad group 1,homeopathic doctors near me,naturopathic doctor near me,phrase (close variant),None,7,1,3.58,0.1429,3.58,0,0,
Leads-Search-1,Functional & Integrative Medicine,holistic medicine,functional medicine,broad,None,7,2,4.51,0.2857,2.255,0,0,
Leads-Search-1,Functional & Integrative Medicine,integrative medicine,functional medicine near me,broad,None,7,2,3.23,0.2857,1.615,0,0,
Leads-Search-1,Ad group 1,allergist near me,holistic dr near me,broad,None,6,2,6.6167,0.3333,3.3084,1,0.5,6.6167
Leads-Search-1,Ad group 1,colon hydrotherapy minneapolis,holistic dr near me,broad,None,6,1,1.79,0.1667,1.79,0,0,
Leads-Search-1,Ad group 1,doctor of osteopathic medicine near me,integrative medicine near me,broad,None,6,1,1.57,0.1667,1.57,0,0,
Leads-Search-1,Ad group 1,functional health doctor near me,naturopathic dr near me,broad,None,6,1,5.9,0.1667,5.9,0,0,
Leads-Search-1,Ad group 1,functional medicine clinic near me,functional medicine clinic near me,exact,Added,6,1,2.73,0.1667,2.73,0,0,
Leads-Search-1,Ad group 1,holistic doctor minneapolis,naturopathic doctor near me,broad,None,6,2,4.7,0.3333,2.35,4,2,1.175
Leads-Search-1,Ad group 1,holistic health near me,holistic dr near me,exact (close variant),None,6,1,1.06,0.1667,1.06,0,0,
Leads-Search-1,Ad group 1,menopause doctor near me,holistic dr near me,broad,None,6,1,6.85,0.1667,6.85,0,0,
Leads-Search-1,Ad group 1,natural medicine doctors near me,naturopathic doctor near me,exact (close variant),None,6,2,3.78,0.3333,1.89,0,0,
Leads-Search-1,Ad group 1,naturopathic doctors near me,naturopathic doctor near me,exact (close variant),None,6,1,4.301,0.1667,4.301,2,2,2.1505
Leads-Search-1,Ad group 1,naturopathic md,naturopathic doctor near me,exact (close variant),None,6,1,4.36,0.1667,4.36,0,0,
Leads-Search-1,Functional & Integrative Medicine,functional medicine doctors near me,functional medicine doctors near me,exact,Added,6,1,1.74,0.1667,1.74,0,0,
Leads-Search-1,Functional & Integrative Medicine,functional medicine st paul,functional medicine,phrase,None,6,1,1.0663,0.1667,1.0663,0,0,
Leads-Search-1,Functional & Integrative Medicine,integrative medicine,integrative medicine near me,broad,None,6,1,2.3266,0.1667,2.3266,0,0,
Leads-Search-1,Geo-Qualified — Hopkins & West Metro,naturopathic doctor,holistic medicine Minneapolis,broad,None,6,2,2.07,0.3333,1.035,1.5,0.75,1.38
Leads-Search-1,Pediatrics,pediatric clinics near me,pediatric holistic doctor,broad,Excluded,6,1,2.07,0.1667,2.07,0,0,
Leads-Search-1,Ad group 1,best chinese medicine doctor near me,naturopathic doctor near me,broad,None,5,1,3.8885,0.2,3.8885,0,0,
Leads-Search-1,Ad group 1,functional doctor,holistic dr near me,broad,None,5,1,3.22,0.2,3.22,1,1,3.22
Leads-Search-1,Ad group 1,functional doctors near me,holistic dr near me,broad,None,5,1,1.96,0.2,1.96,1,1,1.96
Leads-Search-1,Ad group 1,functional health coach near me,holistic dr near me,broad,None,5,1,3.93,0.2,3.93,0,0,
Leads-Search-1,Ad group 1,functional medicine providers near me,naturopathic doctor near me,broad,None,5,1,4.5,0.2,4.5,2,2,2.25
Leads-Search-1,Ad group 1,herbal healer near me,holistic dr near me,broad,None,5,2,1.87,0.4,0.935,0,0,
Leads-Search-1,Ad group 1,holistic doctor minneapolis,holistic dr near me,broad,None,5,1,4,0.2,4,1,1,4
Leads-Search-1,Ad group 1,holistic pediatrician near me,natural pediatrician near me,exact (close variant),None,5,1,0.8929,0.2,0.8929,0,0,
Leads-Search-1,Ad group 1,homeopathic medicine near me,integrative medicine near me,broad,None,5,1,0.48,0.2,0.48,0,0,
Leads-Search-1,Ad group 1,natural dermatologist near me,holistic dr near me,phrase (close variant),None,5,1,2.26,0.2,2.26,0,0,
Leads-Search-1,Ad group 1,naturopathic doctor edina,naturopathic doctor near me,broad,None,5,1,2.69,0.2,2.69,0,0,
Leads-Search-1,Ad group 1,naturopathic doctors minnesota,integrative medicine near me,broad,None,5,1,2.29,0.2,2.29,0,0,
Leads-Search-1,Functional & Integrative Medicine,functional medicine doctor,natural functional doctor,exact (close variant),None,5,1,2.2867,0.2,2.2867,0,0,
Leads-Search-1,Functional & Integrative Medicine,functional medicine doctor minneapolis,functional doctor,phrase,None,5,1,2.2,0.2,2.2,0,0,
Leads-Search-1,Women's Health & Hormones,menopause specialist near me,hormone doctor near me,phrase (close variant),None,5,1,2.89,0.2,2.89,0,0,
Leads-Search-1,Ad group 1,certified holistic nutritionist near me,holistic dr near me,broad,None,4,1,0.92,0.25,0.92,0,0,
Leads-Search-1,Ad group 1,chinese naturopathic doctor,holistic dr near me,broad,None,4,1,1.9322,0.25,1.9322,0,0,
Leads-Search-1,Ad group 1,colonics minneapolis,holistic dr near me,broad,None,4,1,5.04,0.25,5.04,0,0,
Leads-Search-1,Ad group 1,functional medicine doctor woodbury,integrative medicine near me,broad,None,4,1,2.7783,0.25,2.7783,0,0,
Leads-Search-1,Ad group 1,hocatt therapy near me,alternative medicine doctors near me,broad,None,4,1,1.8397,0.25,1.8397,0,0,
Leads-Search-1,Ad group 1,ibs doctor near me,naturopathic doctor Minneapolis,broad,None,4,1,4.29,0.25,4.29,0,0,
Leads-Search-1,Ad group 1,intuitive healer near me,holistic dr near me,broad,None,4,1,2.27,0.25,2.27,0,0,
Leads-Search-1,Ad group 1,minneapolis wellness center,holistic dr near me,broad,None,4,2,2.29,0.5,1.145,0,0,
Leads-Search-1,Ad group 1,napro doctor near me,naturopathic doctor near me,broad,None,4,1,2.45,0.25,2.45,0,0,
Leads-Search-1,Ad group 1,natural doctor,naturopathic doctor near me,exact (close variant),None,4,1,3.5822,0.25,3.5822,0,0,
Leads-Search-1,Ad group 1,natural endocrinologist near me,holistic dr near me,phrase (close variant),None,4,1,1.9077,0.25,1.9077,5,5,0.3815
Leads-Search-1,Ad group 1,naturopaths in minnesota,holistic dr near me,broad,None,4,1,2.47,0.25,2.47,0,0,
Leads-Search-1,Ad group 1,pediatric naturopathic doctor,holistic dr near me,broad,None,4,1,2.72,0.25,2.72,2,2,1.36
Leads-Search-1,Ad group 1,private practices near me,naturopathic doctor near me,broad,None,4,1,1.5,0.25,1.5,0,0,
Leads-Search-1,Ad group 1,reiki minneapolis,naturopathic doctor near me,broad,None,4,1,3.74,0.25,3.74,0,0,
Leads-Search-1,Ad group 1,serina aubrecht,holistic dr near me,broad,None,4,1,2.49,0.25,2.49,0,0,
Leads-Search-1,Functional & Integrative Medicine,best functional medicine doctors near me,functional medicine doctors near me,exact (close variant),None,4,1,2.99,0.25,2.99,0,0,
Leads-Search-1,Functional & Integrative Medicine,food sensitivity test,functional medicine,broad,None,4,1,2.29,0.25,2.29,0,0,
Leads-Search-1,Functional & Integrative Medicine,hopkins clinic,functional medical clinic,broad,None,4,1,8.52,0.25,8.52,0,0,
Leads-Search-1,Functional & Integrative Medicine,integrative medicine,integrated and functional medicine,phrase (close variant),None,4,1,0.8868,0.25,0.8868,0,0,
Leads-Search-1,Functional & Integrative Medicine,naturopathic doctor near me,integrative medicine near me,phrase (close variant),None,4,1,1.2996,0.25,1.2996,0,0,
Leads-Search-1,Geo-Qualified — Hopkins & West Metro,functional medicine doctor minneapolis,holistic medicine Minneapolis,phrase (close variant),None,4,1,1.27,0.25,1.27,0,0,
Leads-Search-1,Geo-Qualified — Hopkins & West Metro,new kingdom healthcare,functional medicine doctor eden prairie,broad,Excluded,4,1,2.39,0.25,2.39,0,0,
Leads-Search-1,Men's Health,how can i make my penis stronger,holistic doctor for men near me,broad,None,4,1,2.02,0.25,2.02,0,0,
Leads-Search-1,Ad group 1,ayurvedic practitioner near me,naturopathic doctor near me,broad,None,3,1,3.95,0.3333,3.95,0,0,
Leads-Search-1,Ad group 1,black functional medicine doctor,holistic dr near me,broad,None,3,1,1.6059,0.3333,1.6059,0,0,
Leads-Search-1,Ad group 1,colonic,integrative medicine near me,broad,Excluded,3,1,2.56,0.3333,2.56,0,0,
Leads-Search-1,Ad group 1,dr katie corazzo,holistic dr near me,broad,None,3,1,3.97,0.3333,3.97,0,0,
Leads-Search-1,Ad group 1,dr yahki,holistic dr near me,broad,None,3,1,0.79,0.3333,0.79,0,0,
Leads-Search-1,Ad group 1,eastern medicine near me,naturopathic dr near me,broad,None,3,1,3.26,0.3333,3.26,0,0,
Leads-Search-1,Ad group 1,endocrinologist plymouth mn,holistic dr near me,broad,None,3,2,5.92,0.6667,2.96,0,0,
Leads-Search-1,Ad group 1,fertility naturopath near me,naturopathic doctor near me,phrase (close variant),None,3,2,6.7,0.6667,3.35,0,0,
Leads-Search-1,Ad group 1,functional doctors near me,naturopathic doctor near me,broad,None,3,1,2.77,0.3333,2.77,0,0,
Leads-Search-1,Ad group 1,functional medicine doctor,holistic pediatricians near me,broad,None,3,1,1.28,0.3333,1.28,0,0,
Leads-Search-1,Ad group 1,functional medicine doctor edina,holistic dr near me,broad,Added,3,1,3.21,0.3333,3.21,1,1,3.21
Leads-Search-1,Ad group 1,functional medicine near me,integrative medicine near me,phrase (close variant),Added,3,2,4.54,0.6667,2.27,0,0,
Leads-Search-1,Ad group 1,holistic gynecologist near me,naturopathic doctor near me,broad,None,3,1,2.58,0.3333,2.58,4,4,0.645
Leads-Search-1,Ad group 1,holistic health minneapolis,holistic dr near me,broad,None,3,1,1.97,0.3333,1.97,0,0,
Leads-Search-1,Ad group 1,holistic health near me,integrative medicine near me,broad,None,3,1,1.08,0.3333,1.08,1,1,1.08
Leads-Search-1,Ad group 1,holistic nutritionist minneapolis,holistic dr near me,broad,None,3,1,2.8024,0.3333,2.8024,0,0,
Leads-Search-1,Ad group 1,holistic pediatrician,holistic dr near me,broad,None,3,1,1.5273,0.3333,1.5273,0,0,
Leads-Search-1,Ad group 1,holistic practice near me,integrative medicine near me,phrase (close variant),None,3,1,1.58,0.3333,1.58,0,0,
Leads-Search-1,Ad group 1,integrative and functional medicine near me,holistic dr near me,phrase (close variant),None,3,1,2.1588,0.3333,2.1588,0,0,
Leads-Search-1,Ad group 1,integrative doctor near me,holistic dr near me,phrase (close variant),None,3,1,2.32,0.3333,2.32,0,0,
Leads-Search-1,Ad group 1,integrative health minneapolis,integrative medicine near me,broad,None,3,1,2.24,0.3333,2.24,5,5,0.448
Leads-Search-1,Ad group 1,integrative medicine,natural medicine Minnesota,broad,None,3,1,3.76,0.3333,3.76,1,1,3.76
Leads-Search-1,Ad group 1,integrative medicine mn,integrative medicine near me,broad,None,3,1,2.2305,0.3333,2.2305,0,0,
Leads-Search-1,Ad group 1,me cfs treatment centers,integrative medicine near me,broad,None,3,1,1.43,0.3333,1.43,0,0,
Leads-Search-1,Ad group 1,natural health center near me,holistic dr near me,broad,None,3,1,2.18,0.3333,2.18,0,0,
Leads-Search-1,Ad group 1,naturopathic clinic near me,naturopathic doctor near me,exact (close variant),None,3,1,2.93,0.3333,2.93,0,0,
Leads-Search-1,Ad group 1,naturopathic endocrinologist near me,holistic dr near me,phrase (close variant),None,3,1,1.9,0.3333,1.9,0,0,
Leads-Search-1,Ad group 1,one agora health bloomington,holistic dr near me,broad,None,3,1,2.55,0.3333,2.55,0,0,
Leads-Search-1,Ad group 1,tcm minnesota,holistic dr near me,broad,None,3,1,4.48,0.3333,4.48,0,0,
Leads-Search-1,Ad group 1,teen doctor near me,natural pediatrician near me,broad,None,3,2,2.4,0.6667,1.2,0,0,
Leads-Search-1,Ad group 1,top rated primary care doctors near me,integrative medicine near me,broad,None,3,1,0.26,0.3333,0.26,0,0,
Leads-Search-1,Ad group 1,wellness doctors near me,holistic dr near me,exact (close variant),None,3,1,1.03,0.3333,1.03,0,0,
Leads-Search-1,Ad group 1,where to go for acupuncture,holistic dr near me,broad,None,3,1,3.9239,0.3333,3.9239,0,0,
Leads-Search-1,Functional & Integrative Medicine,bioresonance therapy,functional medicine,broad,None,3,1,0.07,0.3333,0.07,0,0,
Leads-Search-1,Functional & Integrative Medicine,dr william li,natural functional doctor,broad,None,3,1,0.49,0.3333,0.49,0,0,
Leads-Search-1,Functional & Integrative Medicine,functional medicine twin cities,functional medicine doctors near me,broad,None,3,1,2.22,0.3333,2.22,0,0,
Leads-Search-1,Functional & Integrative Medicine,herbalist mn,functional integrative medicine near me,broad,None,3,1,1.17,0.3333,1.17,0,0,
Leads-Search-1,Functional & Integrative Medicine,integrative medicine,functional medical physician,broad,None,3,1,2.4572,0.3333,2.4572,0,0,
Leads-Search-1,Geo-Qualified — Hopkins & West Metro,holistic doctors near me,holistic medicine Minneapolis,broad,None,3,1,0.53,0.3333,0.53,0,0,
Leads-Search-1,Men's Health,acupuncture for men's health,naturopath for men,broad,None,3,1,0.2657,0.3333,0.2657,0,0,
Leads-Search-1,Naturopath Near Me — Core,holistic doctor near me,naturopathic doctor near me,exact (close variant),None,3,1,2.16,0.3333,2.16,0,0,
Leads-Search-1,Naturopath Near Me — Core,natural path doctor near me,naturopathic doctor near me,exact (close variant),None,3,2,2.96,0.6667,1.48,0,0,
Leads-Search-1,Pediatrics,integrative pediatrician near me,holistic pediatricians near me,exact (close variant),None,3,1,1.71,0.3333,1.71,0,0,
Leads-Search-1,Pediatrics,naturopathic pediatrician near me,holistic pediatricians near me,exact (close variant),None,3,3,3.4205,1,1.1402,0,0,
Leads-Search-1,Women's Health & Hormones,endometriosis specialist near me,women's health naturopath,broad,Added,3,1,2.65,0.3333,2.65,0,0,
Leads-Search-1,Women's Health & Hormones,hormonal doctor,hormone doctor near me,exact (close variant),None,3,1,2.88,0.3333,2.88,0,0,
Leads-Search-1,Ad group 1,acupuncture mn,integrative medicine near me,broad,None,2,1,2.37,0.5,2.37,0,0,
Leads-Search-1,Ad group 1,acupuncture pregnancy near me,naturopathic doctor near me,broad,None,2,1,2.6973,0.5,2.6973,0,0,
Leads-Search-1,Ad group 1,allina integrative medicine,integrative medicine near me,broad,None,2,1,3.53,0.5,3.53,0,0,
Leads-Search-1,Ad group 1,ayurvedic medicine minneapolis,holistic dr near me,broad,None,2,1,1.2,0.5,1.2,0,0,
Leads-Search-1,Ad group 1,be well natural medicine,natural pediatrician near me,broad,Excluded,2,1,3.23,0.5,3.23,0,0,
Leads-Search-1,Ad group 1,biofeedback therapy near me,naturopathic doctor near me,broad,None,2,1,2.4,0.5,2.4,0,0,
Leads-Search-1,Ad group 1,bioidentical hormone replacement therapy near me,holistic dr near me,broad,None,2,1,2.62,0.5,2.62,0,0,
Leads-Search-1,Ad group 1,chinese holistic doctor near me,naturopathic doctor near me,broad,None,2,1,2.68,0.5,2.68,2,2,1.34
Leads-Search-1,Ad group 1,chronic fatigue syndrome specialist near me,naturopathic doctor near me,broad,None,2,1,1.43,0.5,1.43,0,0,
Leads-Search-1,Ad group 1,colon cleansing near me,integrative medicine near me,broad,Excluded,2,1,2.07,0.5,2.07,0,0,
Leads-Search-1,Ad group 1,cupping near me,holistic dr near me,broad,Excluded,2,1,3.63,0.5,3.63,0,0,
Leads-Search-1,Ad group 1,dr joanne conaway,holistic dr near me,broad,None,2,1,2.62,0.5,2.62,0,0,
Leads-Search-1,Ad group 1,family doctor minneapolis,natural medicine Minnesota,broad,None,2,1,3.3406,0.5,3.3406,0,0,
Leads-Search-1,Ad group 1,family medicine minneapolis,naturopathic doctor near me,broad,None,2,1,3.4424,0.5,3.4424,0,0,
Leads-Search-1,Ad group 1,function doctors,naturopathic doctor near me,broad,None,2,2,3.84,1,1.92,1,0.5,3.84
Leads-Search-1,Ad group 1,functional health near me,naturopathic doctor near me,broad,None,2,1,2.84,0.5,2.84,0,0,
Leads-Search-1,Ad group 1,functional medical doctor near me,holistic dr near me,broad,None,2,2,4.64,1,2.32,0,0,
Leads-Search-1,Ad group 1,functional medicine doctor minneapolis mn,integrative medicine near me,broad,None,2,1,2.32,0.5,2.32,1,1,2.32
Leads-Search-1,Ad group 1,functional medicine doctor near me takes insurance,holistic dr near me,broad,None,2,1,4.196,0.5,4.196,0,0,
Leads-Search-1,Ad group 1,functional medicine doctors minneapolis,integrative medicine near me,broad,None,2,1,2.87,0.5,2.87,0,0,
Leads-Search-1,Ad group 1,functional medicine doctors near me,naturopathic doctor near me,broad,Added,2,2,8.1,1,4.05,0,0,
Leads-Search-1,Ad group 1,functional medicine endocrinology,naturopathic doctor near me,broad,None,2,1,1.67,0.5,1.67,0,0,
Leads-Search-1,Ad group 1,functional medicine mankato mn,naturopathic doctor near me,broad,None,2,1,1.37,0.5,1.37,0,0,
Leads-Search-1,Ad group 1,functional medicine menopause near me,integrative medicine near me,phrase (close variant),None,2,1,2.08,0.5,2.08,0,0,
Leads-Search-1,Ad group 1,functional medicine providers near me,holistic dr near me,broad,None,2,1,3.9,0.5,3.9,0,0,
Leads-Search-1,Ad group 1,healing touch near me,holistic dr near me,broad,None,2,1,1.34,0.5,1.34,0,0,
Leads-Search-1,Ad group 1,health partners naturopath,integrative medicine near me,broad,None,2,1,2.79,0.5,2.79,0,0,
Leads-Search-1,Ad group 1,health treatments,integrative medicine near me,broad,None,2,1,0.09,0.5,0.09,0,0,
Leads-Search-1,Ad group 1,healthpartners maple grove,naturopathic doctor near me,broad,None,2,2,7.97,1,3.985,0,0,
Leads-Search-1,Ad group 1,holistic cardiologist,integrative medicine near me,broad,None,2,1,1.84,0.5,1.84,0,0,
Leads-Search-1,Ad group 1,holistic chiropractors,holistic dr near me,broad,None,2,1,4.8639,0.5,4.8639,0,0,
Leads-Search-1,Ad group 1,holistic dermatologist,naturopathic doctor near me,broad,None,2,1,1.38,0.5,1.38,0,0,
Leads-Search-1,Ad group 1,holistic endometriosis specialist near me,holistic dr near me,phrase (close variant),None,2,1,2.95,0.5,2.95,0,0,
Leads-Search-1,Ad group 1,holistic health,naturopathic doctor near me,broad,None,2,1,2.21,0.5,2.21,0,0,
Leads-Search-1,Ad group 1,holistic men's health near me,naturopathic doctor near me,phrase (close variant),None,2,1,2.07,0.5,2.07,0,0,
Leads-Search-1,Ad group 1,holistic nurse practitioner near me,integrative medicine near me,phrase (close variant),None,2,1,2.37,0.5,2.37,0,0,
Leads-Search-1,Ad group 1,holistic pediatrician vaccines,holistic dr near me,broad,None,2,1,2.577,0.5,2.577,0,0,
Leads-Search-1,Ad group 1,holistic psychiatric nurse practitioner,holistic dr near me,broad,None,2,1,2.3271,0.5,2.3271,0,0,
Leads-Search-1,Ad group 1,homeopathic doctor mn,naturopathic doctor near me,broad,None,2,1,4.22,0.5,4.22,0,0,
Leads-Search-1,Ad group 1,homeopathic health,naturopathic doctor near me,broad,None,2,1,2.57,0.5,2.57,0,0,
Leads-Search-1,Ad group 1,homeopathic oncologist near me,naturopathic doctor near me,phrase (close variant),None,2,1,1.9,0.5,1.9,0,0,
Leads-Search-1,Ad group 1,homeopathic treatments,holistic dr near me,broad,None,2,1,0.5,0.5,0.5,0,0,
Leads-Search-1,Ad group 1,homeopathy minneapolis,integrative medicine near me,broad,None,2,1,2.7577,0.5,2.7577,0,0,
Leads-Search-1,Ad group 1,hormone and gut health practitioner near me,holistic dr near me,phrase (close variant),None,2,1,3.53,0.5,3.53,0,0,
Leads-Search-1,Ad group 1,hormone replacement therapy near me,holistic dr near me,broad,None,2,1,1.77,0.5,1.77,0,0,
Leads-Search-1,Ad group 1,hormone specialist minneapolis,women's health naturopath,broad,None,2,1,2.53,0.5,2.53,0,0,
Leads-Search-1,Ad group 1,hormone testing near me women,holistic dr near me,broad,None,2,1,3.89,0.5,3.89,0,0,
Leads-Search-1,Ad group 1,integrative doctors near me,holistic dr near me,exact (close variant),None,2,1,2.56,0.5,2.56,0,0,
Leads-Search-1,Ad group 1,integrative health minneapolis,natural pediatrician near me,broad,None,2,1,1.7425,0.5,1.7425,0,0,
Leads-Search-1,Ad group 1,lyme specialist near me,holistic dr near me,broad,None,2,1,2.544,0.5,2.544,0,0,
Leads-Search-1,Ad group 1,natural doctors in my area,naturopathic doctor near me,exact (close variant),None,2,1,2.34,0.5,2.34,0,0,
Leads-Search-1,Ad group 1,natural doctors near me,naturopathic doctor near me,exact (close variant),None,2,1,1.95,0.5,1.95,1,1,1.95
Leads-Search-1,Ad group 1,natural gynecology,integrative medicine near me,broad,None,2,1,1.54,0.5,1.54,0,0,
Leads-Search-1,Ad group 1,natural ob gyn near me,integrative medicine near me,phrase (close variant),None,2,1,3.26,0.5,3.26,0,0,
Leads-Search-1,Ad group 1,natural pediatrician near me,natural pediatrician near me,exact,Added,2,1,1.27,0.5,1.27,6,6,0.2117
Leads-Search-1,Ad group 1,naturopath minneapolis,integrative medicine near me,broad,None,2,1,3.93,0.5,3.93,3,3,1.31
Leads-Search-1,Ad group 1,naturopathic doctor st paul,naturopathic doctor near me,broad,None,2,1,1,0.5,1,0,0,
Leads-Search-1,Ad group 1,naturopathic doctors mn,naturopathic doctor Minneapolis,exact (close variant),None,2,1,2.09,0.5,2.09,2,2,1.045
Leads-Search-1,Ad group 1,naturopathic doctors twin cities,holistic dr near me,broad,None,2,1,4.37,0.5,4.37,0,0,
Leads-Search-1,Ad group 1,naturopathic physicians nd sioux falls sd,holistic dr near me,broad,None,2,1,0.75,0.5,0.75,0,0,
Leads-Search-1,Ad group 1,naturopaths minneapolis,integrative medicine near me,broad,None,2,1,2.78,0.5,2.78,0,0,
Leads-Search-1,Ad group 1,pediatricians that don t require vaccines,natural pediatrician near me,broad,None,2,1,4.97,0.5,4.97,1,1,4.97
Leads-Search-1,Ad group 1,preventive health and wellness,holistic dr near me,broad,None,2,1,0.66,0.5,0.66,0,0,
Leads-Search-1,Ad group 1,private practices near me,holistic dr near me,broad,None,2,1,2.76,0.5,2.76,0,0,
Leads-Search-1,Ad group 1,tcm near me,naturopathic doctor near me,broad,None,2,2,1.77,1,0.885,0,0,
Leads-Search-1,Ad group 1,thyroid specialist minnesota,holistic dr near me,broad,None,2,1,2.83,0.5,2.83,0,0,
Leads-Search-1,Ad group 1,top rated functional medicine doctor near me,integrative medicine near me,broad,None,2,1,5.01,0.5,5.01,3,3,1.67
Leads-Search-1,Ad group 1,top rated functional medicine doctors near me,holistic dr near me,broad,None,2,1,3.66,0.5,3.66,0,0,
Leads-Search-1,Ad group 1,top rated holistic doctor near me,naturopathic doctor near me,broad,None,2,1,2.61,0.5,2.61,0,0,
Leads-Search-1,Functional & Integrative Medicine,dr silvia hugec,functional medicine doctors near me,broad,None,2,1,2.3,0.5,2.3,0,0,
Leads-Search-1,Functional & Integrative Medicine,holistic psychiatrist near me,integrative medicine near me,phrase (close variant),None,2,1,2.29,0.5,2.29,0,0,
Leads-Search-1,Functional & Integrative Medicine,natural treatments for gad,functional medicines,broad,None,2,1,1.05,0.5,1.05,0,0,
Leads-Search-1,Functional & Integrative Medicine,wellness near me,functional medicine near me,broad,None,2,1,1.23,0.5,1.23,0,0,
Leads-Search-1,Functional & Integrative Medicine,what is functional medicine,functional medicine,exact (close variant),None,2,2,4.64,1,2.32,0,0,
Leads-Search-1,Geo-Qualified — Hopkins & West Metro,2855 campus drive ste 650suite 650plymouth mn 55441,functional medicine doctor edina,broad,None,2,1,1.29,0.5,1.29,0,0,
Leads-Search-1,Geo-Qualified — Hopkins & West Metro,holistic health minneapolis,holistic medicine Minneapolis,exact (close variant),None,2,2,4.8,1,2.4,0,0,
Leads-Search-1,Men's Health,erectile dysfunction products,naturopath for erectile dysfunction,broad,None,2,1,0.3346,0.5,0.3346,0,0,
Leads-Search-1,Men's Health,erectile dysfunction treatment,men's health naturopath,broad,None,2,1,0.19,0.5,0.19,0,0,
Leads-Search-1,Men's Health,men's supplement,naturopath for men,broad,None,2,2,1.66,1,0.83,0,0,
Leads-Search-1,Men's Health,most effective ed treatment,naturopath for men,broad,None,2,1,3.06,0.5,3.06,0,0,
Leads-Search-1,Men's Health,tired heart,adrenal fatigue doctor near me,broad,None,2,1,1.15,0.5,1.15,0,0,
Leads-Search-1,Men's Health,what vitamins to take for men,naturopath for men,broad,None,2,1,1.27,0.5,1.27,0,0,
Leads-Search-1,Naturopath Near Me — Core,find a holistic doctor near me,natural doctor near me,exact (close variant),None,2,1,3.18,0.5,3.18,0,0,
Leads-Search-1,Naturopath Near Me — Core,natural practitioner near me,natural practitioner near me,exact,Added,2,1,1.35,0.5,1.35,0,0,
Leads-Search-1,Naturopath Near Me — Core,naturopath doctor near me,naturopathic doctor near me,exact (close variant),None,2,1,1.64,0.5,1.64,0,0,
Leads-Search-1,Naturopath Near Me — Core,naturopathy doctor near me,naturopathic practitioner near me,exact (close variant),None,2,1,1.39,0.5,1.39,1,1,1.39
Leads-Search-1,Pediatrics,dr bob zajac,pediatric naturopath near me,broad,Excluded,2,1,2.33,0.5,2.33,0,0,
Leads-Search-1,Pediatrics,holistic pediatric doctor near me,pediatric holistic doctor,exact (close variant),None,2,1,0.44,0.5,0.44,0,0,
Leads-Search-1,Pediatrics,holistic pediatrician,holistic pediatricians near me,exact (close variant),None,2,1,1.08,0.5,1.08,0,0,
Leads-Search-1,Pediatrics,independent pediatrician near me,pediatric holistic doctor,broad,Excluded,2,1,1.88,0.5,1.88,0,0,
Leads-Search-1,Pediatrics,naturalist pediatrician near me,holistic pediatricians near me,exact (close variant),None,2,1,5.42,0.5,5.42,0,0,
Leads-Search-1,Pediatrics,pediatrician holistic near me,holistic pediatricians near me,exact (close variant),None,2,1,5.55,0.5,5.55,0,0,
Leads-Search-1,Women's Health & Hormones,costco fertility program,naturopath for fertility,broad,None,2,1,3.11,0.5,3.11,0,0,
Leads-Search-1,Women's Health & Hormones,dutch test hormones,naturopath for women's health,broad,None,2,1,0.55,0.5,0.55,0,0,
Leads-Search-1,Women's Health & Hormones,endometriosis specialist minnesota,women's hormone specialist near me,broad,None,2,2,5.8,1,2.9,0,0,
Leads-Search-1,Women's Health & Hormones,endometriosis specialist near me,endometriosis specialist near me,exact,Added,2,1,2.86,0.5,2.86,0,0,
Leads-Search-1,Women's Health & Hormones,hormone testing near me,functional medicine hormones,broad,None,2,2,1.08,1,0.54,0,0,
Leads-Search-1,Women's Health & Hormones,menopause treatment options,functional medicine for hormones,broad,None,2,2,1.55,1,0.775,0,0,
Leads-Search-1,Women's Health & Hormones,naturopath near me,women's health naturopath,broad,None,2,1,1.67,0.5,1.67,0,0,
Leads-Search-1,Women's Health & Hormones,pcos specialist mn,functional medicine for hormones,broad,None,2,1,2.78,0.5,2.78,0,0,
Leads-Search-1,Women's Health & Hormones,pcos specialist near me,women's health naturopath,broad,Added,2,1,1.76,0.5,1.76,0,0,
Leads-Search-1,Women's Health & Hormones,preventive screenings for women,hormone doctor near me,broad,None,2,1,1.01,0.5,1.01,0,0,
Leads-Search-1,Women's Health & Hormones,thyroid symptoms,Hashimoto's naturopath,broad,None,2,1,2.87,0.5,2.87,0,0,
Leads-Search-1,Women's Health & Hormones,women's clinic near me,women's health naturopath,broad,None,2,1,2.88,0.5,2.88,1,1,2.88
Leads-Search-1,Women's Health & Hormones,women's health functional medicine near me,women's health naturopath,broad,None,2,2,15.84,1,7.92,0,0,
PNHdefense-Website traffic-Search-2,Ad group 1,dr panka,dr panka,exact,Added,2,1,5.12,0.5,5.12,0,0,
Leads-Search-1,Ad group 1,acupuncture chaska,holistic dr near me,broad,None,1,1,3.0489,1,3.0489,0,0,
Leads-Search-1,Ad group 1,acupuncture for endometriosis and fertility near me,holistic dr near me,broad,None,1,1,2.56,1,2.56,0,0,
Leads-Search-1,Ad group 1,acupuncture minnetonka,men's health naturopath,broad,None,1,1,2.5,1,2.5,1,1,2.5
Leads-Search-1,Ad group 1,acupuncture shakopee,holistic dr near me,broad,None,1,1,4.476,1,4.476,0,0,
Leads-Search-1,Ad group 1,acupuncture treatment near me,men's health naturopath,broad,None,1,1,3.09,1,3.09,0,0,
Leads-Search-1,Ad group 1,allina acupuncture,holistic dr near me,broad,None,1,1,1.47,1,1.47,0,0,
Leads-Search-1,Ad group 1,alternative healthcare providers,natural medicine Minnesota,broad,None,1,1,0.81,1,0.81,0,0,
Leads-Search-1,Ad group 1,ayurveda near me,naturopathic doctor near me,broad,None,1,1,3.01,1,3.01,0,0,
Leads-Search-1,Ad group 1,ayurvedic practitioners,holistic dr near me,broad,None,1,1,1.43,1,1.43,0,0,
Leads-Search-1,Ad group 1,best doctor for perimenopause near me,naturopathic doctor near me,broad,None,1,1,3.47,1,3.47,2,2,1.735
Leads-Search-1,Ad group 1,black woman primary care doctor,holistic dr near me,broad,None,1,1,2.68,1,2.68,0,0,
Leads-Search-1,Ad group 1,brooklyn park health partners,naturopathic doctor near me,broad,None,1,1,3,1,3,0,0,
Leads-Search-1,Ad group 1,certified holistic nutritionist near me,naturopathic doctor near me,broad,None,1,1,1.1,1,1.1,0,0,
Leads-Search-1,Ad group 1,classical homeopath near me,naturopathic doctor near me,broad,None,1,1,1.68,1,1.68,0,0,
Leads-Search-1,Ad group 1,colon cleanse near me,naturopathic doctor near me,broad,None,1,1,0.79,1,0.79,0,0,
Leads-Search-1,Ad group 1,colon hydrotherapy minneapolis,naturopathic doctor near me,broad,None,1,1,2.35,1,2.35,0,0,
Leads-Search-1,Ad group 1,colonic hydrotherapy,holistic dr near me,broad,None,1,1,1.32,1,1.32,0,0,
Leads-Search-1,Ad group 1,craniosacral therapy near me,integrative health near me,broad,None,1,1,1.52,1,1.52,0,0,
Leads-Search-1,Ad group 1,cupping near me,alternative medicine doctors near me,broad,Excluded,1,1,2.67,1,2.67,0,0,
Leads-Search-1,Ad group 1,developmental pediatrician,natural pediatrician near me,broad,None,1,1,1.03,1,1.03,0,0,
Leads-Search-1,Ad group 1,doctors for perimenopause,holistic dr near me,broad,None,1,1,2.0218,1,2.0218,5,5,0.4044
Leads-Search-1,Ad group 1,dr amy myers,naturopathic doctor near me,broad,None,1,1,1.52,1,1.52,0,0,
Leads-Search-1,Ad group 1,dr dan mcdonald albertville mn,holistic dr near me,broad,None,1,1,3.07,1,3.07,0,0,
Leads-Search-1,Ad group 1,dr hoque,holistic dr near me,broad,None,1,1,1.48,1,1.48,0,0,
Leads-Search-1,Ad group 1,dr wei chieh young,holistic dr near me,broad,None,1,1,1.83,1,1.83,0,0,
Leads-Search-1,Ad group 1,fdn p near me,naturopathic doctor near me,broad,None,1,1,2.29,1,2.29,0,0,
Leads-Search-1,Ad group 1,functional doctors in my area,alternative medicine doctors near me,phrase (close variant),None,1,1,1.73,1,1.73,0,0,
Leads-Search-1,Ad group 1,functional health providers near me,holistic medicine Minneapolis,broad,None,1,1,4.4367,1,4.4367,2,2,2.2184
Leads-Search-1,Ad group 1,functional medicine doctor st paul,natural pediatrician near me,broad,None,1,1,1.8,1,1.8,0,0,
Leads-Search-1,Ad group 1,functional medicine nutritionist near me,integrative medicine near me,phrase (close variant),None,1,1,3.26,1,3.26,0,0,
Leads-Search-1,Ad group 1,functional medicine practitioner near me,men's health naturopath,broad,None,1,1,2.28,1,2.28,0,0,
Leads-Search-1,Ad group 1,functional medicine san diego,integrative medicine near me,broad,None,1,1,1.01,1,1.01,0,0,
Leads-Search-1,Ad group 1,functional medicine women's health near me,holistic dr near me,broad,None,1,1,4.42,1,4.42,0,0,
Leads-Search-1,Ad group 1,gastroenterologist minneapolis,holistic medicine Minneapolis,broad,None,1,1,1.63,1,1.63,0,0,
Leads-Search-1,Ad group 1,gut doctor near me,naturopathic doctor near me,broad,None,1,1,1.45,1,1.45,0,0,
Leads-Search-1,Ad group 1,hashimotos specialists near me,integrative medicine near me,broad,None,1,1,2.9851,1,2.9851,0,0,
Leads-Search-1,Ad group 1,health and wellness,naturopathic doctor near me,broad,None,1,1,0.68,1,0.68,0,0,
Leads-Search-1,Ad group 1,health clinic,holistic dr near me,broad,None,1,1,0.89,1,0.89,0,0,
Leads-Search-1,Ad group 1,healthpartners physicians,integrative health near me,broad,None,1,1,0.1913,1,0.1913,0,0,
Leads-Search-1,Ad group 1,highly rated doctors in my area,holistic dr near me,broad,None,1,1,0.87,1,0.87,0,0,
Leads-Search-1,Ad group 1,holistic,alternative medicine doctors near me,broad,Excluded,1,1,0.1872,1,0.1872,0,0,
Leads-Search-1,Ad group 1,holistic doctors covered by insurance,integrative medicine near me,broad,None,1,1,1.4414,1,1.4414,0,0,
Leads-Search-1,Ad group 1,holistic doctors near me that take medicare,naturopathic doctor near me,phrase (close variant),None,1,1,0.6986,1,0.6986,0,0,
Leads-Search-1,Ad group 1,holistic family doctor near me,holistic dr near me,exact (close variant),None,1,1,1.65,1,1.65,0,0,
Leads-Search-1,Ad group 1,holistic health care near me,natural pediatrician near me,broad,None,1,1,2.58,1,2.58,1,1,2.58
Leads-Search-1,Ad group 1,holistic health clinic,holistic dr near me,broad,None,1,1,2.71,1,2.71,0,0,
Leads-Search-1,Ad group 1,holistic health minneapolis,holistic medicine Minneapolis,exact (close variant),None,1,1,1.9,1,1.9,0,0,
Leads-Search-1,Ad group 1,holistic md near me,holistic dr near me,exact (close variant),None,1,1,2.72,1,2.72,0,0,
Leads-Search-1,Ad group 1,holistic obgyn,holistic dr near me,broad,None,1,1,3.2,1,3.2,2,2,1.6
Leads-Search-1,Ad group 1,holistic treatment,naturopathic doctor Minneapolis,broad,None,1,1,0.57,1,0.57,0,0,
Leads-Search-1,Ad group 1,homeopathic doctor near me,holistic dr near me,phrase (close variant),None,1,1,2.37,1,2.37,0,0,
Leads-Search-1,Ad group 1,homeopathic psychiatrist,holistic dr near me,broad,None,1,1,3.3425,1,3.3425,0,0,
Leads-Search-1,Ad group 1,hormonal naturopath,integrative medicine near me,broad,None,1,1,1.74,1,1.74,0,0,
Leads-Search-1,Ad group 1,hormonal wellness center,natural medicine Minnesota,broad,None,1,2,1.68,2,0.84,0,0,
Leads-Search-1,Ad group 1,how to lower cholesterol without taking statins,integrative medicine near me,broad,None,1,1,1.42,1,1.42,0,0,
Leads-Search-1,Ad group 1,hydro colon cleanse near me,naturopathic dr near me,broad,None,1,1,2.38,1,2.38,0,0,
Leads-Search-1,Ad group 1,integrative functional medicine near me,naturopathic doctor near me,broad,None,1,1,2.46,1,2.46,2,2,1.23
Leads-Search-1,Ad group 1,integrative health clinics near me,naturopathic doctor near me,broad,None,1,1,2.03,1,2.03,1,1,2.03
Leads-Search-1,Ad group 1,internal medicine doctors,alternative medicine doctors near me,broad,None,1,1,1.99,1,1.99,0,0,
Leads-Search-1,Ad group 1,internal medicine doctors near me,integrative medicine near me,broad,None,1,1,2.32,1,2.32,0,0,
Leads-Search-1,Ad group 1,janine bowring,holistic dr near me,broad,None,1,1,0.16,1,0.16,0,0,
Leads-Search-1,Ad group 1,japanese herbalist near me,holistic dr near me,broad,None,1,1,1.47,1,1.47,0,0,
Leads-Search-1,Ad group 1,kat hopkins,integrative medicine near me,broad,None,1,1,3.93,1,3.93,0,0,
Leads-Search-1,Ad group 1,lyme disease specialist minnesota,holistic dr near me,broad,None,1,1,2.7484,1,2.7484,0,0,
Leads-Search-1,Ad group 1,men's health clinic minneapolis,holistic dr near me,broad,None,1,1,0.98,1,0.98,0,0,
Leads-Search-1,Ad group 1,menopause center of minnesota,women's health naturopath,broad,None,1,1,2.12,1,2.12,0,0,
Leads-Search-1,Ad group 1,microbiome specialist near me,holistic dr near me,broad,None,1,1,1.93,1,1.93,0,0,
Leads-Search-1,Ad group 1,minnetonka acupuncture,holistic dr near me,broad,None,1,1,1.76,1,1.76,1,1,1.76
Leads-Search-1,Ad group 1,mn acupuncture,natural medicine Minnesota,phrase (close variant),None,1,1,2.72,1,2.72,0,0,
Leads-Search-1,Ad group 1,natural healing near me,holistic dr near me,exact (close variant),None,1,1,3.19,1,3.19,0,0,
Leads-Search-1,Ad group 1,natural remedy for hypothyroidism,holistic dr near me,broad,None,1,1,2.26,1,2.26,0,0,
Leads-Search-1,Ad group 1,naturopathic doctor mn,naturopathic doctor Minneapolis,exact (close variant),None,1,1,3.2,1,3.2,0,0,
Leads-Search-1,Ad group 1,naturopathic doctors in minnesota,naturopathic doctor Minneapolis,exact (close variant),None,1,1,0.6,1,0.6,1,1,0.6
Leads-Search-1,Ad group 1,nd doctor,naturopathic doctor near me,exact (close variant),None,1,1,2.05,1,2.05,0,0,
Leads-Search-1,Ad group 1,pediatric direct primary care near me,natural pediatrician near me,broad,None,1,1,2.73,1,2.73,0,0,
Leads-Search-1,Ad group 1,pediatrician near me,natural pediatrician near me,broad,None,1,1,2.17,1,2.17,0,0,
Leads-Search-1,Ad group 1,primary care providers that accept medicaid near me,alternative medicine doctors near me,broad,None,1,1,1.2723,1,1.2723,0,0,
Leads-Search-1,Ad group 1,rife frequency healing near me,integrative medicine near me,broad,None,1,1,0.73,1,0.73,0,0,
Leads-Search-1,Ad group 1,sexual health,men's health naturopath,broad,None,1,1,0.14,1,0.14,0,0,
Leads-Search-1,Ad group 1,top rated doctors near me,naturopathic doctor near me,broad,None,1,1,0.62,1,0.62,0,0,
Leads-Search-1,Ad group 1,top rated naturopathic doctor,natural pediatrician near me,broad,None,1,1,1.83,1,1.83,0,0,
Leads-Search-1,Ad group 1,vagus nerve healing frequency,functional medicine,broad,None,1,1,0.43,1,0.43,0,0,
Leads-Search-1,Ad group 1,wellness centers near me,integrative medicine near me,broad,None,1,2,2.2469,2,1.1234,0,0,
Leads-Search-1,Ad group 1,wellness doctors near me,naturopathic doctor near me,broad,None,1,1,1.51,1,1.51,0,0,
Leads-Search-1,Ad group 1,wellness hub,naturopathic doctor near me,broad,None,1,1,2.35,1,2.35,0,0,
Leads-Search-1,Ad group 1,zyto practitioners near me,integrative medicine near me,broad,None,1,1,1.26,1,1.26,0,0,
Leads-Search-1,Functional & Integrative Medicine,allan warshowsky md,functional holistic medicine,broad,None,1,1,2.13,1,2.13,0,0,
Leads-Search-1,Functional & Integrative Medicine,alternative medicine near me,functional medicine doctors near me,broad,None,1,1,0.4,1,0.4,0,0,
Leads-Search-1,Functional & Integrative Medicine,best female geriatric doctors near me,functional medicine doctors near me,broad,None,1,1,2.2717,1,2.2717,0,0,
Leads-Search-1,Functional & Integrative Medicine,best fibromyalgia doctor near me,functional doctor in my area,broad,None,1,1,2.2,1,2.2,0,0,
Leads-Search-1,Functional & Integrative Medicine,best integrative medicine doctors near me,integrative medicine near me,exact (close variant),None,1,1,5.2,1,5.2,0,0,
Leads-Search-1,Functional & Integrative Medicine,best primary care physician near me,functional medical doctors,broad,None,1,1,1.6,1,1.6,0,0,
Leads-Search-1,Functional & Integrative Medicine,best primary care physicians near me,functional medicine near me,broad,None,1,1,1.37,1,1.37,0,0,
Leads-Search-1,Functional & Integrative Medicine,best primary doctors near me,functional doctor,broad,None,1,1,0.4,1,0.4,0,0,
Leads-Search-1,Functional & Integrative Medicine,best primary doctors near me,functional doctor in my area,broad,None,1,1,1.1949,1,1.1949,0,0,
Leads-Search-1,Functional & Integrative Medicine,best primary doctors near me,functional integrative doctor,broad,None,1,1,0.81,1,0.81,0,0,
Leads-Search-1,Functional & Integrative Medicine,biocharger near me,functional medicine near me,broad,None,1,1,2.32,1,2.32,0,0,
Leads-Search-1,Functional & Integrative Medicine,bluestone physician services mn,functional medicine clinic near me,broad,None,1,1,2.33,1,2.33,0,0,
Leads-Search-1,Functional & Integrative Medicine,broadway clinic near me,integrative medicine near me,broad,None,1,1,2.3,1,2.3,0,0,
Leads-Search-1,Functional & Integrative Medicine,chronic,functional medicines,broad,None,1,1,8.1383,1,8.1383,0,0,
Leads-Search-1,Functional & Integrative Medicine,colon hydrotherapy,functional integrative medicine near me,broad,Excluded,1,1,1.45,1,1.45,0,0,
Leads-Search-1,Functional & Integrative Medicine,diabetes specialist,functional doctor,broad,None,1,1,1.28,1,1.28,0,0,
Leads-Search-1,Functional & Integrative Medicine,dissolve kidney stones,functional medicine practitioner,broad,None,1,1,0.3,1,0.3,0,0,
Leads-Search-1,Functional & Integrative Medicine,doctors near me,functional medicine,broad,None,1,1,0.6221,1,0.6221,1,1,0.6221
Leads-Search-1,Functional & Integrative Medicine,dr axe,functional medicine near me,broad,Excluded,1,1,0.19,1,0.19,0,0,
Leads-Search-1,Functional & Integrative Medicine,dr casey means,natural functional doctor,phrase (close variant),None,1,1,0.5474,1,0.5474,0,0,
Leads-Search-1,Functional & Integrative Medicine,dr oppitz,natural functional doctor,phrase (close variant),None,1,1,2.33,1,2.33,0,0,
Leads-Search-1,Functional & Integrative Medicine,enema nurse near me,functional medicine near me,broad,None,1,1,2.3,1,2.3,0,0,
Leads-Search-1,Functional & Integrative Medicine,family practice physician near me,functional medicine doctors near me,broad,None,1,1,0.79,1,0.79,0,0,
Leads-Search-1,Functional & Integrative Medicine,finding a doctor near me,integrative medicine doctors in my area,broad,None,1,2,3.2497,2,1.6248,0,0,
Leads-Search-1,Functional & Integrative Medicine,first choice wellness near me,functional medicine near me,broad,None,1,2,4.64,2,2.32,0,0,
Leads-Search-1,Functional & Integrative Medicine,food sensitivity test near me,functional medicine near me,broad,None,1,1,1.13,1,1.13,0,0,
Leads-Search-1,Functional & Integrative Medicine,free gi doctor near me,functional medicine doctors in my area,broad,None,1,2,3.8,2,1.9,0,0,
Leads-Search-1,Functional & Integrative Medicine,functional doctors near me,functional doctor in my area,exact (close variant),None,1,2,1.92,2,0.96,0,0,
Leads-Search-1,Functional & Integrative Medicine,functional dr near me that takes insurance,functional medicine near me,phrase (close variant),None,1,1,2.3,1,2.3,0,0,
Leads-Search-1,Functional & Integrative Medicine,functional medicine doctor maple grove,functional doctor,phrase,None,1,1,2.5,1,2.5,0,0,
Leads-Search-1,Functional & Integrative Medicine,functional medicine doctor mn,functional medicine,phrase,None,1,1,2.32,1,2.32,0,0,
Leads-Search-1,Functional & Integrative Medicine,functional medicine doctor st paul,functional medicine,phrase,None,1,1,0.9641,1,0.9641,0,0,
Leads-Search-1,Functional & Integrative Medicine,functional medicine minneapolis,integrative medicine near me,broad,None,1,1,3.17,1,3.17,0,0,
Leads-Search-1,Functional & Integrative Medicine,hashimoto doctor near me,functional medical,broad,None,1,1,1.21,1,1.21,0,0,
Leads-Search-1,Functional & Integrative Medicine,hcmc,functional medicine doctors near me,broad,Excluded,1,1,2.28,1,2.28,0,0,
Leads-Search-1,Functional & Integrative Medicine,hcmc south 8th street minneapolis mn,functional medicine clinic near me,broad,None,1,1,1.71,1,1.71,0,0,
Leads-Search-1,Functional & Integrative Medicine,health wellness,functional medicine,broad,None,1,1,0.99,1,0.99,0,0,
Leads-Search-1,Functional & Integrative Medicine,healthy lifestyle habits,functional medicine,broad,None,1,1,0.9,1,0.9,0,0,
Leads-Search-1,Functional & Integrative Medicine,holistic gut doctor near me,functional medical physician,phrase (close variant),None,1,1,1.11,1,1.11,0,0,
Leads-Search-1,Functional & Integrative Medicine,holistic treatment for high blood pressure,functional medicine,broad,None,1,1,2.32,1,2.32,0,0,
Leads-Search-1,Functional & Integrative Medicine,homeopathic migraine relief,integrative doctor,broad,None,1,1,0.3,1,0.3,0,0,
Leads-Search-1,Functional & Integrative Medicine,how to cure gout permanently,natural functional doctor,broad,None,1,1,1.411,1,1.411,0,0,
Leads-Search-1,Functional & Integrative Medicine,how to cure ulcerative colitis permanently,functional medicine near me,broad,None,1,1,2.11,1,2.11,0,0,
Leads-Search-1,Functional & Integrative Medicine,how to fix memory loss from depression,functional holistic medicine,broad,None,1,1,9.8429,1,9.8429,0,0,
Leads-Search-1,Functional & Integrative Medicine,ideal health and weight,functional medicine,broad,None,1,1,1.42,1,1.42,0,0,
Leads-Search-1,Functional & Integrative Medicine,inflammation treatment,functional medicine,broad,None,1,1,0.83,1,0.83,0,0,
Leads-Search-1,Functional & Integrative Medicine,integrative dermatology near me,integrative medicine doctors in my area,phrase (close variant),None,1,1,2.33,1,2.33,0,0,
Leads-Search-1,Functional & Integrative Medicine,integrative dermatology near me,integrative medicine near me,phrase (close variant),None,1,1,1.28,1,1.28,0,0,
Leads-Search-1,Functional & Integrative Medicine,integrative medicine doctors near me,integrative medicine near me,exact (close variant),None,1,1,2.23,1,2.23,0,0,
Leads-Search-1,Functional & Integrative Medicine,integrative rheumatologist,functional medicine doctors near me,broad,None,1,1,2.32,1,2.32,0,0,
Leads-Search-1,Functional & Integrative Medicine,lakeville specialty center suite 250,functional medicine doctors near me,broad,None,1,1,2.3,1,2.3,0,0,
Leads-Search-1,Functional & Integrative Medicine,local functional medicine doctor,functional medicine near me,exact (close variant),None,1,1,2.29,1,2.29,0,0,
Leads-Search-1,Functional & Integrative Medicine,longevity products,functional medicine,broad,None,1,1,0.34,1,0.34,0,0,
Leads-Search-1,Functional & Integrative Medicine,medical examination,functional medicine doctors near me,broad,None,1,1,1.42,1,1.42,0,0,
Leads-Search-1,Functional & Integrative Medicine,medical medium,functional integrative medicine near me,broad,Excluded,1,1,2.3,1,2.3,0,0,
Leads-Search-1,Functional & Integrative Medicine,medical treatments,functional doctor in my area,broad,None,1,1,1.4961,1,1.4961,1,1,1.4961
Leads-Search-1,Functional & Integrative Medicine,mngi minneapolis,best functional doctors near me,broad,None,1,1,2.32,1,2.32,0,0,
Leads-Search-1,Functional & Integrative Medicine,mystic clinic,functional integrative doctor,broad,Excluded,1,1,1.41,1,1.41,0,0,
Leads-Search-1,Functional & Integrative Medicine,natural cardiologist near me,integrative medicine near me,phrase (close variant),None,1,1,2.31,1,2.31,0,0,
Leads-Search-1,Functional & Integrative Medicine,natural path doctor near me,functional medicine,broad,None,1,1,2.27,1,2.27,0,0,
Leads-Search-1,Functional & Integrative Medicine,natural treatment for inflammation,functional medicine,broad,None,1,1,2.27,1,2.27,0,0,
Leads-Search-1,Functional & Integrative Medicine,naturalist doctor near me,integrative medicine near me,phrase (close variant),None,1,1,3.89,1,3.89,0,0,
Leads-Search-1,Functional & Integrative Medicine,naturopath dr near me,integrative health near me,phrase (close variant),None,1,1,2.29,1,2.29,0,0,
Leads-Search-1,Functional & Integrative Medicine,naturopath for weight loss near me,integrative medicine near me,phrase (close variant),None,1,1,0.7234,1,0.7234,0,0,
Leads-Search-1,Functional & Integrative Medicine,naturopath near me,natural functional doctor,phrase (close variant),None,1,1,2.3,1,2.3,0,0,
Leads-Search-1,Functional & Integrative Medicine,naturopathic doctor,integrative medicine near me,broad,None,1,1,1.75,1,1.75,0,0,
Leads-Search-1,Functional & Integrative Medicine,naturopathic doctor specializing in mental health,functional medicine near me,broad,None,1,1,1.02,1,1.02,0,0,
Leads-Search-1,Functional & Integrative Medicine,naturopathic doctors in minnesota,functional medical physician,broad,None,1,1,2.21,1,2.21,0,0,
Leads-Search-1,Functional & Integrative Medicine,non traditional doctors near me,functional medicine doctors near me,broad,None,1,1,2.6811,1,2.6811,0,0,
Leads-Search-1,Functional & Integrative Medicine,nrt testing near me,functional doctor in my area,broad,None,1,1,2.2,1,2.2,0,0,
Leads-Search-1,Functional & Integrative Medicine,osteoporosis advice,functional medicine,broad,None,1,1,0.86,1,0.86,0,0,
Leads-Search-1,Functional & Integrative Medicine,personal nutrition counseling,integrative health near me,broad,None,1,1,0.65,1,0.65,0,0,
Leads-Search-1,Functional & Integrative Medicine,physicians,functional medicine doctors near me,broad,None,1,1,1.008,1,1.008,1,1,1.008
Leads-Search-1,Functional & Integrative Medicine,pituitary gland healing frequency,functional medicine,broad,None,1,1,0.3981,1,0.3981,0,0,
Leads-Search-1,Functional & Integrative Medicine,preventive care doctor near me,functional medical physician,broad,None,1,1,2.32,1,2.32,0,0,
Leads-Search-1,Functional & Integrative Medicine,preventive medicine doctors near me,integrative medicine near me,broad,None,1,1,1.3589,1,1.3589,0,0,
Leads-Search-1,Functional & Integrative Medicine,primary care nurse practitioner near me,integrated and functional medicine,broad,None,1,1,0.79,1,0.79,0,0,
Leads-Search-1,Functional & Integrative Medicine,ramsey county public health center,functional medicine near me,broad,None,1,1,2.21,1,2.21,0,0,
Leads-Search-1,Functional & Integrative Medicine,regenerative medicine providers near me,functional integrative medicine near me,broad,None,1,1,1.69,1,1.69,0,0,
Leads-Search-1,Functional & Integrative Medicine,top rated doctors near me,integrative doctor,broad,None,1,1,0.6,1,0.6,0,0,
Leads-Search-1,Functional & Integrative Medicine,ways to well,functional medicine near me,broad,Excluded,1,1,2.31,1,2.31,0,0,
Leads-Search-1,Functional & Integrative Medicine,wellness clinics near me,functional medicine doctors near me,broad,None,1,1,0.53,1,0.53,0,0,
Leads-Search-1,Functional & Integrative Medicine,what is holistic medicine,functional medicine,broad,None,1,1,2.31,1,2.31,0,0,
Leads-Search-1,Functional & Integrative Medicine,what is the most effective way of dealing with disease,functional medicine,broad,None,1,1,0.3,1,0.3,0,0,
Leads-Search-1,Functional & Integrative Medicine,what's best for gut health,functional medicine,broad,None,1,1,1.3672,1,1.3672,0,0,
Leads-Search-1,Functional & Integrative Medicine,wholesome health,functional integrative doctor,broad,Excluded,1,1,1.55,1,1.55,0,0,
Leads-Search-1,Functional & Integrative Medicine,why am i having stomach pain,functional medicine near me,broad,None,1,1,0.44,1,0.44,0,0,
Leads-Search-1,Functional & Integrative Medicine,women's functional health near me,functional medicine near me,phrase (close variant),None,1,1,4.56,1,4.56,0,0,
Leads-Search-1,Functional & Integrative Medicine,womens functional medicine near me,integrative medicine near me,phrase (close variant),None,1,1,4.29,1,4.29,0,0,
Leads-Search-1,Geo-Qualified — Hopkins & West Metro,functional medicine doctor,functional medicine doctor eden prairie,broad,None,1,1,2.48,1,2.48,0,0,
Leads-Search-1,Geo-Qualified — Hopkins & West Metro,holistic medicine near me,naturopathic doctor Minneapolis,broad,None,1,1,1.94,1,1.94,0,0,
Leads-Search-1,Geo-Qualified — Hopkins & West Metro,natural health doctors near me,naturopathic doctor Minneapolis,broad,None,1,1,3.59,1,3.59,0,0,
Leads-Search-1,Geo-Qualified — Hopkins & West Metro,naturopath minneapolis,naturopathic doctor Minneapolis,exact (close variant),None,1,1,2.8,1,2.8,0,0,
Leads-Search-1,Geo-Qualified — Hopkins & West Metro,oak street health,natural medicine Minnesota,broad,Excluded,1,1,2.41,1,2.41,0,0,
Leads-Search-1,Geo-Qualified — Hopkins & West Metro,park nicollet clinic and specialty center burnsville 14050 building 14050 fairview dr burnsville mn 55337 5713,natural medicine Minnesota,broad,None,1,1,2.31,1,2.31,0,0,
Leads-Search-1,Geo-Qualified — Hopkins & West Metro,top rated functional medicine doctors near me,holistic medicine Minneapolis,broad,None,1,1,1.62,1,1.62,0,0,
Leads-Search-1,Men's Health,best for ed,holistic doctor for men near me,broad,None,1,1,1.28,1,1.28,0,0,
Leads-Search-1,Men's Health,best multivitamin for erectile dysfunction,naturopath for men,broad,None,1,1,0.79,1,0.79,0,0,
Leads-Search-1,Men's Health,best over the counter ed treatment,men health clinic near me,broad,None,1,1,0.2865,1,0.2865,0,0,
Leads-Search-1,Men's Health,best prostate treatment,male medical clinic near me,broad,None,1,1,0.44,1,0.44,0,0,
Leads-Search-1,Men's Health,best prostate treatments,men's specialist doctor near me,broad,None,1,1,1.02,1,1.02,0,0,
Leads-Search-1,Men's Health,best sexual supplements for men,gents specialist doctor near me,broad,None,1,1,0.45,1,0.45,0,0,
Leads-Search-1,Men's Health,best treatment for enlarged prostate,gents specialist doctor near me,broad,None,1,1,0.5,1,0.5,1,1,0.5
Leads-Search-1,Men's Health,best vitamins for erectile strength,men's health naturopath,broad,None,1,1,0.4489,1,0.4489,0,0,
Leads-Search-1,Men's Health,ed fix for men,naturopath for low testosterone,broad,None,1,1,0.67,1,0.67,0,0,
Leads-Search-1,Men's Health,ed problems,naturopath for low testosterone,broad,None,1,1,0.34,1,0.34,0,0,
Leads-Search-1,Men's Health,erectile dysfunction age 75,naturopath for erectile dysfunction,broad,None,1,1,0.3314,1,0.3314,0,0,
Leads-Search-1,Men's Health,erectile dysfunction ncbi,naturopath for men,broad,None,1,1,2.18,1,2.18,1,1,2.18
Leads-Search-1,Men's Health,erectile dysfunction sign up,men's specialist doctor near me,broad,None,1,1,0.3971,1,0.3971,0,0,
Leads-Search-1,Men's Health,erectile dysfunction treatment,gents specialist doctor near me,broad,None,1,1,1.61,1,1.61,1,1,1.61
Leads-Search-1,Men's Health,erectile dysfunction uptodate,naturopath for men,broad,None,1,1,4.8662,1,4.8662,0,0,
Leads-Search-1,Men's Health,erection aids,men's health naturopath,broad,None,1,1,0.2388,1,0.2388,0,0,
Leads-Search-1,Men's Health,foods to increase erection,men's health naturopath,broad,None,1,1,0.73,1,0.73,0,0,
Leads-Search-1,Men's Health,games day men's health near me,naturopath for men,broad,None,1,1,0.01,1,0.01,0,0,
Leads-Search-1,Men's Health,get hard pills for men,men's health naturopath,broad,None,1,1,0.37,1,0.37,0,0,
Leads-Search-1,Men's Health,girth enlargement,men's specialist doctor near me,broad,None,1,1,0.38,1,0.38,0,0,
Leads-Search-1,Men's Health,how to enlarge the male reproductive organ,naturopath for men,broad,None,1,1,0.22,1,0.22,0,0,
Leads-Search-1,Men's Health,how to get a prostate cancer test,male medical clinic near me,broad,None,1,1,0.4598,1,0.4598,0,0,
Leads-Search-1,Men's Health,how to get tired easily,adrenal fatigue doctor near me,broad,None,1,1,1.1,1,1.1,0,0,
Leads-Search-1,Men's Health,increase blood flow to pennis naturally,men's specialist doctor near me,broad,None,1,1,0.22,1,0.22,0,0,
Leads-Search-1,Men's Health,instant ed cure,men's health doctor near me,broad,None,1,1,0.32,1,0.32,0,0,
Leads-Search-1,Men's Health,is it possible to enlarge pennis size,naturopath for men,broad,None,1,1,0.6549,1,0.6549,0,0,
Leads-Search-1,Men's Health,longer lasting erections,men's health naturopath,broad,None,1,1,0.12,1,0.12,0,0,
Leads-Search-1,Men's Health,men's health doctors near me,male doctor near me,phrase (close variant),None,1,1,2.06,1,2.06,1,1,2.06
Leads-Search-1,Men's Health,micronutrients testing,adrenal fatigue doctor near me,broad,None,1,1,2.34,1,2.34,0,0,
Leads-Search-1,Men's Health,one simple trick to cure ed,holistic doctor for men near me,broad,None,1,1,0.22,1,0.22,0,0,
Leads-Search-1,Men's Health,one simple trick to cure ed,naturopath for erectile dysfunction,broad,None,1,1,0.15,1,0.15,0,0,
Leads-Search-1,Men's Health,over the counter erectile dysfunction pills,naturopath for erectile dysfunction,broad,None,1,1,0.3062,1,0.3062,0,0,
Leads-Search-1,Men's Health,penile enhancement,naturopath for men,broad,None,1,1,0.29,1,0.29,0,0,
Leads-Search-1,Men's Health,pennis problems and treatment,men's health naturopath,broad,None,1,1,0.46,1,0.46,0,0,
Leads-Search-1,Men's Health,problem with keeping a hard on,male health doctors near me,broad,None,1,1,0.3219,1,0.3219,0,0,
Leads-Search-1,Men's Health,problem with keeping a hard on,naturopath for erectile dysfunction,broad,None,1,1,0.2456,1,0.2456,0,0,
Leads-Search-1,Men's Health,quick fix for erectile dysfunction,naturopath for men,broad,None,1,1,0.2376,1,0.2376,0,0,
Leads-Search-1,Men's Health,routine check up,adrenal fatigue doctor near me,broad,Excluded,1,1,0.95,1,0.95,0,0,
Leads-Search-1,Men's Health,testosterone test,male medical clinic near me,broad,None,1,1,4.62,1,4.62,0,0,
Leads-Search-1,Men's Health,testosterone treatment for prostate cancer,male medical clinic near me,broad,None,1,1,1.71,1,1.71,0,0,
Leads-Search-1,Men's Health,treatment for prostate,naturopath for prostate,broad,None,1,1,0.319,1,0.319,0,0,
Leads-Search-1,Men's Health,vacuum therapy for erectile dysfunction,men's health naturopath,broad,None,1,1,1.13,1,1.13,0,0,
Leads-Search-1,Men's Health,vitality for men,naturopath for men,broad,None,1,1,0.47,1,0.47,0,0,
Leads-Search-1,Naturopath Near Me — Core,alternative medicine near me,alternative medicine near me,exact,Added,1,1,2.53,1,2.53,0,0,
Leads-Search-1,Naturopath Near Me — Core,belief code practitioner near me,alternative medicine near me,broad,None,1,1,1.65,1,1.65,0,0,
Leads-Search-1,Naturopath Near Me — Core,best sciatica treatment,alternative medicine near me,broad,None,1,1,1.13,1,1.13,0,0,
Leads-Search-1,Naturopath Near Me — Core,chakra tune up,alternative medicine near me,broad,None,1,1,0.33,1,0.33,0,0,
Leads-Search-1,Naturopath Near Me — Core,community health center minneapolis,alternative medicine near me,broad,None,1,1,2.52,1,2.52,1,1,2.52
Leads-Search-1,Naturopath Near Me — Core,electrodermal screening near me,natural doctor near me,broad,None,1,1,0.74,1,0.74,0,0,
Leads-Search-1,Naturopath Near Me — Core,gerd doctor near me,alternative medicine doctors near me,broad,None,1,1,2.06,1,2.06,0,0,
Leads-Search-1,Naturopath Near Me — Core,hennepin clinic,alternative medicine near me,broad,Excluded,1,1,2.18,1,2.18,0,0,
Leads-Search-1,Naturopath Near Me — Core,holistic,alternative medicine near me,broad,Excluded,1,2,4.26,2,2.13,0,0,
Leads-Search-1,Naturopath Near Me — Core,holistic dermatologist near me,natural doctor near me,phrase (close variant),None,1,1,1.27,1,1.27,0,0,
Leads-Search-1,Naturopath Near Me — Core,holistic doctor minneapolis,naturopathic practitioner near me,broad,None,1,1,1.24,1,1.24,0,0,
Leads-Search-1,Naturopath Near Me — Core,holistic health practitioners near me,natural doctor near me,exact (close variant),None,1,1,3.43,1,3.43,0,0,
Leads-Search-1,Naturopath Near Me — Core,holistic health ulcerative colitis,naturopaths in my area,broad,None,1,1,3.72,1,3.72,0,0,
Leads-Search-1,Naturopath Near Me — Core,holistic pcos doctor near me,holistic dr near me,phrase,None,1,1,0.6385,1,0.6385,2,2,0.3192
Leads-Search-1,Naturopath Near Me — Core,holistic physicians near me,natural doctor near me,exact (close variant),None,1,1,0.96,1,0.96,0,0,
Leads-Search-1,Naturopath Near Me — Core,iridologist near me,natural doctor near me,phrase (close variant),None,1,1,2.4,1,2.4,1,1,2.4
Leads-Search-1,Naturopath Near Me — Core,medicine and doctors online,alternative medicine near me,broad,None,1,1,1.9274,1,1.9274,0,0,
Leads-Search-1,Naturopath Near Me — Core,natural medication for adhd,alternative medicine near me,broad,None,1,1,3.61,1,3.61,0,0,
Leads-Search-1,Naturopath Near Me — Core,naturopathic doctor st paul,naturopathic practitioner near me,broad,None,1,1,0.8628,1,0.8628,0,0,
Leads-Search-1,Naturopath Near Me — Core,poop,alternative medicine near me,broad,Excluded,1,1,0.87,1,0.87,0,0,
Leads-Search-1,Naturopath Near Me — Core,pppd natural treatment,alternative medicine near me,broad,None,1,1,2.16,1,2.16,0,0,
Leads-Search-1,Naturopath Near Me — Core,wellness clinics near me,holistic dr near me,broad,None,1,1,0.42,1,0.42,0,0,
Leads-Search-1,Pediatrics,anti vax pediatricians near me,pediatric holistic doctor,broad,None,1,1,0.83,1,0.83,0,0,
Leads-Search-1,Pediatrics,free children clinic near me,pediatric holistic doctor,broad,None,1,1,2.34,1,2.34,0,0,
Leads-Search-1,Pediatrics,functional medicine doctor for children,pediatric naturopath near me,broad,None,1,1,1.56,1,1.56,0,0,
Leads-Search-1,Pediatrics,functional medicine pediatric,holistic pediatricians near me,broad,None,1,1,1.2,1,1.2,0,0,
Leads-Search-1,Pediatrics,health partners near me,holistic pediatricians near me,broad,None,1,1,0.46,1,0.46,0,0,
Leads-Search-1,Pediatrics,holistic doctor for kids near me,holistic pediatricians near me,exact (close variant),None,1,2,2.54,2,1.27,0,0,
Leads-Search-1,Pediatrics,natural pediatricians near me,pediatric holistic doctor,exact (close variant),None,1,1,1.55,1,1.55,0,0,
Leads-Search-1,Pediatrics,pediatric allergist,holistic pediatricians near me,broad,None,1,1,0.65,1,0.65,0,0,
Leads-Search-1,Pediatrics,pediatric clinic near me,pediatric holistic doctor,broad,Excluded,1,1,2.1,1,2.1,0,0,
Leads-Search-1,Pediatrics,pediatric offices near me,pediatric holistic doctor,broad,Excluded,1,1,2.09,1,2.09,0,0,
Leads-Search-1,Pediatrics,pediatrician allergist,holistic pediatricians near me,broad,None,1,1,3.43,1,3.43,0,0,
Leads-Search-1,Pediatrics,pediatricians near me that don t require vaccines,holistic pediatricians near me,broad,None,1,1,0.87,1,0.87,1,1,0.87
Leads-Search-1,Pediatrics,rebecca doege,pediatric holistic doctor,broad,Excluded,1,1,2.39,1,2.39,0,0,
Leads-Search-1,Pediatrics,woodwinds clinic,pediatric naturopath near me,broad,None,1,1,1.7762,1,1.7762,0,0,
Leads-Search-1,Women's Health & Hormones,ago mom natural pregnancy stories,women's health naturopath,broad,None,1,1,2.91,1,2.91,0,0,
Leads-Search-1,Women's Health & Hormones,best contraception for 40 year old,women's hormone specialist near me,broad,None,1,1,1.2833,1,1.2833,1,1,1.2833
Leads-Search-1,Women's Health & Hormones,best glp 1 for menopause weight loss,functional medicine for hormones,broad,None,1,1,0.54,1,0.54,0,0,
Leads-Search-1,Women's Health & Hormones,best hormone replacement therapy for women,naturopath for hormone imbalance,broad,None,1,1,0.89,1,0.89,0,0,
Leads-Search-1,Women's Health & Hormones,best pcos doctors near me,women's health naturopath,broad,None,1,1,1.71,1,1.71,1,1,1.71
Leads-Search-1,Women's Health & Hormones,best thyroid medication for weight loss,functional medicine for hormones,broad,None,1,1,2.33,1,2.33,0,0,
Leads-Search-1,Women's Health & Hormones,birth control clinic,women's naturopath near me,broad,None,1,1,0.4536,1,0.4536,0,0,
Leads-Search-1,Women's Health & Hormones,chequeo médico general para mujeres,women's health naturopath,broad,None,1,1,1.32,1,1.32,0,0,
Leads-Search-1,Women's Health & Hormones,contraceptives for females,hormone doctor near me,broad,None,1,1,4.5142,1,4.5142,1,1,4.5142
Leads-Search-1,Women's Health & Hormones,create fertility,naturopath for fertility,broad,Excluded,1,1,0.17,1,0.17,0,0,
Leads-Search-1,Women's Health & Hormones,dr heather stone diet,naturopath for hormone imbalance,broad,None,1,1,2.91,1,2.91,0,0,
Leads-Search-1,Women's Health & Hormones,dutch complete,functional medicine for hormones,broad,None,1,1,2.9,1,2.9,0,0,
Leads-Search-1,Women's Health & Hormones,endocrinologist near me,naturopath for hormone imbalance,broad,None,1,1,1.77,1,1.77,0,0,
Leads-Search-1,Women's Health & Hormones,endometriosis doctor near me,women's health naturopath,broad,None,1,1,2.91,1,2.91,0,0,
Leads-Search-1,Women's Health & Hormones,endometriosis naturopath,women's health naturopath,phrase (close variant),None,1,1,2.38,1,2.38,0,0,
Leads-Search-1,Women's Health & Hormones,estrogen after 65,functional medicine hormones,broad,None,1,1,0.69,1,0.69,0,0,
Leads-Search-1,Women's Health & Hormones,estrogen and sex drive,naturopath for hormones,broad,None,1,1,1.88,1,1.88,0,0,
Leads-Search-1,Women's Health & Hormones,estrogen replacement options,hormone doctor near me,broad,None,1,1,2.7041,1,2.7041,0,0,
Leads-Search-1,Women's Health & Hormones,female hormone therapy near me,naturopath for hormones,broad,None,1,1,3.5574,1,3.5574,0,0,
Leads-Search-1,Women's Health & Hormones,fertility clinic maple grove mn,women's health naturopath,broad,None,1,1,2.69,1,2.69,0,0,
Leads-Search-1,Women's Health & Hormones,fertility clinic minneapolis,women's health naturopath,broad,None,1,1,2.88,1,2.88,0,0,
Leads-Search-1,Women's Health & Hormones,fertility clinic near me near me,hormone doctor near me,broad,None,1,1,2.3,1,2.3,0,0,
Leads-Search-1,Women's Health & Hormones,fertility expert near me,women's health naturopath,broad,None,1,1,0.73,1,0.73,1,1,0.73
Leads-Search-1,Women's Health & Hormones,fertility specialists,hormone doctor near me,broad,None,1,1,1.18,1,1.18,0,0,
Leads-Search-1,Women's Health & Hormones,fertility treatment near me,naturopath for hormone imbalance,broad,None,1,1,1.058,1,1.058,1,1,1.058
Leads-Search-1,Women's Health & Hormones,fertility treatment options,fertility naturopath near me,broad,None,1,1,4.4735,1,4.4735,1,1,4.4735
Leads-Search-1,Women's Health & Hormones,functional medicine women's health near me,women's health naturopath,broad,None,1,1,0.7,1,0.7,0,0,
Leads-Search-1,Women's Health & Hormones,hashimoto's,functional medicine for hormones,broad,None,1,1,2.78,1,2.78,0,0,
Leads-Search-1,Women's Health & Hormones,holistic doctor near me,female naturopath near me,broad,None,1,2,6.28,2,3.14,0,0,
Leads-Search-1,Women's Health & Hormones,holistic gut doctor near me,naturopath for hormone imbalance,broad,None,1,1,2.82,1,2.82,0,0,
Leads-Search-1,Women's Health & Hormones,holistic obgyn doctor near me,women's health naturopath,broad,None,1,1,1.49,1,1.49,0,0,
Leads-Search-1,Women's Health & Hormones,holistic obgyn near me,women's health naturopath,broad,None,1,1,1.5743,1,1.5743,0,0,
Leads-Search-1,Women's Health & Hormones,holistic osteoporosis doctor near me,female naturopath,broad,None,1,1,1.9664,1,1.9664,0,0,
Leads-Search-1,Women's Health & Hormones,holistic women's health near me,natural help for menopause,broad,None,1,1,2.83,1,2.83,0,0,
Leads-Search-1,Women's Health & Hormones,hormone balance diet,naturopath for hormone imbalance,broad,None,1,1,2.86,1,2.86,0,0,
Leads-Search-1,Women's Health & Hormones,hormone expert near me,hormone doctor near me,exact (close variant),None,1,1,1.8484,1,1.8484,0,0,
Leads-Search-1,Women's Health & Hormones,hormone specialist minneapolis,women's health naturopath,broad,None,1,1,2.49,1,2.49,0,0,
Leads-Search-1,Women's Health & Hormones,hormone therapy,hormone doctor near me,broad,Excluded,1,1,1.06,1,1.06,0,0,
Leads-Search-1,Women's Health & Hormones,hot flashes at night,female naturopath,broad,None,1,1,2.8,1,2.8,0,0,
Leads-Search-1,Women's Health & Hormones,how do you treat perimenopause,naturopath for hormone imbalance,broad,None,1,1,2.85,1,2.85,0,0,
Leads-Search-1,Women's Health & Hormones,hypothyroid specialist near me,hormone doctor near me,phrase (close variant),Added,1,1,2.62,1,2.62,0,0,
Leads-Search-1,Women's Health & Hormones,i want to go on the pill,hormone doctor near me,broad,None,1,1,0.49,1,0.49,0,0,
Leads-Search-1,Women's Health & Hormones,is it normal to have pcos,fertility naturopath near me,broad,None,1,1,0.67,1,0.67,0,0,
Leads-Search-1,Women's Health & Hormones,kegel exercises for frequent urination,female naturopath near me,broad,None,1,1,0.71,1,0.71,0,0,
Leads-Search-1,Women's Health & Hormones,labcorp hormone panel,naturopath for hormone imbalance,broad,None,1,1,1.18,1,1.18,0,0,
Leads-Search-1,Women's Health & Hormones,low acth,hormone doctor near me,broad,Excluded,1,2,6.42,2,3.21,0,0,
Leads-Search-1,Women's Health & Hormones,lump in neck thyroid,Hashimoto's naturopath,broad,None,1,1,0.7319,1,0.7319,1,1,0.7319
Leads-Search-1,Women's Health & Hormones,m health women's clinic edina,women's health naturopath,broad,None,1,1,2.8,1,2.8,0,0,
Leads-Search-1,Women's Health & Hormones,medicine for pcos,female naturopath near me,broad,None,1,1,2.82,1,2.82,0,0,
Leads-Search-1,Women's Health & Hormones,menopause experts near me,perimenopause doctor near me,exact (close variant),None,1,1,2.9,1,2.9,0,0,
Leads-Search-1,Women's Health & Hormones,menopause health near me,perimenopause doctor near me,phrase (close variant),None,1,1,0.61,1,0.61,0,0,
Leads-Search-1,Women's Health & Hormones,menopause renewal,women's hormone specialist near me,broad,Excluded,1,1,0.35,1,0.35,0,0,
Leads-Search-1,Women's Health & Hormones,menopause specialists near me,hormone doctor near me,phrase (close variant),None,1,1,1.91,1,1.91,0,0,
Leads-Search-1,Women's Health & Hormones,menopause symptoms relief,women's hormone specialist near me,broad,None,1,1,0.55,1,0.55,0,0,
Leads-Search-1,Women's Health & Hormones,menopause treatment,female naturopath,broad,None,1,1,1.0586,1,1.0586,0,0,
Leads-Search-1,Women's Health & Hormones,midi health reviews,naturopath for women's health,broad,None,1,1,3.93,1,3.93,0,0,
Leads-Search-1,Women's Health & Hormones,naprotechnology doctor near me,fertility naturopath near me,broad,None,1,1,1.8,1,1.8,0,0,
Leads-Search-1,Women's Health & Hormones,naturopathic doctor edina mn,hormone doctor near me,broad,None,1,1,0.95,1,0.95,1.5,1.5,0.6333
Leads-Search-1,Women's Health & Hormones,nurture fertility,fertility naturopath near me,broad,Excluded,1,1,0.1732,1,0.1732,0,0,
Leads-Search-1,Women's Health & Hormones,obgyns near me,women's health naturopath,broad,None,1,1,2.93,1,2.93,0,0,
Leads-Search-1,Women's Health & Hormones,pcos doctors near me,pcos specialist near me,exact (close variant),None,1,1,2.91,1,2.91,0,0,
Leads-Search-1,Women's Health & Hormones,perimenopause doctor near me,hormone doctor near me,phrase (close variant),Added,1,1,4.15,1,4.15,1,1,4.15
Leads-Search-1,Women's Health & Hormones,perimenopause doctors,naturopath for women's health,broad,None,1,1,1.4603,1,1.4603,0.51,0.51,2.8633
Leads-Search-1,Women's Health & Hormones,perimenopause specialist near me,perimenopause doctor near me,exact (close variant),None,1,1,2.91,1,2.91,0,0,
Leads-Search-1,Women's Health & Hormones,premenopausal symptoms and treatment,naturopath for hormones,broad,None,1,1,0.3,1,0.3,0,0,
Leads-Search-1,Women's Health & Hormones,que hacer con los bochornos de la menopausia,female naturopath near me,broad,None,1,1,0.54,1,0.54,0,0,
Leads-Search-1,Women's Health & Hormones,scared of getting pregnant first time,fertility naturopath near me,broad,None,1,1,1.42,1,1.42,0,0,
Leads-Search-1,Women's Health & Hormones,signs of early menopause,women's hormone specialist near me,broad,None,1,1,0.89,1,0.89,0,0,
Leads-Search-1,Women's Health & Hormones,symptoms of perimenopause and menopause,women's health naturopath,broad,None,1,1,2.81,1,2.81,0,0,
Leads-Search-1,Women's Health & Hormones,things to do for healthy pregnancy,women's health naturopath,broad,None,1,1,1.02,1,1.02,0,0,
Leads-Search-1,Women's Health & Hormones,thyroid doctors near me,hormone doctor near me,phrase (close variant),None,1,1,0.97,1,0.97,0,0,
Leads-Search-1,Women's Health & Hormones,weight gain and hormone replacement therapy,functional medicine hormones,broad,None,1,1,2.91,1,2.91,0,0,
Leads-Search-1,Women's Health & Hormones,what do i take to balance my hormones,naturopath for hormone imbalance,broad,None,1,1,2.82,1,2.82,0,0,
Leads-Search-1,Women's Health & Hormones,what helps menopause,female naturopath near me,broad,None,1,1,0.67,1,0.67,0,0,
Leads-Search-1,Women's Health & Hormones,what to take for menopause,female naturopath near me,broad,None,1,1,0.9718,1,0.9718,0,0,
Leads-Search-1,Women's Health & Hormones,where can i get estrogen patches,hormone doctor near me,broad,None,1,1,1.99,1,1.99,0,0,
Leads-Search-1,Women's Health & Hormones,where to get estrogen patches,hormone doctor near me,broad,None,1,1,1.826,1,1.826,0,0,
Leads-Search-1,Women's Health & Hormones,where to get hormones tested,female naturopath near me,broad,None,1,1,2.3396,1,2.3396,1,1,2.3396
Leads-Search-1,Women's Health & Hormones,women clinic near me,women's hormone specialist near me,broad,None,1,1,2.85,1,2.85,0,0,
Leads-Search-1,Women's Health & Hormones,women functional medicine,hormone doctor near me,broad,None,1,1,3.5,1,3.5,0,0,
Leads-Search-1,Women's Health & Hormones,women's digestive health,naturopath for hormone imbalance,broad,None,1,1,0.3,1,0.3,0,0,
Leads-Search-1,Women's Health & Hormones,womens hormone specialist near me,women's hormone specialist near me,exact (close variant),None,1,1,3.63,1,3.63,1,1,3.63
