Campaignname,DayofweekWithNum,Hour,Impressions,Clicks,Cost,Ctr,Conversions,CostPerConversion
Campaign #1,0 Sunday,00,727,32,4.3271,0.044017,44.0,0.0983
Campaign #1,0 Sunday,01,576,28,3.1973,0.048611,33.73,0.0948
Campaign #1,0 Sunday,02,405,20,2.3211,0.049383,20.0,0.1161
Campaign #1,0 Sunday,03,426,14,2.4216,0.032864,10.0,0.2422
Campaign #1,0 Sunday,04,299,10,1.8005,0.033445,9.0,0.2001
Campaign #1,0 Sunday,05,148,7,0.8828,0.047297,4.0,0.2207
Campaign #1,0 Sunday,06,127,2,0.8019,0.015748,2.0,0.401
Campaign #1,0 Sunday,07,171,5,1.1264,0.02924,5.0,0.2253
Campaign #1,0 Sunday,08,223,5,1.4018,0.022422,4.0,0.3504
Campaign #1,0 Sunday,09,473,11,3.1141,0.023256,9.02,0.3452
Campaign #1,0 Sunday,10,762,19,4.6074,0.024934,16.0,0.288
Campaign #1,0 Sunday,11,1283,41,7.586,0.031956,23.0,0.3298
Campaign #1,0 Sunday,12,1281,73,12.4714,0.056987,22.98,0.5427
Campaign #1,0 Sunday,13,810,37,10.3895,0.045679,23.0,0.4517
Campaign #1,0 Sunday,14,686,17,3.3997,0.024781,16.0,0.2125
Campaign #1,0 Sunday,15,552,20,2.8846,0.036232,13.0,0.2219
Campaign #1,0 Sunday,16,468,19,4.2065,0.040598,16.0,0.2629
Campaign #1,0 Sunday,17,425,19,2.1112,0.044706,10.0,0.2111
Campaign #1,0 Sunday,18,335,17,4.9957,0.050746,12.0,0.4163
Campaign #1,0 Sunday,19,349,16,3.3055,0.045845,18.0,0.1836
Campaign #1,0 Sunday,20,427,11,2.1263,0.025761,15.0,0.1418
Campaign #1,0 Sunday,21,520,17,3.4679,0.032692,18.0,0.1927
Campaign #1,0 Sunday,22,914,36,4.2647,0.039387,39.0,0.1094
Campaign #1,0 Sunday,23,336,16,1.616,0.047619,14.0,0.1154
Campaign #1,1 Monday,00,1001,33,4.9892,0.032967,24.0,0.2079
Campaign #1,1 Monday,01,509,19,2.558,0.037328,6.0,0.4263
Campaign #1,1 Monday,02,298,10,1.4153,0.033557,1.0,1.4153
Campaign #1,1 Monday,03,177,10,0.8807,0.056497,1.0,0.8807
Campaign #1,1 Monday,04,80,2,0.4187,0.025,0.0,
Campaign #1,1 Monday,05,55,2,0.2785,0.036364,0.0,
Campaign #1,1 Monday,06,41,2,0.2021,0.04878,2.0,0.1011
Campaign #1,1 Monday,07,47,2,0.1764,0.042553,1.0,0.1764
Campaign #1,1 Monday,08,77,3,0.2729,0.038961,0.0,
Campaign #1,1 Monday,09,66,3,0.2189,0.045455,1.0,0.2189
Campaign #1,1 Monday,10,583,17,14.5267,0.02916,3.0,4.8422
Campaign #1,1 Monday,11,1169,33,11.5118,0.028229,5.0,2.3024
Campaign #1,1 Monday,12,1405,57,8.1861,0.040569,1.0,8.1861
Campaign #1,1 Monday,13,2064,48,6.6779,0.023256,0.0,
Campaign #1,1 Monday,14,685,21,12.1977,0.030657,2.0,6.0988
Campaign #1,1 Monday,15,108,3,4.1967,0.027778,0.0,
Campaign #1,1 Monday,16,138,2,0.329,0.014493,0.0,
Campaign #1,1 Monday,17,192,6,0.6906,0.03125,2.0,0.3453
Campaign #1,1 Monday,18,29,1,0.031,0.034483,0.0,
Campaign #1,1 Monday,19,37,1,1.0875,0.027027,1.0,1.0875
Campaign #1,1 Monday,20,106,1,0.2342,0.009434,0.0,
Campaign #1,1 Monday,21,366,13,1.6985,0.035519,7.0,0.2426
Campaign #1,1 Monday,22,1234,35,5.5058,0.028363,32.0,0.1721
Campaign #1,1 Monday,23,1663,51,7.8282,0.030667,52.0,0.1505
Campaign #1,2 Tuesday,00,1848,74,9.1726,0.040043,56.0,0.1638
Campaign #1,2 Tuesday,01,1552,60,8.0811,0.03866,34.0,0.2377
Campaign #1,2 Tuesday,02,1070,43,5.4738,0.040187,26.0,0.2105
Campaign #1,2 Tuesday,03,575,12,2.792,0.02087,9.0,0.3102
Campaign #1,2 Tuesday,04,695,31,4.1142,0.044604,10.0,0.4114
Campaign #1,2 Tuesday,05,574,19,4.851,0.033101,10.0,0.4851
Campaign #1,2 Tuesday,06,576,13,2.7265,0.022569,4.0,0.6816
Campaign #1,2 Tuesday,07,791,25,8.0745,0.031606,3.0,2.6915
Campaign #1,2 Tuesday,08,1054,51,6.4636,0.048387,12.0,0.5386
Campaign #1,2 Tuesday,09,937,32,5.8576,0.034152,4.0,1.4644
Campaign #1,2 Tuesday,10,1420,68,8.789,0.047887,11.02,0.7975
Campaign #1,2 Tuesday,11,1320,55,10.3446,0.041667,9.0,1.1494
Campaign #1,2 Tuesday,12,1346,46,6.3688,0.034175,9.02,0.7061
Campaign #1,2 Tuesday,13,1296,44,10.8127,0.033951,13.98,0.7734
Campaign #1,2 Tuesday,14,1095,37,4.7944,0.03379,6.0,0.7991
Campaign #1,2 Tuesday,15,320,11,4.4522,0.034375,4.0,1.1131
Campaign #1,2 Tuesday,16,57,3,5.36,0.052632,2.0,2.68
Campaign #1,2 Tuesday,17,31,0,0.0306,0.0,0.0,
Campaign #1,2 Tuesday,18,23,1,0.4625,0.043478,1.0,0.4625
Campaign #1,2 Tuesday,19,34,0,0.0098,0.0,0.0,
Campaign #1,2 Tuesday,20,44,4,9.8032,0.090909,0.0,
Campaign #1,2 Tuesday,21,53,1,1.3,0.018868,2.0,0.65
Campaign #1,2 Tuesday,22,64,4,11.4422,0.0625,3.0,3.8141
Campaign #1,2 Tuesday,23,38,1,0.0931,0.026316,1.0,0.0931
Campaign #1,3 Wednesday,00,1218,54,5.4563,0.044335,69.0,0.0791
Campaign #1,3 Wednesday,01,953,24,5.4509,0.025184,22.0,0.2478
Campaign #1,3 Wednesday,02,373,15,1.8814,0.040214,10.0,0.1881
Campaign #1,3 Wednesday,03,182,6,3.267,0.032967,2.0,1.6335
Campaign #1,3 Wednesday,04,149,4,4.6129,0.026846,5.0,0.9226
Campaign #1,3 Wednesday,05,116,4,5.6608,0.034483,1.0,5.6608
Campaign #1,3 Wednesday,06,126,5,3.5399,0.039683,2.0,1.7699
Campaign #1,3 Wednesday,07,190,8,5.8864,0.042105,3.0,1.9621
Campaign #1,3 Wednesday,08,232,6,2.0287,0.025862,0.98,2.0701
Campaign #1,3 Wednesday,09,332,8,11.0472,0.024096,1.0,11.0472
Campaign #1,3 Wednesday,10,388,8,8.1001,0.020619,2.0,4.05
Campaign #1,3 Wednesday,11,148,4,9.4764,0.027027,0.0,
Campaign #1,3 Wednesday,12,495,12,9.4911,0.024242,3.0,3.1637
Campaign #1,3 Wednesday,13,596,17,2.654,0.028523,9.0,0.2949
Campaign #1,3 Wednesday,14,516,15,3.4216,0.02907,6.0,0.5703
Campaign #1,3 Wednesday,15,444,16,27.8025,0.036036,6.0,4.6338
Campaign #1,3 Wednesday,16,385,10,2.506,0.025974,2.03,1.2345
Campaign #1,3 Wednesday,17,262,10,16.9472,0.038168,4.0,4.2368
Campaign #1,3 Wednesday,18,232,11,1.8882,0.047414,1.0,1.8882
Campaign #1,3 Wednesday,19,347,6,1.3959,0.017291,6.0,0.2327
Campaign #1,3 Wednesday,20,425,24,6.6639,0.056471,16.0,0.4165
Campaign #1,3 Wednesday,21,417,15,2.0247,0.035971,15.0,0.135
Campaign #1,3 Wednesday,22,555,29,5.0482,0.052252,29.0,0.1741
Campaign #1,3 Wednesday,23,725,30,3.2576,0.041379,23.0,0.1416
Campaign #1,4 Thursday,00,1055,35,4.946,0.033175,23.02,0.2149
Campaign #1,4 Thursday,01,1021,38,6.9349,0.037218,17.0,0.4079
Campaign #1,4 Thursday,02,449,9,2.1629,0.020045,2.0,1.0814
Campaign #1,4 Thursday,03,334,5,1.6571,0.01497,0.0,
Campaign #1,4 Thursday,04,237,4,1.1156,0.016878,3.0,0.3719
Campaign #1,4 Thursday,05,253,9,1.2883,0.035573,2.0,0.6442
Campaign #1,4 Thursday,06,219,7,6.7221,0.031963,3.0,2.2407
Campaign #1,4 Thursday,07,220,6,2.4104,0.027273,2.0,1.2052
Campaign #1,4 Thursday,08,235,10,1.9743,0.042553,0.0,
Campaign #1,4 Thursday,09,277,2,1.1476,0.00722,0.98,1.171
Campaign #1,4 Thursday,10,336,13,5.9746,0.03869,5.0,1.1949
Campaign #1,4 Thursday,11,225,10,2.2159,0.044444,1.98,1.1191
Campaign #1,4 Thursday,12,257,8,6.4878,0.031128,2.0,3.2439
Campaign #1,4 Thursday,13,239,10,2.2272,0.041841,5.0,0.4454
Campaign #1,4 Thursday,14,211,8,5.4574,0.037915,0.0,
Campaign #1,4 Thursday,15,197,5,4.8329,0.025381,1.0,4.8329
Campaign #1,4 Thursday,16,330,11,1.9184,0.033333,3.0,0.6395
Campaign #1,4 Thursday,17,120,7,2.8148,0.058333,1.98,1.4216
Campaign #1,4 Thursday,18,111,2,3.1707,0.018018,0.0,
Campaign #1,4 Thursday,19,99,5,3.0719,0.050505,0.0,
Campaign #1,4 Thursday,20,269,7,7.7475,0.026022,0.0,
Campaign #1,4 Thursday,21,347,9,1.782,0.025937,4.04,0.4411
Campaign #1,4 Thursday,22,552,13,4.6692,0.023551,5.0,0.9338
Campaign #1,4 Thursday,23,367,12,8.4218,0.032698,1.98,4.2534
Campaign #1,5 Friday,00,620,24,3.143,0.03871,8.98,0.35
Campaign #1,5 Friday,01,444,8,2.2253,0.018018,4.0,0.5563
Campaign #1,5 Friday,02,240,4,1.2031,0.016667,0.5,2.4062
Campaign #1,5 Friday,03,188,10,1.1045,0.053191,9.0,0.1227
Campaign #1,5 Friday,04,120,4,0.6555,0.033333,1.0,0.6555
Campaign #1,5 Friday,05,75,5,3.9989,0.066667,0.0,
Campaign #1,5 Friday,06,59,1,0.2849,0.016949,1.0,0.2849
Campaign #1,5 Friday,07,62,1,1.7326,0.016129,1.0,1.7326
Campaign #1,5 Friday,08,134,3,1.24,0.022388,3.0,0.4133
Campaign #1,5 Friday,09,224,8,7.1764,0.035714,7.0,1.0252
Campaign #1,5 Friday,10,398,18,4.1356,0.045226,7.0,0.5908
Campaign #1,5 Friday,11,459,16,4.5066,0.034858,11.0,0.4097
Campaign #1,5 Friday,12,491,17,4.6402,0.034623,6.0,0.7734
Campaign #1,5 Friday,13,813,25,5.9304,0.03075,17.0,0.3488
Campaign #1,5 Friday,14,900,31,19.1682,0.034444,20.0,0.9584
Campaign #1,5 Friday,15,970,23,8.7667,0.023711,16.0,0.5479
Campaign #1,5 Friday,16,1081,36,8.0185,0.033302,25.0,0.3207
Campaign #1,5 Friday,17,1172,42,7.2646,0.035836,23.0,0.3159
Campaign #1,5 Friday,18,1123,62,24.6869,0.055209,29.27,0.8434
Campaign #1,5 Friday,19,1142,43,10.1793,0.037653,45.0,0.2262
Campaign #1,5 Friday,20,1090,53,7.3783,0.048624,37.0,0.1994
Campaign #1,5 Friday,21,981,24,7.4744,0.024465,27.0,0.2768
Campaign #1,5 Friday,22,2116,64,18.3177,0.030246,57.0,0.3214
Campaign #1,5 Friday,23,4368,132,28.1937,0.03022,129.0,0.2186
Campaign #1,6 Saturday,00,4717,158,32.7372,0.033496,110.0,0.2976
Campaign #1,6 Saturday,01,3954,108,26.8823,0.027314,63.5,0.4233
Campaign #1,6 Saturday,02,2714,72,18.2809,0.026529,20.0,0.914
Campaign #1,6 Saturday,03,1827,60,13.2272,0.032841,22.0,0.6012
Campaign #1,6 Saturday,04,1274,41,9.7214,0.032182,12.0,0.8101
Campaign #1,6 Saturday,05,1409,38,11.8352,0.026969,5.0,2.367
Campaign #1,6 Saturday,06,1353,35,10.9105,0.025868,8.0,1.3638
Campaign #1,6 Saturday,07,1213,37,14.6703,0.030503,12.0,1.2225
Campaign #1,6 Saturday,08,1209,33,15.2539,0.027295,5.0,3.0508
Campaign #1,6 Saturday,09,559,12,10.2925,0.021467,6.0,1.7154
Campaign #1,6 Saturday,10,477,9,3.3433,0.018868,6.0,0.5572
Campaign #1,6 Saturday,11,314,13,2.1848,0.041401,3.0,0.7283
Campaign #1,6 Saturday,12,179,7,4.9503,0.039106,2.0,2.4752
Campaign #1,6 Saturday,13,190,6,1.1769,0.031579,1.0,1.1769
Campaign #1,6 Saturday,14,60,5,1.9106,0.083333,5.0,0.3821
Campaign #1,6 Saturday,15,91,2,0.5815,0.021978,0.0,
Campaign #1,6 Saturday,16,28,1,0.4197,0.035714,0.0,
Campaign #1,6 Saturday,17,34,2,0.0612,0.058824,0.0,
Campaign #1,6 Saturday,18,22,1,0.6226,0.045455,0.0,
Campaign #1,6 Saturday,19,21,1,0.8516,0.047619,0.0,
Campaign #1,6 Saturday,20,22,0,0.0259,0.0,0.0,
Campaign #1,6 Saturday,21,28,0,0.027,0.0,0.0,
Campaign #1,6 Saturday,22,32,1,1.4063,0.03125,0.0,
Campaign #1,6 Saturday,23,14,2,0.8532,0.142857,0.0,
Leads-Search-1,0 Sunday,00,71,6,12.95,0.084507,0.0,
Leads-Search-1,0 Sunday,01,52,3,11.44,0.057692,0.0,
Leads-Search-1,0 Sunday,02,54,5,21.7002,0.092593,0.0,
Leads-Search-1,0 Sunday,03,37,5,13.34,0.135135,1.0,13.34
Leads-Search-1,0 Sunday,04,30,1,1.36,0.033333,0.0,
Leads-Search-1,0 Sunday,05,50,0,0.0,0.0,0.0,
Leads-Search-1,0 Sunday,06,86,8,17.3793,0.093023,0.0,
Leads-Search-1,0 Sunday,07,132,9,26.3378,0.068182,0.0,
Leads-Search-1,0 Sunday,08,184,9,23.76,0.048913,2.0,11.88
Leads-Search-1,0 Sunday,09,206,9,21.3616,0.043689,4.0,5.3404
Leads-Search-1,0 Sunday,10,205,17,58.9383,0.082927,1.0,58.9383
Leads-Search-1,0 Sunday,11,149,7,11.7305,0.04698,0.0,
Leads-Search-1,0 Sunday,12,230,18,44.9547,0.078261,1.0,44.9547
Leads-Search-1,0 Sunday,13,225,7,28.54,0.031111,2.0,14.27
Leads-Search-1,0 Sunday,14,182,16,42.3436,0.087912,1.0,42.3436
Leads-Search-1,0 Sunday,15,195,8,25.24,0.041026,1.0,25.24
Leads-Search-1,0 Sunday,16,157,10,27.9658,0.063694,0.0,
Leads-Search-1,0 Sunday,17,86,5,9.8172,0.05814,4.0,2.4543
Leads-Search-1,0 Sunday,18,131,11,23.1676,0.083969,3.0,7.7225
Leads-Search-1,0 Sunday,19,137,8,23.7816,0.058394,4.0,5.9454
Leads-Search-1,0 Sunday,20,135,12,24.0105,0.088889,0.0,
Leads-Search-1,0 Sunday,21,122,7,17.3612,0.057377,7.0,2.4802
Leads-Search-1,0 Sunday,22,146,14,26.4871,0.09589,3.0,8.829
Leads-Search-1,0 Sunday,23,56,3,5.03,0.053571,0.0,
Leads-Search-1,1 Monday,00,123,7,13.0519,0.056911,0.0,
Leads-Search-1,1 Monday,01,72,7,17.6431,0.097222,1.0,17.6431
Leads-Search-1,1 Monday,02,55,2,5.01,0.036364,0.0,
Leads-Search-1,1 Monday,03,37,5,4.19,0.135135,0.0,
Leads-Search-1,1 Monday,04,34,1,1.51,0.029412,0.0,
Leads-Search-1,1 Monday,05,72,4,6.1,0.055556,1.0,6.1
Leads-Search-1,1 Monday,06,96,6,21.093,0.0625,4.0,5.2732
Leads-Search-1,1 Monday,07,183,7,12.6874,0.038251,1.0,12.6874
Leads-Search-1,1 Monday,08,251,13,28.1177,0.051793,1.0,28.1177
Leads-Search-1,1 Monday,09,325,16,53.5,0.049231,22.0,2.4318
Leads-Search-1,1 Monday,10,373,17,38.7275,0.045576,1.02,37.9681
Leads-Search-1,1 Monday,11,400,16,41.3015,0.04,3.0,13.7672
Leads-Search-1,1 Monday,12,408,29,71.4483,0.071078,4.0,17.8621
Leads-Search-1,1 Monday,13,282,16,39.5328,0.056738,8.0,4.9416
Leads-Search-1,1 Monday,14,251,20,50.4515,0.079681,7.0,7.2074
Leads-Search-1,1 Monday,15,220,20,42.7747,0.090909,7.0,6.1107
Leads-Search-1,1 Monday,16,111,7,11.825,0.063063,2.0,5.9125
Leads-Search-1,1 Monday,17,135,8,16.9824,0.059259,1.0,16.9824
Leads-Search-1,1 Monday,18,114,5,13.296,0.04386,3.0,4.432
Leads-Search-1,1 Monday,19,92,1,3.31,0.01087,1.0,3.31
Leads-Search-1,1 Monday,20,95,6,9.41,0.063158,1.0,9.41
Leads-Search-1,1 Monday,21,33,5,10.3266,0.151515,1.0,10.3266
Leads-Search-1,1 Monday,22,17,1,3.22,0.058824,0.0,
Leads-Search-1,2 Tuesday,00,73,4,11.44,0.054795,0.0,
Leads-Search-1,2 Tuesday,01,53,7,12.03,0.132075,1.0,12.03
Leads-Search-1,2 Tuesday,02,19,3,3.31,0.157895,0.0,
Leads-Search-1,2 Tuesday,03,37,3,3.2132,0.081081,0.0,
Leads-Search-1,2 Tuesday,04,58,3,5.3724,0.051724,0.51,10.5341
Leads-Search-1,2 Tuesday,05,73,7,13.9476,0.09589,0.0,
Leads-Search-1,2 Tuesday,06,142,13,23.0362,0.091549,6.51,3.5386
Leads-Search-1,2 Tuesday,07,227,25,50.6047,0.110132,5.0,10.1209
Leads-Search-1,2 Tuesday,08,254,18,44.3798,0.070866,10.98,4.0419
Leads-Search-1,2 Tuesday,09,296,19,58.3069,0.064189,1.0,58.3069
Leads-Search-1,2 Tuesday,10,412,31,77.9576,0.075243,8.0,9.7447
Leads-Search-1,2 Tuesday,11,299,17,40.0576,0.056856,12.0,3.3381
Leads-Search-1,2 Tuesday,12,240,14,31.2029,0.058333,3.0,10.401
Leads-Search-1,2 Tuesday,13,314,11,18.8574,0.035032,0.0,
Leads-Search-1,2 Tuesday,14,264,20,40.5399,0.075758,1.0,40.5399
Leads-Search-1,2 Tuesday,15,229,17,34.4926,0.074236,3.98,8.6665
Leads-Search-1,2 Tuesday,16,170,8,23.2,0.047059,4.0,5.8
Leads-Search-1,2 Tuesday,17,97,7,11.31,0.072165,2.0,5.655
Leads-Search-1,2 Tuesday,18,94,9,18.68,0.095745,0.0,
Leads-Search-1,2 Tuesday,19,50,3,5.21,0.06,1.0,5.21
Leads-Search-1,2 Tuesday,20,88,6,11.7908,0.068182,0.0,
Leads-Search-1,2 Tuesday,21,74,3,5.3328,0.040541,1.0,5.3328
Leads-Search-1,2 Tuesday,22,50,2,6.19,0.04,3.0,2.0633
Leads-Search-1,3 Wednesday,00,76,7,16.868,0.092105,4.0,4.217
Leads-Search-1,3 Wednesday,01,43,3,3.83,0.069767,0.0,
Leads-Search-1,3 Wednesday,02,22,5,9.0482,0.227273,0.0,
Leads-Search-1,3 Wednesday,03,22,2,6.01,0.090909,0.0,
Leads-Search-1,3 Wednesday,04,49,5,8.7453,0.102041,0.0,
Leads-Search-1,3 Wednesday,05,85,4,7.11,0.047059,0.0,
Leads-Search-1,3 Wednesday,06,128,10,22.7113,0.078125,3.0,7.5704
Leads-Search-1,3 Wednesday,07,222,19,43.75,0.085586,2.0,21.875
Leads-Search-1,3 Wednesday,08,205,11,26.3989,0.053659,2.0,13.1995
Leads-Search-1,3 Wednesday,09,273,14,31.4233,0.051282,3.0,10.4744
Leads-Search-1,3 Wednesday,10,402,22,54.8124,0.054726,2.0,27.4062
Leads-Search-1,3 Wednesday,11,350,16,32.3657,0.045714,3.0,10.7886
Leads-Search-1,3 Wednesday,12,278,20,45.9495,0.071942,4.0,11.4874
Leads-Search-1,3 Wednesday,13,279,7,21.4252,0.02509,0.02,1071.26
Leads-Search-1,3 Wednesday,14,354,15,32.4829,0.042373,4.0,8.1207
Leads-Search-1,3 Wednesday,15,248,6,11.6377,0.024194,1.0,11.6377
Leads-Search-1,3 Wednesday,16,210,7,17.5461,0.033333,1.0,17.5461
Leads-Search-1,3 Wednesday,17,107,3,4.25,0.028037,0.0,
Leads-Search-1,3 Wednesday,18,111,10,20.4938,0.09009,1.0,20.4938
Leads-Search-1,3 Wednesday,19,106,5,10.91,0.04717,1.0,10.91
Leads-Search-1,3 Wednesday,20,47,3,10.7877,0.06383,0.0,
Leads-Search-1,3 Wednesday,21,39,2,4.85,0.051282,0.0,
Leads-Search-1,3 Wednesday,22,26,3,6.32,0.115385,1.0,6.32
Leads-Search-1,3 Wednesday,23,18,1,2.88,0.055556,0.0,
Leads-Search-1,4 Thursday,00,61,2,1.928,0.032787,1.0,1.928
Leads-Search-1,4 Thursday,01,43,0,0.0,0.0,0.0,
Leads-Search-1,4 Thursday,02,27,1,0.99,0.037037,2.0,0.495
Leads-Search-1,4 Thursday,03,29,2,3.56,0.068966,0.0,
Leads-Search-1,4 Thursday,04,29,1,1.0,0.034483,0.0,
Leads-Search-1,4 Thursday,05,59,4,10.9769,0.067797,0.0,
Leads-Search-1,4 Thursday,06,107,9,14.32,0.084112,0.0,
Leads-Search-1,4 Thursday,07,218,10,16.68,0.045872,0.0,
Leads-Search-1,4 Thursday,08,227,13,50.4005,0.057269,3.0,16.8002
Leads-Search-1,4 Thursday,09,309,10,21.59,0.032362,4.0,5.3975
Leads-Search-1,4 Thursday,10,361,7,13.7,0.019391,4.0,3.425
Leads-Search-1,4 Thursday,11,290,10,22.5139,0.034483,4.0,5.6285
Leads-Search-1,4 Thursday,12,289,11,23.8509,0.038062,3.0,7.9503
Leads-Search-1,4 Thursday,13,328,13,24.3499,0.039634,0.0,
Leads-Search-1,4 Thursday,14,315,7,13.4786,0.022222,2.0,6.7393
Leads-Search-1,4 Thursday,15,376,14,27.3096,0.037234,1.0,27.3096
Leads-Search-1,4 Thursday,16,192,15,32.3477,0.078125,6.0,5.3913
Leads-Search-1,4 Thursday,17,149,8,17.69,0.053691,0.0,
Leads-Search-1,4 Thursday,18,79,7,12.9898,0.088608,1.0,12.9898
Leads-Search-1,4 Thursday,19,59,5,10.83,0.084746,2.0,5.415
Leads-Search-1,4 Thursday,20,46,5,14.4825,0.108696,0.0,
Leads-Search-1,4 Thursday,21,42,3,7.4764,0.071429,0.0,
Leads-Search-1,4 Thursday,22,45,3,3.59,0.066667,0.0,
Leads-Search-1,4 Thursday,23,6,1,1.8,0.166667,0.0,
Leads-Search-1,5 Friday,00,46,4,8.54,0.086957,0.0,
Leads-Search-1,5 Friday,01,46,7,24.1312,0.152174,2.0,12.0656
Leads-Search-1,5 Friday,02,37,3,7.4201,0.081081,0.0,
Leads-Search-1,5 Friday,03,15,3,9.1027,0.2,0.0,
Leads-Search-1,5 Friday,04,26,2,2.43,0.076923,0.0,
Leads-Search-1,5 Friday,05,37,0,0.0,0.0,0.0,
Leads-Search-1,5 Friday,06,64,6,17.9,0.09375,0.0,
Leads-Search-1,5 Friday,07,152,7,15.7,0.046053,1.0,15.7
Leads-Search-1,5 Friday,08,217,11,21.127,0.050691,3.0,7.0423
Leads-Search-1,5 Friday,09,311,12,40.0639,0.038585,9.0,4.4515
Leads-Search-1,5 Friday,10,244,13,28.1935,0.053279,3.0,9.3978
Leads-Search-1,5 Friday,11,330,17,32.3728,0.051515,3.0,10.7909
Leads-Search-1,5 Friday,12,269,15,37.7581,0.055762,5.0,7.5516
Leads-Search-1,5 Friday,13,239,12,42.0596,0.050209,9.0,4.6733
Leads-Search-1,5 Friday,14,222,9,21.97,0.040541,1.0,21.97
Leads-Search-1,5 Friday,15,150,9,18.1,0.06,0.0,
Leads-Search-1,5 Friday,16,73,3,7.04,0.041096,1.0,7.04
Leads-Search-1,5 Friday,17,84,5,9.89,0.059524,0.0,
Leads-Search-1,5 Friday,18,65,4,8.98,0.061538,7.0,1.2829
Leads-Search-1,5 Friday,19,69,7,14.1589,0.101449,0.0,
Leads-Search-1,5 Friday,20,55,6,8.9005,0.109091,0.0,
Leads-Search-1,5 Friday,21,66,2,4.18,0.030303,1.0,4.18
Leads-Search-1,5 Friday,22,42,3,6.524,0.071429,0.0,
Leads-Search-1,5 Friday,23,28,1,2.32,0.035714,0.0,
Leads-Search-1,6 Saturday,00,143,7,20.9783,0.048951,3.0,6.9928
Leads-Search-1,6 Saturday,01,44,2,1.6962,0.045455,1.0,1.6962
Leads-Search-1,6 Saturday,02,53,2,3.22,0.037736,0.0,
Leads-Search-1,6 Saturday,03,30,2,4.6862,0.066667,0.0,
Leads-Search-1,6 Saturday,04,27,3,4.78,0.111111,1.0,4.78
Leads-Search-1,6 Saturday,05,56,2,2.81,0.035714,1.0,2.81
Leads-Search-1,6 Saturday,06,99,7,16.2381,0.070707,2.0,8.119
Leads-Search-1,6 Saturday,07,204,9,19.8156,0.044118,2.0,9.9078
Leads-Search-1,6 Saturday,08,208,14,30.1355,0.067308,2.0,15.0677
Leads-Search-1,6 Saturday,09,258,13,23.4033,0.050388,1.0,23.4033
Leads-Search-1,6 Saturday,10,325,20,50.0791,0.061538,6.0,8.3465
Leads-Search-1,6 Saturday,11,298,14,33.04,0.04698,1.0,33.04
Leads-Search-1,6 Saturday,12,326,19,39.8394,0.058282,1.0,39.8394
Leads-Search-1,6 Saturday,13,165,8,21.8113,0.048485,0.0,
Leads-Search-1,6 Saturday,14,136,6,15.3722,0.044118,0.0,
Leads-Search-1,6 Saturday,15,93,4,13.138,0.043011,0.0,
Leads-Search-1,6 Saturday,16,93,8,17.01,0.086022,2.0,8.505
Leads-Search-1,6 Saturday,17,125,10,24.3034,0.08,10.0,2.4303
Leads-Search-1,6 Saturday,18,81,8,20.1918,0.098765,7.0,2.8845
Leads-Search-1,6 Saturday,19,95,9,18.8513,0.094737,1.0,18.8513
Leads-Search-1,6 Saturday,20,138,14,27.9223,0.101449,0.0,
Leads-Search-1,6 Saturday,21,100,6,11.1469,0.06,3.0,3.7156
Leads-Search-1,6 Saturday,22,118,5,12.32,0.042373,1.0,12.32
Leads-Search-1,6 Saturday,23,12,2,8.27,0.166667,0.0,
PNHdefense-Website traffic-Search-2,0 Sunday,08,2,0,0.0,0.0,0.0,
PNHdefense-Website traffic-Search-2,0 Sunday,09,3,2,3.45,0.666667,2.01,1.7164
PNHdefense-Website traffic-Search-2,0 Sunday,10,4,1,1.02,0.25,0.0,
PNHdefense-Website traffic-Search-2,0 Sunday,12,4,0,0.0,0.0,0.0,
PNHdefense-Website traffic-Search-2,0 Sunday,13,16,4,2.18,0.25,0.0,
PNHdefense-Website traffic-Search-2,0 Sunday,14,2,1,2.13,0.5,0.0,
PNHdefense-Website traffic-Search-2,0 Sunday,18,2,0,0.0,0.0,0.0,
PNHdefense-Website traffic-Search-2,0 Sunday,19,10,0,0.0,0.0,0.0,
PNHdefense-Website traffic-Search-2,0 Sunday,20,2,1,9.87,0.5,0.0,
PNHdefense-Website traffic-Search-2,0 Sunday,21,6,1,0.01,0.166667,0.0,
PNHdefense-Website traffic-Search-2,0 Sunday,22,2,0,0.0,0.0,0.0,
PNHdefense-Website traffic-Search-2,1 Monday,08,8,3,4.38,0.375,0.0,
PNHdefense-Website traffic-Search-2,1 Monday,09,6,0,0.0,0.0,0.0,
PNHdefense-Website traffic-Search-2,1 Monday,10,10,3,11.02,0.3,1.0,11.02
PNHdefense-Website traffic-Search-2,1 Monday,11,12,4,8.3616,0.333333,1.0,8.3616
PNHdefense-Website traffic-Search-2,1 Monday,12,6,0,0.0,0.0,0.0,
PNHdefense-Website traffic-Search-2,1 Monday,13,4,0,0.0,0.0,0.0,
PNHdefense-Website traffic-Search-2,1 Monday,14,2,2,11.58,1.0,0.0,
PNHdefense-Website traffic-Search-2,1 Monday,15,4,0,0.0,0.0,0.0,
PNHdefense-Website traffic-Search-2,1 Monday,18,2,1,0.01,0.5,0.0,
PNHdefense-Website traffic-Search-2,1 Monday,21,2,1,0.71,0.5,0.0,
PNHdefense-Website traffic-Search-2,2 Tuesday,06,1,0,0.0,0.0,0.0,
PNHdefense-Website traffic-Search-2,2 Tuesday,08,6,0,0.0,0.0,0.0,
PNHdefense-Website traffic-Search-2,2 Tuesday,10,3,0,0.0,0.0,0.0,
PNHdefense-Website traffic-Search-2,2 Tuesday,12,4,1,7.42,0.25,1.0,7.42
PNHdefense-Website traffic-Search-2,2 Tuesday,13,2,1,2.69,0.5,0.0,
PNHdefense-Website traffic-Search-2,2 Tuesday,14,4,0,0.0,0.0,0.0,
PNHdefense-Website traffic-Search-2,2 Tuesday,15,2,0,0.0,0.0,0.0,
PNHdefense-Website traffic-Search-2,2 Tuesday,16,2,0,0.0,0.0,0.0,
PNHdefense-Website traffic-Search-2,2 Tuesday,17,3,0,0.0,0.0,0.0,
PNHdefense-Website traffic-Search-2,2 Tuesday,18,2,0,0.0,0.0,0.0,
PNHdefense-Website traffic-Search-2,2 Tuesday,19,2,0,0.0,0.0,0.0,
PNHdefense-Website traffic-Search-2,2 Tuesday,20,5,3,10.511,0.6,1.0,10.511
PNHdefense-Website traffic-Search-2,2 Tuesday,21,4,0,0.0,0.0,0.0,
PNHdefense-Website traffic-Search-2,2 Tuesday,22,3,0,0.0,0.0,0.0,
PNHdefense-Website traffic-Search-2,3 Wednesday,01,1,0,0.0,0.0,0.0,
PNHdefense-Website traffic-Search-2,3 Wednesday,06,2,0,0.0,0.0,0.0,
PNHdefense-Website traffic-Search-2,3 Wednesday,08,5,1,0.49,0.2,0.0,
PNHdefense-Website traffic-Search-2,3 Wednesday,09,3,0,0.0,0.0,0.0,
PNHdefense-Website traffic-Search-2,3 Wednesday,10,5,1,2.25,0.2,0.0,
PNHdefense-Website traffic-Search-2,3 Wednesday,11,7,3,9.1655,0.428571,3.0,3.0552
PNHdefense-Website traffic-Search-2,3 Wednesday,12,6,0,0.0,0.0,0.0,
PNHdefense-Website traffic-Search-2,3 Wednesday,14,11,1,0.61,0.090909,0.0,
PNHdefense-Website traffic-Search-2,3 Wednesday,15,11,0,0.0,0.0,0.0,
PNHdefense-Website traffic-Search-2,3 Wednesday,16,6,2,12.75,0.333333,1.2,10.625
PNHdefense-Website traffic-Search-2,3 Wednesday,17,4,0,0.0,0.0,0.0,
PNHdefense-Website traffic-Search-2,3 Wednesday,18,2,0,0.0,0.0,0.0,
PNHdefense-Website traffic-Search-2,3 Wednesday,19,2,0,0.0,0.0,0.0,
PNHdefense-Website traffic-Search-2,3 Wednesday,20,2,1,0.01,0.5,0.0,
PNHdefense-Website traffic-Search-2,3 Wednesday,22,2,1,0.01,0.5,0.0,
PNHdefense-Website traffic-Search-2,3 Wednesday,23,2,0,0.0,0.0,0.0,
PNHdefense-Website traffic-Search-2,4 Thursday,06,5,0,0.0,0.0,0.0,
PNHdefense-Website traffic-Search-2,4 Thursday,07,2,0,0.0,0.0,0.0,
PNHdefense-Website traffic-Search-2,4 Thursday,08,2,1,0.01,0.5,0.0,
PNHdefense-Website traffic-Search-2,4 Thursday,09,4,1,0.66,0.25,2.0,0.33
PNHdefense-Website traffic-Search-2,4 Thursday,10,6,3,3.525,0.5,7.0,0.5036
PNHdefense-Website traffic-Search-2,4 Thursday,11,2,0,0.0,0.0,0.0,
PNHdefense-Website traffic-Search-2,4 Thursday,12,4,0,0.0,0.0,0.0,
PNHdefense-Website traffic-Search-2,4 Thursday,13,2,1,5.38,0.5,0.0,
PNHdefense-Website traffic-Search-2,4 Thursday,14,5,0,0.0,0.0,0.0,
PNHdefense-Website traffic-Search-2,4 Thursday,15,4,1,1.54,0.25,0.0,
PNHdefense-Website traffic-Search-2,4 Thursday,16,4,0,0.0,0.0,0.0,
PNHdefense-Website traffic-Search-2,4 Thursday,18,8,0,0.0,0.0,0.0,
PNHdefense-Website traffic-Search-2,4 Thursday,21,5,0,0.0,0.0,0.0,
PNHdefense-Website traffic-Search-2,4 Thursday,22,2,1,1.91,0.5,0.0,
PNHdefense-Website traffic-Search-2,5 Friday,01,2,0,0.0,0.0,0.0,
PNHdefense-Website traffic-Search-2,5 Friday,07,6,2,7.95,0.333333,0.0,
PNHdefense-Website traffic-Search-2,5 Friday,08,4,0,0.0,0.0,0.0,
PNHdefense-Website traffic-Search-2,5 Friday,09,3,0,0.0,0.0,0.0,
PNHdefense-Website traffic-Search-2,5 Friday,10,11,1,5.12,0.090909,0.0,
PNHdefense-Website traffic-Search-2,5 Friday,11,5,2,0.44,0.4,0.0,
PNHdefense-Website traffic-Search-2,5 Friday,12,2,1,0.59,0.5,0.0,
PNHdefense-Website traffic-Search-2,5 Friday,13,4,0,0.0,0.0,0.0,
PNHdefense-Website traffic-Search-2,5 Friday,14,4,1,0.11,0.25,0.0,
PNHdefense-Website traffic-Search-2,5 Friday,15,7,3,10.0089,0.428571,7.0,1.4298
PNHdefense-Website traffic-Search-2,5 Friday,16,3,0,0.0,0.0,0.0,
PNHdefense-Website traffic-Search-2,5 Friday,17,2,0,0.0,0.0,0.0,
PNHdefense-Website traffic-Search-2,5 Friday,22,4,0,0.0,0.0,0.0,
PNHdefense-Website traffic-Search-2,6 Saturday,02,2,1,1.3,0.5,0.0,
PNHdefense-Website traffic-Search-2,6 Saturday,09,4,1,7.3041,0.25,0.0,
PNHdefense-Website traffic-Search-2,6 Saturday,10,4,3,2.86,0.75,0.0,
PNHdefense-Website traffic-Search-2,6 Saturday,11,1,0,0.0,0.0,0.0,
PNHdefense-Website traffic-Search-2,6 Saturday,12,1,1,1.96,1.0,0.0,
PNHdefense-Website traffic-Search-2,6 Saturday,14,1,0,0.0,0.0,0.0,
PNHdefense-Website traffic-Search-2,6 Saturday,15,4,0,0.0,0.0,0.0,
PNHdefense-Website traffic-Search-2,6 Saturday,18,2,1,3.44,0.5,0.0,
PNHdefense-Website traffic-Search-2,6 Saturday,20,2,1,2.91,0.5,0.0,
PNHdefense-Website traffic-Search-2,6 Saturday,21,1,0,0.0,0.0,0.0,
PNHdefense-Website traffic-Search-2,6 Saturday,23,6,1,0.41,0.166667,0.0,
