Date,Campaignname,CampaignID,AdvertisingChannelType,AdvertisingChannelSubType,Campaignstatus,CampaignServingStatus,CampaignBidStrategyStatus,Currencycode,Timezone,ConfiguredBudget,BudgetName,BudgetId,BudgetStatus,BudgetPeriod,IsBudgetExplicitlyShared,CampaignMobileBidModifier,Impressions,Clicks,Cost,Ctr,CPC,CPM,interactions,Conversions,CostPerConversion,ConversionRate,conversionsByConversionDate,allConversionsByConversionDate,EstimatedCrossDeviceConversions,ROAS,Invalidclicks,SearchImpressionShare,SearchImpressionShareRaw,SearchBudgetLostImpressionShare,SearchRankLostImpressionShare,SearchTopImpressionShare,SearchAbsoluteTopImpressionShare,SearchExactMatchImpressionShare,SearchRankLostTopImpressionShare,SearchRankLostAbsoluteTopImpressionShare,SearchBudgetLostTopImpressionShare,SearchBudgetLostAbsoluteTopImpressionShare,SearchClickShare,EligibleSearchClicks,LostSearchClicks,TotalAvailableImpressions,LostImpressions,LostImpressionsDueToBudget,LostImpressionsDueToRank,dailybudget,Budget,budgetUsedPortion
2025-06-02,Campaign #1,22625352639,Performance Max,,paused,eligible,PAUSED,USD,America/Chicago,6,Campaign #1,14628148318,Enabled,day,False,,0,0,0,,,,0,0,,,0,0,0,,0,,0.0999,,,0,0,0.0999,0,0,0,0,,,,0,0,0,0,,,
2025-06-03,Campaign #1,22625352639,Performance Max,,paused,eligible,PAUSED,USD,America/Chicago,6,Campaign #1,14628148318,Enabled,day,False,,119,6,10.25,0.0504,1.7083,86.1345,6,5,2.05,0.8333,2,2,2,0.4878,0,,0.0999,,,0,0,0.0999,0,0,0,0,0.0999,60,54,0,0,0,0,6,6,1.7083
2025-06-04,Campaign #1,22625352639,Performance Max,,paused,eligible,PAUSED,USD,America/Chicago,6,Campaign #1,14628148318,Enabled,day,False,,373,17,30.3367,0.0456,1.7845,81.3317,18,1,30.3367,0.0588,1,2,0,0.033,2,,0.1071,,,0,0,0.1071,0,0,0,0,0.148,115,98,0,0,0,0,6,6,5.0561
2025-06-05,Campaign #1,22625352639,Performance Max,,paused,eligible,PAUSED,USD,America/Chicago,6,Campaign #1,14628148318,Enabled,day,False,,292,22,30.9629,0.0753,1.4074,106.0372,23,4,7.7407,0.1818,4,4,0,0.1292,2,,0.0999,,,0,0,0.0999,0,0,0,0,0.1835,120,98,0,0,0,0,6,6,5.1605
2025-06-06,Campaign #1,22625352639,Performance Max,,paused,eligible,PAUSED,USD,America/Chicago,6,Campaign #1,14628148318,Enabled,day,False,,215,17,33.2645,0.0791,1.9567,154.7186,17,3,11.0882,0.1765,3,10,0,0.0902,0,,0.0999,,,0,0,0.0999,0,0,0,0,0.1568,108,91,0,0,0,0,6,6,5.5441
2025-06-07,Campaign #1,22625352639,Performance Max,,paused,eligible,PAUSED,USD,America/Chicago,6,Campaign #1,14628148318,Enabled,day,False,,132,15,21.8895,0.1136,1.4593,165.8298,16,11,1.99,0.7333,10,10,0,0.5025,2,,0.0999,,,0,0,0.0999,0,0,0,0,0.1747,86,71,0,0,0,0,6,6,3.6483
2025-06-08,Campaign #1,22625352639,Performance Max,,paused,eligible,PAUSED,USD,America/Chicago,6,Campaign #1,14628148318,Enabled,day,False,,51,1,0.06,0.0196,0.06,1.1765,1,0,,0,0,0,0,0,0,,0.0999,,,0,0,0.0999,0,0,0,0,0.0999,10,9,0,0,0,0,6,6,0.01
2025-06-09,Campaign #1,22625352639,Performance Max,,paused,eligible,PAUSED,USD,America/Chicago,6,Campaign #1,14628148318,Enabled,day,False,,63,0,0,0,,0,0,0,,,1,1,0,,0,,0.0999,,,0,0,0.0999,0,0,0,0,,,,0,0,0,0,6,6,0
2025-06-10,Campaign #1,22625352639,Performance Max,,paused,eligible,PAUSED,USD,America/Chicago,6,Campaign #1,14628148318,Enabled,day,False,,219,5,6.3553,0.0228,1.2711,29.0196,20,0,,0,0,0,0,0,0,,0.0999,,,0,0,0.0999,0,0,0,0,0.0999,50,45,0,0,0,0,6,6,1.0592
2025-06-11,Campaign #1,22625352639,Performance Max,,paused,eligible,PAUSED,USD,America/Chicago,6,Campaign #1,14628148318,Enabled,day,False,,367,15,51.3307,0.0409,3.422,139.8657,25,8,6.4163,0.5333,8,13,0,0.1559,0,,0.1323,,,0,0,0.1272,0,0,0,0,0.1323,113,98,0,0,0,0,6,6,8.5551
2025-06-12,Campaign #1,22625352639,Performance Max,,paused,eligible,PAUSED,USD,America/Chicago,6,Campaign #1,14628148318,Enabled,day,False,,436,14,23.5285,0.0321,1.6806,53.9644,46,2,11.7642,0.1429,2,5,0,0.085,0,,0.13,,,0,0,0.1209,0,0,0,0,0.1255,112,98,0,0,0,0,6,6,3.9214
2025-06-13,Campaign #1,22625352639,Performance Max,,paused,eligible,PAUSED,USD,America/Chicago,6,Campaign #1,14628148318,Enabled,day,False,,277,12,29.1139,0.0433,2.4262,105.1044,39,1,29.1139,0.0833,1,4,0,0.0343,1,,0.1209,,,0,0,0.0999,0,0,0,0,0.1058,113,101,0,0,0,0,6,6,4.8523
2025-06-14,Campaign #1,22625352639,Performance Max,,paused,eligible,PAUSED,USD,America/Chicago,6,Campaign #1,14628148318,Enabled,day,False,,321,12,9.5054,0.0374,0.7921,29.6119,50,2,4.7527,0.1667,2,2,0,0.2104,0,,0.0999,,,0,0,0.0999,0,0,0,0,0.0999,120,108,0,0,0,0,6,6,1.5842
2025-06-15,Campaign #1,22625352639,Performance Max,,paused,eligible,PAUSED,USD,America/Chicago,6,Campaign #1,14628148318,Enabled,day,False,,314,12,20.3239,0.0382,1.6937,64.7257,53,8,2.5405,0.6667,7,14,1,0.3936,0,,0.1343,,,0,0,0.1534,0,0,0,0,0.0999,120,108,0,0,0,0,6,6,3.3873
2025-06-16,Campaign #1,22625352639,Performance Max,,paused,eligible,PAUSED,USD,America/Chicago,6,Campaign #1,14628148318,Enabled,day,False,,304,6,16.2645,0.0197,2.7107,53.5016,23,3,5.4215,0.5,3,7,0,0.1845,0,,0.0999,,,0,0,0.0999,0,0,0,0,0.0999,60,54,0,0,0,0,6,6,2.7107
2025-06-17,Campaign #1,22625352639,Performance Max,,paused,eligible,PAUSED,USD,America/Chicago,6,Campaign #1,14628148318,Enabled,day,False,,373,10,26.2003,0.0268,2.62,70.2422,59,8,3.275,0.8,7,8,0,0.3053,0,,0.1176,,,0,0,0.1401,0,0,0,0,0.0999,100,90,0,0,0,0,6,6,4.3667
2025-06-18,Campaign #1,22625352639,Performance Max,,paused,eligible,PAUSED,USD,America/Chicago,6,Campaign #1,14628148318,Enabled,day,False,,365,12,26.409,0.0329,2.2008,72.3534,30,6,4.4015,0.5,6,9,0,0.2272,2,,0.1016,,,0,0,0.1317,0,0,0,0,0.0999,120,108,0,0,0,0,6,6,4.4015
2025-06-19,Campaign #1,22625352639,Performance Max,,paused,eligible,PAUSED,USD,America/Chicago,6,Campaign #1,14628148318,Enabled,day,False,,313,10,2.85,0.0319,0.285,9.1054,109,1,2.85,0.1,2,21,0,0.3509,0,,0.0999,,,0,0,0.0999,0,0,0,0,0.0999,100,90,0,0,0,0,6,6,0.475
2025-06-20,Campaign #1,22625352639,Performance Max,,paused,eligible,PAUSED,USD,America/Chicago,6,Campaign #1,14628148318,Enabled,day,False,,229,9,1.0036,0.0393,0.1115,4.3824,63,5,0.2007,0.5556,5,5,0,4.9822,0,,0.0999,,,0,0,0.0999,0,0,0,0,0.0999,90,81,0,0,0,0,6,6,0.1673
2025-06-21,Campaign #1,22625352639,Performance Max,,paused,eligible,PAUSED,USD,America/Chicago,6,Campaign #1,14628148318,Enabled,day,False,,196,5,1.0055,0.0255,0.2011,5.1301,70,2,0.5027,0.4,2,2,0,1.9891,0,,0.0999,,,0,0,0.0999,0,0,0,0,0.0999,50,45,0,0,0,0,6,6,0.1676
2025-06-22,Campaign #1,22625352639,Performance Max,,paused,eligible,PAUSED,USD,America/Chicago,6,Campaign #1,14628148318,Enabled,day,False,,23,0,0.0088,0,,0.3833,0,0,,,1,1,0,0,0,,0.0999,,,0,0,0.0999,0,0,0,0,,,,0,0,0,0,6,6,0.0015
2025-06-23,Campaign #1,22625352639,Performance Max,,paused,eligible,PAUSED,USD,America/Chicago,6,Campaign #1,14628148318,Enabled,day,False,,101,2,0.0999,0.0198,0.05,0.9893,10,1,0.0999,0.5,0,1,0,10.0079,0,,0.0999,,,0,0,0.0999,0,0,0,0,0.0999,20,18,0,0,0,0,6,6,0.0167
2025-06-24,Campaign #1,22625352639,Performance Max,,paused,eligible,PAUSED,USD,America/Chicago,6,Campaign #1,14628148318,Enabled,day,False,,133,4,0.9731,0.0301,0.2433,7.3166,22,2,0.4866,0.5,3,3,0,2.0553,0,,0.0999,,,0,0,0.0999,0,0,0,0,0.0999,40,36,0,0,0,0,6,6,0.1622
2025-06-25,Campaign #1,22625352639,Performance Max,,paused,eligible,PAUSED,USD,America/Chicago,6,Campaign #1,14628148318,Enabled,day,False,,118,0,0.1582,0,,1.341,4,0,,,0,0,0,0,0,,0.0999,,,0,0,0.0999,0,0,0,0,,,,0,0,0,0,6,6,0.0264
2025-06-26,Campaign #1,22625352639,Performance Max,,paused,eligible,PAUSED,USD,America/Chicago,6,Campaign #1,14628148318,Enabled,day,False,,81,0,0.0445,0,,0.5492,5,0,,,1,2,0,0,0,,0.0999,,,0,0,0.0999,0,0,0,0,,,,0,0,0,0,6,6,0.0074
2025-06-27,Campaign #1,22625352639,Performance Max,,paused,eligible,PAUSED,USD,America/Chicago,6,Campaign #1,14628148318,Enabled,day,False,,103,1,0.1398,0.0097,0.1398,1.3576,7,1,0.1398,1,1,2,0,7.1513,0,,0.0999,,,0,0,0.0999,0,0,0,0,0.0999,10,9,0,0,0,0,6,6,0.0233
2025-06-28,Campaign #1,22625352639,Performance Max,,paused,eligible,PAUSED,USD,America/Chicago,6,Campaign #1,14628148318,Enabled,day,False,,124,5,0.4845,0.0403,0.0969,3.9074,25,1,0.4845,0.2,1,1,0,2.0639,0,,0.0999,,,0,0,0.0999,0,0,0,0,0.0999,50,45,0,0,0,0,6,6,0.0808
2025-06-29,Campaign #1,22625352639,Performance Max,,paused,eligible,PAUSED,USD,America/Chicago,6,Campaign #1,14628148318,Enabled,day,False,,96,3,0.2802,0.0313,0.0934,2.9192,15,10,0.028,3.3333,9,9,0,35.6837,0,,0.0999,,,0,0,0.0999,0,0,0,0,0.0999,30,27,0,0,0,0,6,6,0.0467
2025-06-30,Campaign #1,22625352639,Performance Max,,paused,eligible,PAUSED,USD,America/Chicago,6,Campaign #1,14628148318,Enabled,day,False,,3273,98,14.4206,0.0299,0.1471,4.4059,1102,88,0.1639,0.898,37,37,0,6.1024,0,,0.0999,,,0,0,0.0999,0,0,0,0,0.0999,981,883,0,0,0,0,6,6,2.4034
2025-07-01,Campaign #1,22625352639,Performance Max,,paused,eligible,PAUSED,USD,America/Chicago,6,Campaign #1,14628148318,Enabled,day,False,,12222,431,58.7273,0.0353,0.1363,4.8051,4590,197.02,0.2981,0.4571,229,229,0,3.3548,0,,0.0999,,,0,0,0.0999,0,0,0,0,0.0999,4314,3883,0,0,0,0,6,6,9.7879
2025-07-02,Campaign #1,22625352639,Performance Max,,paused,eligible,PAUSED,USD,America/Chicago,6,Campaign #1,14628148318,Enabled,day,False,,8582,297,41.2741,0.0346,0.139,4.8094,2370,223.02,0.1851,0.7509,192,192,0,5.4034,0,,0.0999,,,0,0,0.0999,0,0,0,0,0.0999,2973,2676,0,0,0,0,6,6,6.879
2025-07-03,Campaign #1,22625352639,Performance Max,,paused,eligible,PAUSED,USD,America/Chicago,6,Campaign #1,14628148318,Enabled,day,False,,6821,199,33.7492,0.0292,0.1696,4.9478,2752,76.99,0.4384,0.3869,109,109,0,2.2812,0,,0.0999,,,0,0,0.0999,0,0,0,0,0.0999,1992,1793,0,0,0,0,6,6,5.6249
2025-07-04,Campaign #1,22625352639,Performance Max,,paused,eligible,PAUSED,USD,America/Chicago,6,Campaign #1,14628148318,Enabled,day,False,,18368,614,117.7417,0.0334,0.1918,6.4102,4727,474.75,0.248,0.7732,338,338,0,4.0321,0,,0.0999,,,0,0,0.0999,0,0,0,0,0.0999,6146,5532,0,0,0,0,6,6,19.6236
2025-07-05,Campaign #1,22625352639,Performance Max,,paused,eligible,PAUSED,USD,America/Chicago,6,Campaign #1,14628148318,Enabled,day,False,,17989,531,125.41,0.0295,0.2362,6.9715,4632,244.5,0.5129,0.4605,355,355,0,1.9496,0,,0.0999,,,0,0,0.0999,0,0,0,0,0.0999,5315,4784,0,0,0,0,6,6,20.9017
2025-07-06,Campaign #1,22625352639,Performance Max,,paused,eligible,PAUSED,USD,America/Chicago,6,Campaign #1,14628148318,Enabled,day,False,,12087,474,67.0579,0.0392,0.1415,5.5479,1851,377.73,0.1775,0.7969,338,338,0,5.6329,0,,0.0999,,,0,0,0.0999,0,0,0,0,0.0999,4745,4271,0,0,0,0,6,6,11.1763
2025-07-07,Campaign #1,22625352639,Performance Max,,paused,eligible,PAUSED,USD,America/Chicago,6,Campaign #1,14628148318,Enabled,day,False,,8389,269,55.3267,0.0321,0.2057,6.5951,801,49,1.1291,0.1822,92,144,0,0.8856,19,,0.0999,,,0,0,0.0999,0,0,0,0,0.0999,2693,2424,0,0,0,0,6,6,9.2211
2025-07-08,Campaign #1,22625352639,Performance Max,,paused,eligible,PAUSED,USD,America/Chicago,6,Campaign #1,14628148318,Enabled,day,False,,3747,179,29.164,0.0478,0.1629,7.7833,309,18,1.6202,0.1006,29,48,0,0.6172,6,,0.0999,,,0,0,0.0999,0,0,0,0,0.0999,1792,1613,0,0,0,0,6,6,4.8607
2025-07-08,Leads-Search-1,22767146837,Search,,enabled,eligible,UNAVAILABLE,USD,America/Chicago,15,Leads-Search-1,14735867458,Enabled,day,False,-15%,1,1,0.6,1,0.6,600,1,1,0.6,1,1,1,0,1.6667,0,0.0999,0.0999,0,0.9001,0.1,0,0.0999,0.9,0,0,0,0.0999,10,9,10,9,0,9,15,15,0.04
2025-07-09,Campaign #1,22625352639,Performance Max,,paused,eligible,PAUSED,USD,America/Chicago,6,Campaign #1,14628148318,Enabled,day,False,,1,0,0,0,,0,0,0,,,4,12,0,,0,,0.0999,,,0,0,0.0999,0,0,0,0,,,,0,0,0,0,6,6,0
2025-07-09,Leads-Search-1,22767146837,Search,,enabled,eligible,UNAVAILABLE,USD,America/Chicago,15,Leads-Search-1,14735867458,Enabled,day,False,-15%,34,2,2.92,0.0588,1.46,85.8824,2,1,2.92,0.5,1,1,0,0.3425,2,0.1169,0.1169,0,0.8831,0.11,0.0999,0.2,0.89,0.9,0,0,0.0999,20,18,274,242,0,242,15,15,0.1947
2025-07-10,Campaign #1,22625352639,Performance Max,,paused,eligible,PAUSED,USD,America/Chicago,6,Campaign #1,14628148318,Enabled,day,False,,17,0,0.0165,0,,0.9704,0,0,,,3,7,0,0,0,,0.0999,,,0,0,0.0999,0,0,0,0,,,,0,0,0,0,6,6,0.0027
2025-07-10,Leads-Search-1,22767146837,Search,,enabled,eligible,UNAVAILABLE,USD,America/Chicago,15,Leads-Search-1,14735867458,Enabled,day,False,-15%,74,9,13.1546,0.1216,1.4616,177.7653,9,1,13.1546,0.1111,1,2,0,0.076,0,0.1275,0.1275,0,0.8725,0.1,0.0999,0.1724,0.9,0.9,0,0,0.0999,90,81,557,486,0,486,15,15,0.877
2025-07-11,Campaign #1,22625352639,Performance Max,,paused,eligible,PAUSED,USD,America/Chicago,6,Campaign #1,14628148318,Enabled,day,False,,78,1,0.1621,0.0128,0.1621,2.0787,4,0,,0,1,5,0,0,0,,0.0999,,,0,0,0.0999,0,0,0,0,0.0999,10,9,0,0,0,0,6,6,0.027
2025-07-11,Leads-Search-1,22767146837,Search,,enabled,eligible,UNAVAILABLE,USD,America/Chicago,15,Leads-Search-1,14735867458,Enabled,day,False,-15%,178,13,27.3625,0.073,2.1048,153.7221,13,3,9.1208,0.2308,2,4,0,0.1096,3,0.209,0.209,0,0.791,0.15,0.0999,0.4167,0.85,0.9,0,0,0.1625,80,67,813,643,0,643,15,15,1.8242
2025-07-12,Campaign #1,22625352639,Performance Max,,paused,eligible,PAUSED,USD,America/Chicago,6,Campaign #1,14628148318,Enabled,day,False,,2979,76,23.9313,0.0255,0.3149,8.0333,918,20,1.1966,0.2632,18,46,0,0.8357,0,,0.0999,,,0,0,0.0999,0,0,0,0,0.0999,761,685,0,0,0,0,6,6,3.9885
2025-07-12,Leads-Search-1,22767146837,Search,,enabled,eligible,UNAVAILABLE,USD,America/Chicago,15,Leads-Search-1,14735867458,Enabled,day,False,-15%,301,17,60.2447,0.0565,3.5438,200.1485,17,5,12.0489,0.2941,5,6,0,0.083,3,0.2955,0.2955,0,0.7045,0.22,0.1181,0.5676,0.78,0.88,0,0,0.2671,64,47,988,696,0,696,15,15,4.0163
2025-07-13,Campaign #1,22625352639,Performance Max,,paused,eligible,PAUSED,USD,America/Chicago,6,Campaign #1,14628148318,Enabled,day,False,,152,2,1.0961,0.0132,0.5481,7.2113,22,1,1.0961,0.5,7,12,0,0.9123,0,,0.0999,,,0,0,0.0999,0,0,0,0,0.0999,20,18,0,0,0,0,6,6,0.1827
2025-07-13,Leads-Search-1,22767146837,Search,,enabled,eligible,UNAVAILABLE,USD,America/Chicago,15,Leads-Search-1,14735867458,Enabled,day,False,-15%,389,23,90.2687,0.0591,3.9247,232.0533,23,5,18.0537,0.2174,5,10,0,0.0554,0,0.1797,0.1797,0.0137,0.8066,0.12,0.0999,0.5455,0.86,0.9,0.01,0.01,0.2105,109,86,2064,1693,28,1665,15,15,6.0179
2025-07-14,Campaign #1,22625352639,Performance Max,,paused,eligible,PAUSED,USD,America/Chicago,6,Campaign #1,14628148318,Enabled,day,False,,0,0,0,,,,0,0,,,5,5,0,,0,,,,,0,0,,0,0,0,0,,,,0,0,0,0,,,
2025-07-14,Leads-Search-1,22767146837,Search,,enabled,eligible,UNAVAILABLE,USD,America/Chicago,15,Leads-Search-1,14735867458,Enabled,day,False,-15%,477,23,76.716,0.0482,3.3355,160.8302,23,7,10.9594,0.3043,7,11,0,0.0912,0,0.1095,0.1095,0.4151,0.4754,0.1,0.0999,0.3733,0.5,0.55,0.41,0.41,0.1029,224,201,4156,3701,1725,1976,15,15,5.1144
2025-07-15,Campaign #1,22625352639,Performance Max,,paused,eligible,PAUSED,USD,America/Chicago,6,Campaign #1,14628148318,Enabled,day,False,,0,0,0,,,,0,0,,,3,5,0,,0,,,,,0,0,,0,0,0,0,,,,0,0,0,0,,,
2025-07-15,Leads-Search-1,22767146837,Search,,enabled,eligible,UNAVAILABLE,USD,America/Chicago,15,Leads-Search-1,14735867458,Enabled,day,False,-15%,445,25,69.6542,0.0562,2.7862,156.5262,25,15,4.6436,0.6,12,17,0,0.2153,6,0.0999,0.0999,0.4684,0.4351,0.1,0.0999,0.3846,0.45,0.51,0.47,0.47,0.1007,248,223,4054,3649,1899,1764,15,15,4.6436
2025-07-16,Campaign #1,22625352639,Performance Max,,paused,eligible,PAUSED,USD,America/Chicago,6,Campaign #1,14628148318,Enabled,day,False,,0,0,0,,,,0,0,,,0,3,0,,0,,,,,0,0,,0,0,0,0,,,,0,0,0,0,,,
2025-07-16,Leads-Search-1,22767146837,Search,,enabled,eligible,UNAVAILABLE,USD,America/Chicago,15,Leads-Search-1,14735867458,Enabled,day,False,-15%,443,31,68.5085,0.07,2.21,154.6467,31,7,9.7869,0.2258,9,21,0,0.1022,1,0.0999,0.0999,0,0.9001,0.1,0.0999,0.6098,0.9,0.9,0,0,0.1198,259,228,3914,3523,0,3523,15,15,4.5672
2025-07-17,Campaign #1,22625352639,Performance Max,,paused,eligible,PAUSED,USD,America/Chicago,6,Campaign #1,14628148318,Enabled,day,False,,0,0,0,,,,0,0,,,0,1,0,,0,,,,,0,0,,0,0,0,0,,,,0,0,0,0,,,
2025-07-17,Leads-Search-1,22767146837,Search,,enabled,eligible,UNAVAILABLE,USD,America/Chicago,15,Leads-Search-1,14735867458,Enabled,day,False,-15%,514,27,58.6542,0.0525,2.1724,114.1133,27,4,14.6636,0.1481,5,9,0,0.0682,7,0.1074,0.1074,0.0096,0.883,0.1,0.0999,0.4118,0.9,0.9,0.01,0.01,0.1227,220,193,4199,3748,40,3708,15,15,3.9103
2025-07-18,Campaign #1,22625352639,Performance Max,,paused,eligible,PAUSED,USD,America/Chicago,6,Campaign #1,14628148318,Enabled,day,False,,0,0,0,,,,0,0,,,0,2,0,,0,,,,,0,0,,0,0,0,0,,,,0,0,0,0,,,
2025-07-18,Leads-Search-1,22767146837,Search,,enabled,eligible,UNAVAILABLE,USD,America/Chicago,15,Leads-Search-1,14735867458,Enabled,day,False,-15%,341,24,63.6183,0.0704,2.6508,186.5639,24,27,2.3562,1.125,21,39,3,0.4244,0,0.1177,0.1177,0.2525,0.6298,0.1,0.0999,0.4545,0.66,0.72,0.25,0.25,0.0999,240,216,2600,2294,656,1637,15,15,4.2412
2025-07-19,Campaign #1,22625352639,Performance Max,,paused,eligible,PAUSED,USD,America/Chicago,6,Campaign #1,14628148318,Enabled,day,False,,0,0,0,,,,0,0,,,3,3,0,,0,,,,,0,0,,0,0,0,0,,,,0,0,0,0,,,
2025-07-19,Leads-Search-1,22767146837,Search,,enabled,eligible,UNAVAILABLE,USD,America/Chicago,15,Leads-Search-1,14735867458,Enabled,day,False,-15%,363,24,60.5027,0.0661,2.5209,166.6741,24,3,20.1676,0.125,6,7,0,0.0496,7,0.1462,0.1462,0.0117,0.8421,0.12,0.0999,0.5556,0.87,0.9,0.01,0.01,0.1332,180,156,2189,1869,26,1843,15,15,4.0335
2025-07-20,Campaign #1,22625352639,Performance Max,,paused,eligible,PAUSED,USD,America/Chicago,6,Campaign #1,14628148318,Enabled,day,False,,0,0,0,,,,0,0,,,0,2,0,,0,,,,,0,0,,0,0,0,0,,,,0,0,0,0,,,
2025-07-20,Leads-Search-1,22767146837,Search,,enabled,eligible,UNAVAILABLE,USD,America/Chicago,15,Leads-Search-1,14735867458,Enabled,day,False,-15%,356,24,52.3723,0.0674,2.1822,147.1132,24,12,4.3644,0.5,10,32,0,0.2291,14,0.1392,0.1392,0,0.8608,0.11,0.0999,0.5556,0.89,0.9,0,0,0.1131,212,188,2285,1967,0,1967,15,15,3.4915
2025-07-21,Campaign #1,22625352639,Performance Max,,paused,eligible,PAUSED,USD,America/Chicago,6,Campaign #1,14628148318,Enabled,day,False,,0,0,0,,,,0,0,,,2,2,0,,0,,,,,0,0,,0,0,0,0,,,,0,0,0,0,,,
2025-07-21,Leads-Search-1,22767146837,Search,,enabled,eligible,UNAVAILABLE,USD,America/Chicago,15,Leads-Search-1,14735867458,Enabled,day,False,-15%,393,21,68.3701,0.0534,3.2557,173.9697,21,9,7.5967,0.4286,8,10,0,0.1316,2,0.1098,0.1098,0.4348,0.4554,0.1,0.0999,0.5484,0.48,0.53,0.44,0.44,0.0999,210,189,3325,2960,1446,1514,15,15,4.558
2025-07-22,Campaign #1,22625352639,Performance Max,,paused,eligible,PAUSED,USD,America/Chicago,6,Campaign #1,14628148318,Enabled,day,False,,0,0,0,,,,0,0,,,2,2,0,,0,,,,,0,0,,0,0,0,0,,,,0,0,0,0,,,
2025-07-22,Leads-Search-1,22767146837,Search,,enabled,eligible,UNAVAILABLE,USD,America/Chicago,15,Leads-Search-1,14735867458,Enabled,day,False,-15%,424,22,53.036,0.0519,2.4107,125.0848,22,8,6.6295,0.3636,10,13,0,0.1508,7,0.1114,0.1114,0.0319,0.8567,0.1,0.0999,0.6071,0.88,0.9,0.03,0.03,0.1082,203,181,3385,3008,108,2900,15,15,3.5357
2025-07-23,Leads-Search-1,22767146837,Search,,enabled,eligible,UNAVAILABLE,USD,America/Chicago,15,Leads-Search-1,14735867458,Enabled,day,False,-15%,47,4,8.65,0.0851,2.1625,184.0426,4,0,,0,4,5,0,0,0,0.1444,0.1444,0.2193,0.6364,0.1,0.0999,0.6667,0.68,0.73,0.22,0.22,0.0999,40,36,270,231,59,172,15,15,0.5767
2025-07-24,Campaign #1,22625352639,Performance Max,,paused,eligible,PAUSED,USD,America/Chicago,6,Campaign #1,14628148318,Enabled,day,False,,0,0,0,,,,0,0,,,0,1,0,,0,,,,,0,0,,0,0,0,0,,,,0,0,0,0,,,
2025-07-25,Campaign #1,22625352639,Performance Max,,paused,eligible,PAUSED,USD,America/Chicago,6,Campaign #1,14628148318,Enabled,day,False,,0,0,0,,,,0,0,,,1,1,0,,0,,,,,0,0,,0,0,0,0,,,,0,0,0,0,,,
2025-07-27,Campaign #1,22625352639,Performance Max,,paused,eligible,PAUSED,USD,America/Chicago,6,Campaign #1,14628148318,Enabled,day,False,,0,0,0,,,,0,0,,,1,1,0,,0,,,,,0,0,,0,0,0,0,,,,0,0,0,0,,,
2025-07-28,Leads-Search-1,22767146837,Search,,enabled,eligible,UNAVAILABLE,USD,America/Chicago,15,Leads-Search-1,14735867458,Enabled,day,False,-15%,0,0,0,,,,0,0,,,0,1,0,,0,,,,,0,0,,0,0,0,0,,,,0,0,0,0,,,
2025-07-29,Campaign #1,22625352639,Performance Max,,paused,eligible,PAUSED,USD,America/Chicago,6,Campaign #1,14628148318,Enabled,day,False,,0,0,0,,,,0,0,,,0,1,0,,0,,,,,0,0,,0,0,0,0,,,,0,0,0,0,,,
2025-07-31,Campaign #1,22625352639,Performance Max,,paused,eligible,PAUSED,USD,America/Chicago,6,Campaign #1,14628148318,Enabled,day,False,,0,0,0,,,,0,0,,,0,1,0,,0,,,,,0,0,,0,0,0,0,,,,0,0,0,0,,,
2025-08-01,Campaign #1,22625352639,Performance Max,,paused,eligible,PAUSED,USD,America/Chicago,6,Campaign #1,14628148318,Enabled,day,False,,0,0,0,,,,0,0,,,1,3,0,,0,,,,,0,0,,0,0,0,0,,,,0,0,0,0,,,
2025-08-04,Campaign #1,22625352639,Performance Max,,paused,eligible,PAUSED,USD,America/Chicago,6,Campaign #1,14628148318,Enabled,day,False,,0,0,0,,,,0,0,,,1,2,0,,0,,,,,0,0,,0,0,0,0,,,,0,0,0,0,,,
2025-08-04,Leads-Search-1,22767146837,Search,,enabled,eligible,UNAVAILABLE,USD,America/Chicago,15,Leads-Search-1,14735867458,Enabled,day,False,-15%,137,15,39.7635,0.1095,2.6509,290.2444,15,13,3.0587,0.8667,9,12,0,0.3269,1,0.4706,0.4706,0,0.5294,0.4,0.1765,0.6875,0.6,0.82,0,0,0.3085,49,34,287,152,0,152,15,15,2.6509
2025-08-05,Leads-Search-1,22767146837,Search,,enabled,eligible,UNAVAILABLE,USD,America/Chicago,15,Leads-Search-1,14735867458,Enabled,day,False,-15%,263,19,63.9844,0.0722,3.3676,243.2866,19,4,15.9961,0.2105,8,17,0,0.0625,1,0.194,0.194,0.4298,0.3763,0.15,0.0999,0.3333,0.42,0.51,0.43,0.43,0.1543,123,104,1309,1055,563,493,15,15,4.2656
2025-08-06,Campaign #1,22625352639,Performance Max,,paused,eligible,PAUSED,USD,America/Chicago,6,Campaign #1,14628148318,Enabled,day,False,,0,0,0,,,,0,0,,,1,1,0,,0,,,,,0,0,,0,0,0,0,,,,0,0,0,0,,,
2025-08-06,Leads-Search-1,22767146837,Search,,enabled,eligible,UNAVAILABLE,USD,America/Chicago,15,Leads-Search-1,14735867458,Enabled,day,False,-15%,408,20,53.0589,0.049,2.6529,130.0463,20,2,26.5295,0.1,2,9,0,0.0377,10,0.2594,0.2594,0.2444,0.4963,0.2,0.0999,0.7647,0.56,0.66,0.25,0.25,0.1858,108,88,1527,1131,373,758,15,15,3.5373
2025-08-07,Leads-Search-1,22767146837,Search,,enabled,eligible,UNAVAILABLE,USD,America/Chicago,15,Leads-Search-1,14735867458,Enabled,day,False,-15%,299,22,52.089,0.0736,2.3677,174.2109,22,17,3.0641,0.7727,16,21,0,0.3264,1,0.1195,0.1195,0.7342,0.1463,0.1,0.0999,0.3333,0.17,0.23,0.74,0.74,0.0999,220,198,2294,2020,1684,336,15,15,3.4726
2025-08-08,Leads-Search-1,22767146837,Search,,enabled,eligible,UNAVAILABLE,USD,America/Chicago,15,Leads-Search-1,14735867458,Enabled,day,False,-15%,182,11,43.2141,0.0604,3.9286,237.4398,11,10,4.3214,0.9091,9,14,0,0.2314,0,0.0999,0.0999,0.5285,0.4017,0.1,0.0999,0.3333,0.42,0.45,0.53,0.53,0.0999,110,99,1712,1541,905,688,15,15,2.8809
2025-08-09,Leads-Search-1,22767146837,Search,,enabled,eligible,UNAVAILABLE,USD,America/Chicago,15,Leads-Search-1,14735867458,Enabled,day,False,-15%,303,24,51.8656,0.0792,2.1611,171.1736,24,12,4.3221,0.5,9,9,0,0.2314,9,0.1565,0.1565,0,0.8435,0.13,0.0999,0.625,0.88,0.9,0,0,0.1586,151,127,1776,1498,0,1498,15,15,3.4577
2025-08-10,Leads-Search-1,22767146837,Search,,enabled,eligible,UNAVAILABLE,USD,America/Chicago,15,Leads-Search-1,14735867458,Enabled,day,False,-15%,274,25,55.2142,0.0912,2.2086,201.5116,25,3,18.4047,0.12,3,5,0,0.0543,3,0.1218,0.1218,0.2984,0.5798,0.1,0.0999,0.625,0.6,0.67,0.3,0.3,0.0999,250,225,2036,1788,608,1180,15,15,3.6809
2025-08-11,Campaign #1,22625352639,Performance Max,,paused,eligible,PAUSED,USD,America/Chicago,6,Campaign #1,14628148318,Enabled,day,False,,0,0,0,,,,0,0,,,0,1,0,,0,,,,,0,0,,0,0,0,0,,,,0,0,0,0,,,
2025-08-11,Leads-Search-1,22767146837,Search,,enabled,eligible,UNAVAILABLE,USD,America/Chicago,15,Leads-Search-1,14735867458,Enabled,day,False,-15%,354,24,47.9589,0.0678,1.9983,135.4772,24,16,2.9974,0.6667,15,23,2,0.3336,0,0.1454,0.1454,0.4914,0.3632,0.12,0.0999,0.5435,0.39,0.46,0.49,0.49,0.1054,228,204,2249,1922,1105,817,15,15,3.1973
2025-08-12,Leads-Search-1,22767146837,Search,,enabled,eligible,UNAVAILABLE,USD,America/Chicago,15,Leads-Search-1,14735867458,Enabled,day,False,-15%,189,19,40.4246,0.1005,2.1276,213.8869,19,2,20.2123,0.1053,3,8,0,0.0495,1,0.1271,0.1271,0.3577,0.5152,0.1,0.0999,0.5556,0.54,0.61,0.36,0.36,0.0999,190,171,1274,1112,456,657,15,15,2.695
2025-08-13,Leads-Search-1,22767146837,Search,,enabled,eligible,UNAVAILABLE,USD,America/Chicago,15,Leads-Search-1,14735867458,Enabled,day,False,-15%,0,0,0,,,,0,0,,,2,2,0,,0,,,,,0,0,,0,0,0,0,,,,0,0,0,0,,,
2025-08-15,Leads-Search-1,22767146837,Search,,enabled,eligible,UNAVAILABLE,USD,America/Chicago,15,Leads-Search-1,14735867458,Enabled,day,False,-15%,0,0,0,,,,0,0,,,0,1,0,,0,,,,,0,0,,0,0,0,0,,,,0,0,0,0,,,
2025-08-18,Leads-Search-1,22767146837,Search,,enabled,eligible,UNAVAILABLE,USD,America/Chicago,15,Leads-Search-1,14735867458,Enabled,day,False,-15%,0,0,0,,,,0,0,,,0,2,0,,0,,,,,0,0,,0,0,0,0,,,,0,0,0,0,,,
2025-08-19,Leads-Search-1,22767146837,Search,,enabled,eligible,UNAVAILABLE,USD,America/Chicago,15,Leads-Search-1,14735867458,Enabled,day,False,-15%,0,0,0,,,,0,0,,,0,2,0,,0,,,,,0,0,,0,0,0,0,,,,0,0,0,0,,,
2025-08-22,Leads-Search-1,22767146837,Search,,enabled,eligible,UNAVAILABLE,USD,America/Chicago,15,Leads-Search-1,14735867458,Enabled,day,False,-15%,7,0,0,0,,0,0,0,,,0,0,0,,0,0.6,0.6,0,0.4,0.6,0,1,0.4,0,0,0,,,,12,5,0,5,15,15,0
2025-08-23,Leads-Search-1,22767146837,Search,,enabled,eligible,UNAVAILABLE,USD,America/Chicago,15,Leads-Search-1,14735867458,Enabled,day,False,-15%,251,18,37.6892,0.0717,2.0938,150.156,18,2,18.8446,0.1111,2,6,0,0.0531,2,0.2854,0.2854,0,0.7146,0.23,0.0999,0.6552,0.77,0.9,0,0,0.2251,80,62,834,596,0,596,15,15,2.5126
2025-08-24,Leads-Search-1,22767146837,Search,,enabled,eligible,UNAVAILABLE,USD,America/Chicago,15,Leads-Search-1,14735867458,Enabled,day,False,-15%,499,31,88.756,0.0621,2.8631,177.8677,31,6,14.7927,0.1935,6,13,0,0.0676,1,0.2866,0.2866,0,0.7134,0.23,0.1118,0.7813,0.77,0.89,0,0,0.2398,129,98,1601,1142,0,1142,15,15,5.9171
2025-08-25,Leads-Search-1,22767146837,Search,,enabled,eligible,UNAVAILABLE,USD,America/Chicago,15,Leads-Search-1,14735867458,Enabled,day,False,-15%,304,18,41.3895,0.0592,2.2994,136.1497,18,15,2.7593,0.8333,14,22,1,0.3624,0,0.1272,0.1272,0.7866,0.0862,0.1,0.0999,0.4286,0.1,0.16,0.8,0.8,0.0999,180,162,2162,1887,1700,186,15,15,2.7593
2025-08-26,Campaign #1,22625352639,Performance Max,,paused,eligible,PAUSED,USD,America/Chicago,6,Campaign #1,14628148318,Enabled,day,False,,0,0,0,,,,0,0,,,1,1,0,,0,,,,,0,0,,0,0,0,0,,,,0,0,0,0,,,
2025-08-26,Leads-Search-1,22767146837,Search,,enabled,eligible,UNAVAILABLE,USD,America/Chicago,15,Leads-Search-1,14735867458,Enabled,day,False,-15%,182,17,37.2757,0.0934,2.1927,204.8118,17,7,5.3251,0.4118,5,5,0,0.1878,1,0.1133,0.1133,0.8244,0.0622,0.1,0.0999,0.5,0.07,0.13,0.85,0.85,0.0999,170,153,1385,1228,1142,86,15,15,2.485
2025-08-27,Leads-Search-1,22767146837,Search,,enabled,eligible,UNAVAILABLE,USD,America/Chicago,15,Leads-Search-1,14735867458,Enabled,day,False,-15%,23,3,6.92,0.1304,2.3067,300.8696,3,0,,0,2,4,0,0,0,0.2034,0.2034,0.7627,0.0339,0.15,0.0999,0.6,0.05,0.14,0.8,0.8,0.1184,25,22,103,82,79,4,15,15,0.4613
2025-08-29,Leads-Search-1,22767146837,Search,,enabled,eligible,UNAVAILABLE,USD,America/Chicago,15,Leads-Search-1,14735867458,Enabled,day,False,-15%,0,0,0,,,,0,0,,,0,1,0,,0,,,,,0,0,,0,0,0,0,,,,0,0,0,0,,,
2025-09-02,Leads-Search-1,22767146837,Search,,enabled,eligible,UNAVAILABLE,USD,America/Chicago,15,Leads-Search-1,14735867458,Enabled,day,False,-15%,0,0,0,,,,0,0,,,1,1,0,,0,,,,,0,0,,0,0,0,0,,,,0,0,0,0,,,
2025-09-09,Leads-Search-1,22767146837,Search,,enabled,eligible,UNAVAILABLE,USD,America/Chicago,15,Leads-Search-1,14735867458,Enabled,day,False,-15%,0,0,0,,,,0,0,,,1,1,0,,0,,,,,0,0,,0,0,0,0,,,,0,0,0,0,,,
2025-09-10,Leads-Search-1,22767146837,Search,,enabled,eligible,UNAVAILABLE,USD,America/Chicago,15,Leads-Search-1,14735867458,Enabled,day,False,-15%,0,0,0,,,,0,0,,,1,1,0,,0,,,,,0,0,,0,0,0,0,,,,0,0,0,0,,,
2025-09-15,Leads-Search-1,22767146837,Search,,enabled,eligible,UNAVAILABLE,USD,America/Chicago,15,Leads-Search-1,14735867458,Enabled,day,False,-15%,0,0,0,,,,0,0,,,1,1,0,,0,,,,,0,0,,0,0,0,0,,,,0,0,0,0,,,
2025-09-18,Leads-Search-1,22767146837,Search,,enabled,eligible,UNAVAILABLE,USD,America/Chicago,15,Leads-Search-1,14735867458,Enabled,day,False,-15%,0,0,0,,,,0,0,,,1,1,0,,0,,,,,0,0,,0,0,0,0,,,,0,0,0,0,,,
2026-04-27,Leads-Search-1,22767146837,Search,,enabled,eligible,UNAVAILABLE,USD,America/Chicago,15,Leads-Search-1,14735867458,Enabled,day,False,-15%,83,8,20.1602,0.0964,2.52,242.8937,8,0,,0,0,1,0,0,1,0.625,0.625,0,0.375,0.57,0.2222,0.4545,0.43,0.78,0,0,0.4348,18,10,130,49,0,49,15,15,1.344
2026-04-28,Leads-Search-1,22767146837,Search,,enabled,eligible,UNAVAILABLE,USD,America/Chicago,15,Leads-Search-1,14735867458,Enabled,day,False,-15%,259,23,78.1172,0.0888,3.3964,301.6107,23,12,6.5098,0.5217,7,17,0,0.1536,10,0.1347,0.1347,0.6622,0.2031,0.11,0.0999,0.2222,0.23,0.29,0.66,0.66,0.1149,200,177,1841,1593,1219,374,15,15,5.2078
2026-04-29,Leads-Search-1,22767146837,Search,,enabled,eligible,UNAVAILABLE,USD,America/Chicago,15,Leads-Search-1,14735867458,Enabled,day,False,-15%,427,22,56.1412,0.0515,2.5519,131.4782,22,1,56.1412,0.0455,1,7,0,0.0178,22,0.0999,0.0999,0.5465,0.3867,0.1,0.0999,0.2941,0.41,0.43,0.55,0.55,0.0999,220,198,3944,3550,2155,1525,15,15,3.7427
2026-04-30,Leads-Search-1,22767146837,Search,,enabled,eligible,UNAVAILABLE,USD,America/Chicago,15,Leads-Search-1,14735867458,Enabled,day,False,-15%,391,15,31.8,0.0384,2.12,81.3299,15,3,10.6,0.2,4,10,0,0.0943,0,0.0999,0.0999,0.5687,0.3945,0.1,0.0999,0.1563,0.41,0.42,0.57,0.57,0.0999,150,135,3634,3271,2067,1433,15,15,2.12
2026-05-01,Leads-Search-1,22767146837,Search,,enabled,eligible,UNAVAILABLE,USD,America/Chicago,15,Leads-Search-1,14735867458,Enabled,day,False,-15%,205,13,34.53,0.0634,2.6562,168.439,13,1,34.53,0.0769,2,3,0,0.029,0,0.0999,0.0999,0.0462,0.8624,0.1,0.0999,0.25,0.87,0.9,0.05,0.05,0.0999,130,117,1842,1658,85,1588,15,15,2.302
2026-05-02,Leads-Search-1,22767146837,Search,,enabled,eligible,UNAVAILABLE,USD,America/Chicago,15,Leads-Search-1,14735867458,Enabled,day,False,-15%,146,18,27.9011,0.1233,1.5501,191.1031,18,5,5.5802,0.2778,6,10,0,0.1792,3,0.0999,0.0999,0.4038,0.5183,0.1,0.0999,0.2381,0.53,0.57,0.4,0.4,0.0999,180,162,1311,1180,529,680,15,15,1.8601
2026-05-03,Leads-Search-1,22767146837,Search,,enabled,eligible,UNAVAILABLE,USD,America/Chicago,15,Leads-Search-1,14735867458,Enabled,day,False,-15%,176,11,30.3096,0.0625,2.7554,172.2136,11,2,15.1548,0.1818,1,9,0,0.066,14,0.1211,0.1211,0.3006,0.5783,0.1,0.0999,0.6364,0.61,0.67,0.3,0.3,0.0999,110,99,1214,1067,365,702,15,15,2.0206
2026-05-04,Leads-Search-1,22767146837,Search,,enabled,eligible,UNAVAILABLE,USD,America/Chicago,15,Leads-Search-1,14735867458,Enabled,day,False,-15%,171,11,27.92,0.0643,2.5382,163.2749,11,1,27.92,0.0909,2,5,0,0.0358,6,0.1085,0.1085,0,0.8915,0.1,0.0999,0.3684,0.9,0.9,0,0,0.0999,110,99,1364,1216,0,1216,15,15,1.8613
2026-05-08,Leads-Search-1,22767146837,Search,,enabled,eligible,UNAVAILABLE,USD,America/Chicago,15,Leads-Search-1,14735867458,Enabled,day,False,-15%,0,0,0,,,,0,0,,,2,2,0,,0,,,,,0,0,,0,0,0,0,,,,0,0,0,0,,,
2026-05-12,Leads-Search-1,22767146837,Search,,enabled,eligible,UNAVAILABLE,USD,America/Chicago,15,Leads-Search-1,14735867458,Enabled,day,False,-15%,125,10,19.4408,0.08,1.9441,155.5265,10,2,9.7204,0.2,1,11,0,0.1029,4,0.4403,0.4403,0,0.5597,0.21,0.1572,0.7222,0.79,0.84,0,0,0.2543,39,29,275,154,0,154,15,15,1.2961
2026-05-13,Leads-Search-1,22767146837,Search,,enabled,eligible,UNAVAILABLE,USD,America/Chicago,15,Leads-Search-1,14735867458,Enabled,day,False,-15%,285,17,45.8413,0.0596,2.6965,160.8468,17,7,6.5488,0.4118,7,15,0,0.1527,3,0.1252,0.1252,0.389,0.4858,0.1,0.0999,0.3548,0.52,0.58,0.39,0.39,0.1031,165,148,2164,1893,842,1051,15,15,3.0561
2026-05-19,Leads-Search-1,22767146837,Search,,enabled,eligible,UNAVAILABLE,USD,America/Chicago,15,Leads-Search-1,14735867458,Enabled,day,False,-15%,0,0,0,,,,0,0,,,1,6,0,,0,,,,,0,0,,0,0,0,0,,,,0,0,0,0,,,
2026-05-28,PNHdefense-Website traffic-Search-2,23888858069,Search,,paused,eligible,PAUSED,USD,America/Chicago,5,PNHdefense-Website traffic-Search-2,15608951019,Enabled,day,False,,0,0,0,,,,0,0,,,0,0,0,,0,,0.0999,,,0,0,0.0999,0,0,0,0,,,,0,0,0,0,5,5,0
2026-05-29,PNHdefense-Website traffic-Search-2,23888858069,Search,,paused,eligible,PAUSED,USD,America/Chicago,5,PNHdefense-Website traffic-Search-2,15608951019,Enabled,day,False,,7,0,0,0,,0,0,0,,,0,0,0,,0,0.5833,0.5833,0.0833,0.3333,0.33,0.25,0.5833,0.58,0.67,0.08,0.08,,,,12,5,1,4,5,5,0
2026-05-30,Leads-Search-1,22767146837,Search,,enabled,eligible,UNAVAILABLE,USD,America/Chicago,15,Leads-Search-1,14735867458,Enabled,day,False,-15%,9,1,4.301,0.1111,4.301,477.8893,1,2,2.1505,2,2,5,0,0.465,0,0.75,0.75,0,0.25,0.75,0.75,1,0.25,0.25,0,0,0.7783,1,0,12,3,0,3,15,15,0.2867
2026-05-30,PNHdefense-Website traffic-Search-2,23888858069,Search,,paused,eligible,PAUSED,USD,America/Chicago,5,PNHdefense-Website traffic-Search-2,15608951019,Enabled,day,False,,8,0,0,0,,0,0,0,,,0,0,0,,0,0.4286,0.4286,0.0714,0.5,0.14,0.1429,0.4286,0.79,0.79,0.07,0.07,,,,19,11,1,9,5,5,0
2026-05-31,PNHdefense-Website traffic-Search-2,23888858069,Search,,paused,eligible,PAUSED,USD,America/Chicago,5,PNHdefense-Website traffic-Search-2,15608951019,Enabled,day,False,,6,1,0.01,0.1667,0.01,1.6667,1,0,,0,0,0,0,0,0,1,1,0,0,1,1,1,0,0,0,0,0.94,1,0,6,0,0,0,5,5,0.002
2026-06-01,PNHdefense-Website traffic-Search-2,23888858069,Search,,paused,eligible,PAUSED,USD,America/Chicago,5,PNHdefense-Website traffic-Search-2,15608951019,Enabled,day,False,,6,0,0,0,,0,0,0,,,0,0,0,,0,1,1,0,0,1,1,1,0,0,0,0,,,,6,0,0,0,5,5,0
2026-06-02,PNHdefense-Website traffic-Search-2,23888858069,Search,,paused,eligible,PAUSED,USD,America/Chicago,5,PNHdefense-Website traffic-Search-2,15608951019,Enabled,day,False,,9,2,10.501,0.2222,5.2505,1166.7824,2,0,,0,0,2,0,0,1,0.625,0.625,0,0.375,0.63,0.625,0.625,0.38,0.38,0,0,0.6634,3,1,14,5,0,5,5,5,2.1002
2026-06-03,PNHdefense-Website traffic-Search-2,23888858069,Search,,paused,eligible,PAUSED,USD,America/Chicago,5,PNHdefense-Website traffic-Search-2,15608951019,Enabled,day,False,,20,0,0,0,,0,0,0,,,0,1,0,,0,0.75,0.75,0,0.25,0.69,0.6875,0.75,0.31,0.31,0,0,,,,27,7,0,7,5,5,0
2026-06-04,PNHdefense-Website traffic-Search-2,23888858069,Search,,paused,eligible,PAUSED,USD,America/Chicago,5,PNHdefense-Website traffic-Search-2,15608951019,Enabled,day,False,,10,1,5.38,0.1,5.38,538,1,0,,0,0,1,0,0,0,0.5,0.5,0.5,0,0.36,0.3571,0.5,0.14,0.14,0.5,0.5,0.4016,2,1,20,10,10,0,5,5,1.076
2026-06-05,PNHdefense-Website traffic-Search-2,23888858069,Search,,paused,eligible,PAUSED,USD,America/Chicago,5,PNHdefense-Website traffic-Search-2,15608951019,Enabled,day,False,,4,0,0,0,,0,0,0,,,0,0,0,,0,1,1,0,0,1,0.5,1,0,0.5,0,0,,,,4,0,0,0,5,5,0
2026-06-06,PNHdefense-Website traffic-Search-2,23888858069,Search,,paused,eligible,PAUSED,USD,America/Chicago,5,PNHdefense-Website traffic-Search-2,15608951019,Enabled,day,False,,6,2,3.85,0.3333,1.925,641.6667,2,0,,0,0,0,0,0,0,1,1,0,0,1,1,1,0,0,0,0,,,,6,0,0,0,5,5,0.77
2026-06-07,PNHdefense-Website traffic-Search-2,23888858069,Search,,paused,eligible,PAUSED,USD,America/Chicago,5,PNHdefense-Website traffic-Search-2,15608951019,Enabled,day,False,,4,0,0,0,,0,0,0,,,0,0,0,,0,1,1,0,0,1,1,1,0,0,0,0,,,,4,0,0,0,5,5,0
2026-06-08,PNHdefense-Website traffic-Search-2,23888858069,Search,,paused,eligible,PAUSED,USD,America/Chicago,5,PNHdefense-Website traffic-Search-2,15608951019,Enabled,day,False,,10,3,4.8416,0.3,1.6139,484.1581,3,1,4.8416,0.3333,1,3,0,0.2065,0,1,1,0,0,1,1,1,0,0,0,0,0.9236,3,0,10,0,0,0,5,5,0.9683
2026-06-09,PNHdefense-Website traffic-Search-2,23888858069,Search,,paused,eligible,PAUSED,USD,America/Chicago,5,PNHdefense-Website traffic-Search-2,15608951019,Enabled,day,False,,2,0,0,0,,0,0,0,,,0,0,0,,0,1,1,0,0,1,1,1,0,0,0,0,,,,2,0,0,0,5,5,0
2026-06-10,Leads-Search-1,22767146837,Search,,enabled,eligible,UNAVAILABLE,USD,America/Chicago,15,Leads-Search-1,14735867458,Enabled,day,False,-15%,53,4,24.0592,0.0755,6.0148,453.9472,4,0.02,1202.9602,0.005,0,0,0,0.0441,1,0.5918,0.5918,0.0612,0.3469,0.53,0.2449,0.4444,0.39,0.67,0.08,0.08,0.3993,10,6,90,37,5,31,15,15,1.6039
2026-06-10,PNHdefense-Website traffic-Search-2,23888858069,Search,,paused,eligible,PAUSED,USD,America/Chicago,5,PNHdefense-Website traffic-Search-2,15608951019,Enabled,day,False,,22,3,15.6555,0.1364,5.2185,711.6138,3,3,5.2185,1,3,9,0,0.1916,0,0.9231,0.9231,0,0.0769,0.92,0.8462,0.9167,0.08,0.15,0,0,0.9098,3,0,24,2,0,2,5,5,3.1311
2026-06-11,PNHdefense-Website traffic-Search-2,23888858069,Search,,paused,eligible,PAUSED,USD,America/Chicago,5,PNHdefense-Website traffic-Search-2,15608951019,Enabled,day,False,,2,1,1.895,0.5,1.895,947.522,1,0,,0,0,0,0,0,0,1,1,0,0,1,1,1,0,0,0,0,0.7483,1,0,2,0,0,0,5,5,0.379
2026-06-12,PNHdefense-Website traffic-Search-2,23888858069,Search,,paused,eligible,PAUSED,USD,America/Chicago,5,PNHdefense-Website traffic-Search-2,15608951019,Enabled,day,False,,11,1,7.1989,0.0909,7.1989,654.4498,1,4,1.7997,4,0,0,0,0.5556,0,1,1,0,0,1,1,1,0,0,0,0,0.7821,1,0,11,0,0,0,5,5,1.4398
2026-06-13,PNHdefense-Website traffic-Search-2,23888858069,Search,,paused,eligible,PAUSED,USD,America/Chicago,5,PNHdefense-Website traffic-Search-2,15608951019,Enabled,day,False,,5,1,7.3041,0.2,7.3041,1460.8282,1,0,,0,1,2,0,0,0,1,1,0,0,1,0.6667,1,0,0.33,0,0,0.6858,1,0,5,0,0,0,5,5,1.4608
2026-06-14,PNHdefense-Website traffic-Search-2,23888858069,Search,,paused,eligible,PAUSED,USD,America/Chicago,5,PNHdefense-Website traffic-Search-2,15608951019,Enabled,day,False,,2,0,0,0,,0,0,0,,,0,0,0,,0,1,1,0,0,1,1,1,0,0,0,0,,,,2,0,0,0,5,5,0
2026-06-15,PNHdefense-Website traffic-Search-2,23888858069,Search,,paused,eligible,PAUSED,USD,America/Chicago,5,PNHdefense-Website traffic-Search-2,15608951019,Enabled,day,False,,20,2,4,0.1,2,200,2,1,4,0.5,2,4,0,0.25,0,1,1,0,0,0.91,0.8182,1,0.09,0.18,0,0,0.8019,2,0,20,0,0,0,5,5,0.8
2026-06-16,PNHdefense-Website traffic-Search-2,23888858069,Search,,paused,eligible,PAUSED,USD,America/Chicago,5,PNHdefense-Website traffic-Search-2,15608951019,Enabled,day,False,,11,1,2.69,0.0909,2.69,244.5455,1,0,,0,0,0,0,0,0,1,1,0,0,0.83,0.8333,1,0.17,0.17,0,0,0.874,1,0,11,0,0,0,5,5,0.538
2026-06-17,PNHdefense-Website traffic-Search-2,23888858069,Search,,paused,eligible,PAUSED,USD,America/Chicago,5,PNHdefense-Website traffic-Search-2,15608951019,Enabled,day,False,,6,1,2.25,0.1667,2.25,375,1,0,,0,0,0,0,0,0,0.75,0.75,0,0.25,0.75,0.5,0.75,0.25,0.5,0,0,0.7445,1,0,8,2,0,2,5,5,0.45
2026-06-18,PNHdefense-Website traffic-Search-2,23888858069,Search,,paused,eligible,PAUSED,USD,America/Chicago,5,PNHdefense-Website traffic-Search-2,15608951019,Enabled,day,False,,27,1,0.77,0.037,0.77,28.5185,1,7,0.11,7,2,4,0,92.2078,0,0.6957,0.6957,0,0.3043,0.61,0.4348,0.6957,0.39,0.57,0,0,0.7849,1,0,39,12,0,12,5,5,0.154
2026-06-19,PNHdefense-Website traffic-Search-2,23888858069,Search,,paused,eligible,PAUSED,USD,America/Chicago,5,PNHdefense-Website traffic-Search-2,15608951019,Enabled,day,False,,9,3,5.56,0.3333,1.8533,617.7778,3,0,,0,0,1,0,0,0,1,1,0,0,1,1,1,0,0,0,0,0.9689,3,0,9,0,0,0,5,5,1.112
2026-06-20,PNHdefense-Website traffic-Search-2,23888858069,Search,,paused,eligible,PAUSED,USD,America/Chicago,5,PNHdefense-Website traffic-Search-2,15608951019,Enabled,day,False,,3,2,4.87,0.6667,2.435,1623.3333,2,0,,0,0,0,0,0,0,1,1,0,0,1,1,1,0,0,0,0,0.6519,3,1,3,0,0,0,5,5,0.974
2026-06-21,PNHdefense-Website traffic-Search-2,23888858069,Search,,paused,eligible,PAUSED,USD,America/Chicago,5,PNHdefense-Website traffic-Search-2,15608951019,Enabled,day,False,,4,0,0,0,,0,0,0,,,0,0,0,,0,1,1,0,0,1,1,1,0,0,0,0,,,,4,0,0,0,5,5,0
2026-06-22,PNHdefense-Website traffic-Search-2,23888858069,Search,,paused,eligible,PAUSED,USD,America/Chicago,5,PNHdefense-Website traffic-Search-2,15608951019,Enabled,day,False,,4,2,5.45,0.5,2.725,1362.5,2,0,,0,0,0,0,0,0,1,1,0,0,1,1,1,0,0,0,0,0.8702,2,0,4,0,0,0,5,5,1.09
2026-06-23,PNHdefense-Website traffic-Search-2,23888858069,Search,,paused,eligible,PAUSED,USD,America/Chicago,5,PNHdefense-Website traffic-Search-2,15608951019,Enabled,day,False,,3,0,0,0,,0,0,0,,,0,0,0,,0,0.5,0.5,0,0.5,0.5,0.25,0.5,0.5,0.75,0,0,,,,6,3,0,3,5,5,0
2026-06-24,PNHdefense-Website traffic-Search-2,23888858069,Search,,paused,eligible,PAUSED,USD,America/Chicago,5,PNHdefense-Website traffic-Search-2,15608951019,Enabled,day,False,,6,1,2.53,0.1667,2.53,421.6667,1,0,,0,0,0,0,0,1,1,1,0,0,1,1,1,0,0,0,0,0.7858,1,0,6,0,0,0,5,5,0.506
2026-06-25,PNHdefense-Website traffic-Search-2,23888858069,Search,,paused,eligible,PAUSED,USD,America/Chicago,5,PNHdefense-Website traffic-Search-2,15608951019,Enabled,day,False,,8,2,0.67,0.25,0.335,83.75,2,2,0.335,1,0,2,0,2.9851,0,1,1,0,0,1,1,1,0,0,0,0,0.8236,2,0,8,0,0,0,5,5,0.134
2026-06-26,PNHdefense-Website traffic-Search-2,23888858069,Search,,paused,eligible,PAUSED,USD,America/Chicago,5,PNHdefense-Website traffic-Search-2,15608951019,Enabled,day,False,,14,2,2.01,0.1429,1.005,143.5714,2,3,0.67,1.5,3,6,0,112.9353,0,1,1,0,0,1,1,1,0,0,0,0,0.9249,2,0,14,0,0,0,5,5,0.402
2026-06-28,PNHdefense-Website traffic-Search-2,23888858069,Search,,paused,eligible,PAUSED,USD,America/Chicago,5,PNHdefense-Website traffic-Search-2,15608951019,Enabled,day,False,,6,2,12,0.3333,6,2000,2,0,,0,0,0,0,0,0,1,1,0,0,1,1,1,0,0,0,0,0.8024,2,0,6,0,0,0,5,5,2.4
2026-06-29,PNHdefense-Website traffic-Search-2,23888858069,Search,,paused,eligible,PAUSED,USD,America/Chicago,5,PNHdefense-Website traffic-Search-2,15608951019,Enabled,day,False,,6,2,11.58,0.3333,5.79,1930,2,0,,0,0,0,0,0,0,1,1,0,0,1,1,1,0,0,0,0,0.9984,2,0,6,0,0,0,5,5,2.316
2026-06-30,PNHdefense-Website traffic-Search-2,23888858069,Search,,paused,eligible,PAUSED,USD,America/Chicago,5,PNHdefense-Website traffic-Search-2,15608951019,Enabled,day,False,,7,0,0,0,,0,0,0,,,0,0,0,,0,1,1,0,0,1,1,1,0,0,0,0,,,,7,0,0,0,5,5,0
2026-07-01,PNHdefense-Website traffic-Search-2,23888858069,Search,,paused,eligible,PAUSED,USD,America/Chicago,5,PNHdefense-Website traffic-Search-2,15608951019,Enabled,day,False,,2,0,0,0,,0,0,0,,,1,2,0,,0,1,1,0,0,1,1,1,0,0,0,0,,,,2,0,0,0,5,5,0
2026-07-02,PNHdefense-Website traffic-Search-2,23888858069,Search,,paused,eligible,PAUSED,USD,America/Chicago,5,PNHdefense-Website traffic-Search-2,15608951019,Enabled,day,False,,4,1,1.91,0.25,1.91,477.5,1,0,,0,0,0,0,0,0,1,1,0,0,1,1,1,0,0,0,0,0.9998,1,0,4,0,0,0,5,5,0.382
2026-07-03,Leads-Search-1,22767146837,Search,,enabled,eligible,UNAVAILABLE,USD,America/Chicago,15,Leads-Search-1,14735867458,Enabled,day,False,-15%,110,5,13.38,0.0455,2.676,121.6364,5,1,13.38,0.2,1,3,0,0.0747,0,0.3676,0.3676,0.6216,0.0108,0.3,0.1243,0.6667,0.01,0.18,0.69,0.69,0.1303,38,33,291,184,181,3,15,15,0.892
2026-07-03,PNHdefense-Website traffic-Search-2,23888858069,Search,,paused,eligible,PAUSED,USD,America/Chicago,5,PNHdefense-Website traffic-Search-2,15608951019,Enabled,day,False,,4,2,8.75,0.5,4.375,2187.5,2,0,,0,1,3,0,0,0,1,1,0,0,1,1,1,0,0,0,0,0.9664,2,0,4,0,0,0,5,5,1.75
2026-07-04,Leads-Search-1,22767146837,Search,,enabled,eligible,UNAVAILABLE,USD,America/Chicago,15,Leads-Search-1,14735867458,Enabled,day,False,-15%,145,5,13.39,0.0345,2.678,92.3448,5,0,,0,0,2,0,0,1,0.1481,0.1481,0.7963,0.0556,0.11,0.0999,0.3421,0.07,0.14,0.82,0.82,0.0999,50,45,938,799,747,52,15,15,0.8927
2026-07-04,PNHdefense-Website traffic-Search-2,23888858069,Search,,paused,eligible,PAUSED,USD,America/Chicago,5,PNHdefense-Website traffic-Search-2,15608951019,Enabled,day,False,,2,1,2.32,0.5,2.32,1160,1,0,,0,0,1,0,0,0,1,1,0,0,1,1,1,0,0,0,0,1,1,0,2,0,0,0,5,5,0.464
2026-07-05,Leads-Search-1,22767146837,Search,,enabled,eligible,UNAVAILABLE,USD,America/Chicago,15,Leads-Search-1,14735867458,Enabled,day,False,-15%,115,7,12.4965,0.0609,1.7852,108.6651,7,1,12.4965,0.1429,1,2,0,0.08,3,0.1753,0.1753,0.8084,0.0162,0.14,0.0999,0.3023,0.02,0.11,0.84,0.84,0.0999,70,63,593,489,480,10,15,15,0.8331
2026-07-05,PNHdefense-Website traffic-Search-2,23888858069,Search,,paused,eligible,PAUSED,USD,America/Chicago,5,PNHdefense-Website traffic-Search-2,15608951019,Enabled,day,False,,11,2,3.45,0.1818,1.725,313.6364,2,2.01,1.7164,1.005,1,2,0,0.5826,0,1,1,0,0,1,1,1,0,0,0,0,0.9469,2,0,11,0,0,0,5,5,0.69
2026-07-06,Leads-Search-1,22767146837,Search,,enabled,eligible,UNAVAILABLE,USD,America/Chicago,15,Leads-Search-1,14735867458,Enabled,day,False,-15%,200,7,10.06,0.035,1.4371,50.3,7,0,,0,0,0,0,0,0,0.0999,0.0999,0.9001,0,0.1,0.0999,0.1346,0,0.04,0.9,0.9,0.0999,70,63,1952,1757,1757,0,15,15,0.6707
2026-07-06,PNHdefense-Website traffic-Search-2,23888858069,Search,,paused,eligible,PAUSED,USD,America/Chicago,5,PNHdefense-Website traffic-Search-2,15608951019,Enabled,day,False,,0,0,0,,,,0,0,,,2,5,0,,0,,,,,0,0,,0,0,0,0,,,,0,0,0,0,,,
2026-07-07,Leads-Search-1,22767146837,Search,,enabled,eligible,UNAVAILABLE,USD,America/Chicago,15,Leads-Search-1,14735867458,Enabled,day,False,-15%,89,9,9.7603,0.1011,1.0845,109.6664,9,6,1.6267,0.6667,6,13,0,0.6147,2,0.0999,0.0999,0.9001,0,0.1,0.0999,0.1136,0,0.05,0.9,0.9,0.0999,90,81,851,766,766,0,15,15,0.6507
2026-07-07,PNHdefense-Website traffic-Search-2,23888858069,Search,,paused,eligible,PAUSED,USD,America/Chicago,5,PNHdefense-Website traffic-Search-2,15608951019,Enabled,day,False,,6,2,7.43,0.3333,3.715,1238.3333,2,2,3.715,1,2,3.4877,0,0.2692,0,1,1,0,0,1,1,1,0,0,0,0,0.6578,3,1,6,0,0,0,5,5,1.486
2026-07-08,Leads-Search-1,22767146837,Search,,enabled,eligible,UNAVAILABLE,USD,America/Chicago,15,Leads-Search-1,14735867458,Enabled,day,False,-15%,319,8,13.3779,0.0251,1.6722,41.9371,8,2,6.689,0.25,2,4.9976,0,0.1495,0,0.0999,0.0999,0.9001,0.0027,0.1,0.0999,0.125,0,0.05,0.9,0.9,0.0999,80,72,3093,2784,2784,8,15,15,0.8919
2026-07-08,PNHdefense-Website traffic-Search-2,23888858069,Search,,paused,eligible,PAUSED,USD,America/Chicago,5,PNHdefense-Website traffic-Search-2,15608951019,Enabled,day,False,,9,3,4.23,0.3333,1.41,470,3,1.2,3.525,0.4,2.2057,3.639,0,11.1749,0,1,1,0,0,1,1,1,0,0,0,0,0.9695,3,0,9,0,0,0,5,5,0.846
2026-07-09,Leads-Search-1,22767146837,Search,,enabled,eligible,UNAVAILABLE,USD,America/Chicago,15,Leads-Search-1,14735867458,Enabled,day,False,-15%,424,7,14.22,0.0165,2.0314,33.5377,7,2,7.11,0.2857,2,9,0,0.1406,0,0.1001,0.1001,0.73,0.1698,0.1,0.0999,0.24,0.19,0.24,0.74,0.74,0.0999,70,63,4165,3748,3040,707,15,15,0.948
2026-07-09,PNHdefense-Website traffic-Search-2,23888858069,Search,,paused,eligible,PAUSED,USD,America/Chicago,5,PNHdefense-Website traffic-Search-2,15608951019,Enabled,day,False,,0,0,0,,,,0,0,,,3,3.0072,0,,0,,,,,0,0,,0,0,0,0,,,,0,0,0,0,,,
2026-07-10,Leads-Search-1,22767146837,Search,,enabled,eligible,UNAVAILABLE,USD,America/Chicago,15,Leads-Search-1,14735867458,Enabled,day,False,-15%,332,10,15.56,0.0301,1.556,46.8675,10,1,15.56,0.1,1,7,0,0.0643,0,0.1343,0.1343,0.7247,0.141,0.1,0.0999,0.2586,0.16,0.25,0.74,0.74,0.0999,100,90,2353,2037,1705,332,15,15,1.0373
2026-07-10,PNHdefense-Website traffic-Search-2,23888858069,Search,,paused,eligible,PAUSED,USD,America/Chicago,5,PNHdefense-Website traffic-Search-2,15608951019,Enabled,day,False,,5,1,0.59,0.2,0.59,118,1,0,,0,0,0,0,0,0,1,1,0,0,1,1,1,0,0,0,0,0.5778,2,1,5,0,0,0,5,5,0.118
2026-07-11,Leads-Search-1,22767146837,Search,,enabled,eligible,UNAVAILABLE,USD,America/Chicago,15,Leads-Search-1,14735867458,Enabled,day,False,-15%,232,7,11.56,0.0302,1.6514,49.8276,7,6,1.9267,0.8571,6,12,0,0.519,1,0.1183,0.1183,0.2012,0.6805,0.1,0.0999,0.2679,0.71,0.78,0.2,0.2,0.0999,70,63,1734,1529,349,1180,15,15,0.7707
2026-07-11,PNHdefense-Website traffic-Search-2,23888858069,Search,,paused,eligible,PAUSED,USD,America/Chicago,5,PNHdefense-Website traffic-Search-2,15608951019,Enabled,day,False,,2,1,1.3,0.5,1.3,650,1,0,,0,0,3,0,0,0,1,1,0,0,1,1,1,0,0,0,0,0.9196,1,0,2,0,0,0,5,5,0.26
2026-07-12,Leads-Search-1,22767146837,Search,,enabled,eligible,UNAVAILABLE,USD,America/Chicago,15,Leads-Search-1,14735867458,Enabled,day,False,-15%,303,13,14.715,0.0429,1.1319,48.5643,13,0,,0,0,5,0,0,4,0.1439,0.1439,0,0.8561,0.1,0.0999,0.2963,0.9,0.9,0,0,0.0999,130,117,1925,1648,0,1648,15,15,0.981
2026-07-12,PNHdefense-Website traffic-Search-2,23888858069,Search,,paused,eligible,PAUSED,USD,America/Chicago,5,PNHdefense-Website traffic-Search-2,15608951019,Enabled,day,False,,4,1,1.02,0.25,1.02,255,1,0,,0,0,1,0,0,0,1,1,0,0,1,1,1,0,0,0,0,0.9302,1,0,4,0,0,0,5,5,0.204
2026-07-13,Leads-Search-1,22767146837,Search,,enabled,eligible,UNAVAILABLE,USD,America/Chicago,15,Leads-Search-1,14735867458,Enabled,day,False,-15%,338,14,21.1382,0.0414,1.5099,62.5391,14,1,21.1382,0.0714,1,10,0,0.0473,1,0.0999,0.0999,0.5678,0.3385,0.1,0.0999,0.1649,0.36,0.42,0.57,0.57,0.0999,140,126,3153,2838,1790,1067,15,15,1.4092
2026-07-13,PNHdefense-Website traffic-Search-2,23888858069,Search,,paused,eligible,PAUSED,USD,America/Chicago,5,PNHdefense-Website traffic-Search-2,15608951019,Enabled,day,False,,6,3,9.66,0.5,3.22,1610,3,0,,0,0,1,0,0,0,1,1,0,0,1,1,1,0,0,0,0,0.9979,3,0,6,0,0,0,5,5,1.932
2026-07-14,Leads-Search-1,22767146837,Search,,enabled,eligible,UNAVAILABLE,USD,America/Chicago,15,Leads-Search-1,14735867458,Enabled,day,False,-15%,284,15,21.2335,0.0528,1.4156,74.7658,15,2.02,10.5116,0.1347,2.0196,11.0196,0,0.0951,1,0.1003,0.1003,0.5477,0.352,0.1,0.0999,0.2255,0.38,0.43,0.55,0.55,0.0999,150,135,2523,2270,1382,888,15,15,1.4156
2026-07-14,PNHdefense-Website traffic-Search-2,23888858069,Search,,paused,eligible,PAUSED,USD,America/Chicago,5,PNHdefense-Website traffic-Search-2,15608951019,Enabled,day,False,,5,0,0,0,,0,0,0,,,1,3,0,,0,0.8,0.8,0,0.2,0.2,0.2,1,0.8,0.8,0,0,,,,6,1,0,1,5,5,0
2026-07-15,Leads-Search-1,22767146837,Search,,enabled,eligible,UNAVAILABLE,USD,America/Chicago,15,Leads-Search-1,14735867458,Enabled,day,False,-15%,135,7,7.9515,0.0519,1.1359,58.9,7,0,,0,0,16,0,0,3,0.0999,0.0999,0.8367,0.0776,0.1,0.0999,0.0999,0.08,0.14,0.85,0.85,0.0999,70,63,1191,1072,997,92,15,15,0.5301
2026-07-15,PNHdefense-Website traffic-Search-2,23888858069,Search,,paused,eligible,PAUSED,USD,America/Chicago,5,PNHdefense-Website traffic-Search-2,15608951019,Enabled,day,False,,6,2,0.62,0.3333,0.31,103.3333,2,0,,0,0,4,0,0,0,1,1,0,0,1,0.6667,1,0,0.33,0,0,0.908,2,0,6,0,0,0,5,5,0.124
2026-07-16,Leads-Search-1,22767146837,Search,,enabled,eligible,UNAVAILABLE,USD,America/Chicago,15,Leads-Search-1,14735867458,Enabled,day,False,-15%,259,13,15.5055,0.0502,1.1927,59.8667,13,0,,0,0,0,0,0,0,0.1087,0.1087,0.5064,0.385,0.1,0.0999,0.1905,0.4,0.47,0.51,0.51,0.0999,130,117,2006,1788,1016,772,15,15,1.0337
2026-07-16,PNHdefense-Website traffic-Search-2,23888858069,Search,,paused,eligible,PAUSED,USD,America/Chicago,5,PNHdefense-Website traffic-Search-2,15608951019,Enabled,day,False,,4,2,2.4,0.5,1.2,600,2,0,,0,0,1,0,0,0,0.6667,0.6667,0,0.3333,0.67,0.6667,0.6667,0.33,0.33,0,0,0.9995,2,0,6,2,0,2,5,5,0.48
2026-07-17,Leads-Search-1,22767146837,Search,,enabled,eligible,UNAVAILABLE,USD,America/Chicago,15,Leads-Search-1,14735867458,Enabled,day,False,-15%,91,12,37.7589,0.1319,3.1466,414.9328,12,0,,0,0,5,0,0,1,0.0999,0.0999,0.9001,0,0.1,0.0999,0.0999,0,0.04,0.9,0.9,0.0999,120,108,571,514,514,0,15,15,2.5173
2026-07-17,PNHdefense-Website traffic-Search-2,23888858069,Search,,paused,eligible,PAUSED,USD,America/Chicago,5,PNHdefense-Website traffic-Search-2,15608951019,Enabled,day,False,,3,1,0.11,0.3333,0.11,36.6667,1,0,,0,0,0,0,0,0,0.4,0.4,0,0.6,0.2,0.2,0.25,0.8,0.8,0,0,0.0999,10,9,8,5,0,5,5,5,0.022
2026-07-18,Leads-Search-1,22767146837,Search,,enabled,eligible,UNAVAILABLE,USD,America/Chicago,15,Leads-Search-1,14735867458,Enabled,day,False,-15%,198,13,30.3218,0.0657,2.3324,153.1404,13,3,10.1073,0.2308,3,13,0,6.431,1,0.0999,0.0999,0.9001,0.0077,0.1,0.0999,0.1364,0.01,0.04,0.9,0.9,0.0999,130,117,1221,1099,1099,10,15,15,2.0215
2026-07-18,PNHdefense-Website traffic-Search-2,23888858069,Search,,paused,eligible,PAUSED,USD,America/Chicago,5,PNHdefense-Website traffic-Search-2,15608951019,Enabled,day,False,,2,2,0.54,1,0.27,270,2,0,,0,0,0,0,0,0,1,1,0,0,1,1,1,0,0,0,0,0.9279,2,0,2,0,0,0,5,5,0.108
2026-07-19,Leads-Search-1,22767146837,Search,,enabled,eligible,UNAVAILABLE,USD,America/Chicago,15,Leads-Search-1,14735867458,Enabled,day,False,-15%,89,9,32.1711,0.1011,3.5746,361.4735,9,1,32.1711,0.1111,1,7,0,2.0204,0,0.0999,0.0999,0.9001,0,0.1,0.0999,0.3333,0,0.04,0.9,0.9,0.0999,90,81,651,586,586,0,15,15,2.1447
2026-07-19,PNHdefense-Website traffic-Search-2,23888858069,Search,,paused,eligible,PAUSED,USD,America/Chicago,5,PNHdefense-Website traffic-Search-2,15608951019,Enabled,day,False,,16,4,2.18,0.25,0.545,136.25,4,0,,0,0,0,0,0,0,0.8889,0.8889,0,0.1111,0.89,0.7778,0.8889,0.11,0.22,0,0,0.6482,6,2,18,2,0,2,5,5,0.436
2026-07-20,Leads-Search-1,22767146837,Search,,enabled,eligible,UNAVAILABLE,USD,America/Chicago,15,Leads-Search-1,14735867458,Enabled,day,False,-15%,187,13,23.5601,0.0695,1.8123,125.9899,13,1,23.5601,0.0769,1,7,0,2.7589,0,0.0999,0.0999,0.9001,0.0047,0.1,0.0999,0.2321,0,0.06,0.9,0.9,0.0999,130,117,1552,1397,1397,7,15,15,1.5707
2026-07-20,PNHdefense-Website traffic-Search-2,23888858069,Search,,paused,eligible,PAUSED,USD,America/Chicago,5,PNHdefense-Website traffic-Search-2,15608951019,Enabled,day,False,,4,2,0.53,0.5,0.265,132.5,2,0,,0,0,1,0,0,0,0.5,0.5,0,0.5,0.5,0.1667,0.5,0.5,0.83,0,0,0.3424,6,4,8,4,0,4,5,5,0.106
2026-07-21,Leads-Search-1,22767146837,Search,,enabled,eligible,UNAVAILABLE,USD,America/Chicago,15,Leads-Search-1,14735867458,Enabled,day,False,-15%,237,12,22.3126,0.0506,1.8594,94.1459,12,1.98,11.269,0.165,2,6,0,5.7788,2,0.0999,0.0999,0.9001,0.0041,0.1,0.0999,0.1638,0,0.04,0.9,0.9,0.0999,120,108,2032,1829,1829,8,15,15,1.4875
2026-07-22,Leads-Search-1,22767146837,Search,,enabled,eligible,UNAVAILABLE,USD,America/Chicago,15,Leads-Search-1,14735867458,Enabled,day,False,-15%,112,12,23.6955,0.1071,1.9746,211.5669,12,0,,0,0,1,0,0,1,0.0999,0.0999,0.9001,0.0012,0.1,0.0999,0.2419,0,0.04,0.9,0.9,0.0999,120,108,1021,919,919,1,15,15,1.5797
2026-07-23,Leads-Search-1,22767146837,Search,,enabled,eligible,UNAVAILABLE,USD,America/Chicago,15,Leads-Search-1,14735867458,Enabled,day,False,-15%,55,5,26.1341,0.0909,5.2268,475.1658,5,0,,0,0,1,0,0,0,0.0999,0.0999,0.9001,0.0038,0.1,0.0999,0.2667,0,0.03,0.9,0.9,0.0999,50,45,450,405,405,2,15,15,1.7423
2026-07-24,Leads-Search-1,22767146837,Search,,enabled,eligible,UNAVAILABLE,USD,America/Chicago,15,Leads-Search-1,14735867458,Enabled,day,False,-15%,119,12,25.49,0.1008,2.1242,214.2017,12,1,25.49,0.0833,1,11,0,2.55,1,0.1044,0.1044,0.8773,0.0183,0.1,0.0999,0.2703,0.02,0.08,0.9,0.9,0.0999,120,108,929,832,815,17,15,15,1.6993
2026-07-25,Leads-Search-1,22767146837,Search,,enabled,eligible,UNAVAILABLE,USD,America/Chicago,15,Leads-Search-1,14735867458,Enabled,day,False,-15%,223,11,29.7047,0.0493,2.7004,133.2048,11,5,5.9409,0.4545,5,17,0,10.941,0,0.1475,0.1475,0.7723,0.0802,0.1,0.0999,0.3421,0.1,0.16,0.8,0.8,0.0999,110,99,1166,994,901,94,15,15,1.9803
2026-07-26,Leads-Search-1,22767146837,Search,,enabled,eligible,UNAVAILABLE,USD,America/Chicago,15,Leads-Search-1,14735867458,Enabled,day,False,-15%,188,8,31.1947,0.0426,3.8993,165.9291,8,0,,0,0,1,0,0,1,0.1119,0.1119,0.8296,0.0585,0.1,0.0999,0.2174,0.07,0.11,0.85,0.85,0.0999,80,72,1385,1230,1149,81,15,15,2.0796
2026-07-27,Leads-Search-1,22767146837,Search,,enabled,eligible,UNAVAILABLE,USD,America/Chicago,15,Leads-Search-1,14735867458,Enabled,day,False,-15%,183,11,20.8665,0.0601,1.897,114.0248,11,2,10.4333,0.1818,2,12,0,6.2301,0,0.0999,0.0999,0.898,0.0093,0.1,0.0999,0.1446,0.01,0.07,0.9,0.9,0.0999,110,99,1542,1388,1384,14,15,15,1.3911
2026-07-28,Leads-Search-1,22767146837,Search,,enabled,eligible,UNAVAILABLE,USD,America/Chicago,15,Leads-Search-1,14735867458,Enabled,day,False,-15%,190,15,21.8061,0.0789,1.4537,114.7689,15,1,21.8061,0.0667,1,4,0,2.9808,7,0.0999,0.0999,0.9001,0.0185,0.1,0.0999,0.2155,0.02,0.06,0.9,0.9,0.0999,150,135,1572,1415,1415,29,15,15,1.4537
2026-07-29,Leads-Search-1,22767146837,Search,,enabled,eligible,UNAVAILABLE,USD,America/Chicago,15,Leads-Search-1,14735867458,Enabled,day,False,-15%,354,19,39.1203,0.0537,2.059,110.5093,19,6,6.5201,0.3158,6,32,0,9.9692,1,0.1055,0.1055,0.8492,0.0452,0.1,0.0999,0.3529,0.05,0.1,0.87,0.87,0.0999,190,171,2976,2662,2527,135,15,15,2.608
2026-07-29,PNHdefense-Website traffic-Search-2,23888858069,Search,,paused,eligible,PAUSED,USD,America/Chicago,5,PNHdefense-Website traffic-Search-2,15608951019,Enabled,day,False,,0,0,0,,,,0,0,,,1,16,0,,0,,,,,0,0,,0,0,0,0,,,,0,0,0,0,,,
2026-07-30,Leads-Search-1,22767146837,Search,,enabled,eligible,UNAVAILABLE,USD,America/Chicago,15,Leads-Search-1,14735867458,Enabled,day,False,-15%,479,17,38.1737,0.0355,2.2455,79.6946,17,2,19.0869,0.1176,2,11,0,3.4055,1,0.0999,0.0999,0.8919,0.0881,0.1,0.0999,0.0999,0.1,0.1,0.89,0.89,0.0999,170,153,4224,3802,3767,372,15,15,2.5449
2026-07-31,Leads-Search-1,22767146837,Search,,enabled,eligible,UNAVAILABLE,USD,America/Chicago,15,Leads-Search-1,14735867458,Enabled,day,False,-15%,306,13,29.63,0.0425,2.2792,96.8301,13,0,,0,0,8,0,0,3,0.0999,0.0999,0.8881,0.0934,0.1,0.0999,0.0999,0.1,0.11,0.89,0.89,0.0999,130,117,2873,2586,2551,268,15,15,1.9753
2026-08-01,Leads-Search-1,22767146837,Search,,enabled,eligible,UNAVAILABLE,USD,America/Chicago,15,Leads-Search-1,14735867458,Enabled,day,False,-15%,336,18,36.275,0.0536,2.0153,107.9613,18,1,36.275,0.0556,1,2,0,1.7919,7,0.0999,0.0999,0.7418,0.2087,0.1,0.0999,0.15,0.23,0.25,0.74,0.74,0.0999,180,162,2893,2604,2146,604,15,15,2.4183
2026-08-02,Leads-Search-1,22767146837,Search,,enabled,eligible,UNAVAILABLE,USD,America/Chicago,15,Leads-Search-1,14735867458,Enabled,day,False,-15%,224,17,37.04,0.0759,2.1788,165.3571,17,4,9.26,0.2353,4,12,0,7.0194,4,0.0999,0.0999,0.8743,0.0961,0.1,0.0999,0.0999,0.11,0.12,0.87,0.87,0.0999,170,153,1592,1433,1392,153,15,15,2.4693
2026-08-03,Leads-Search-1,22767146837,Search,,enabled,eligible,UNAVAILABLE,USD,America/Chicago,15,Leads-Search-1,14735867458,Enabled,day,False,-15%,359,18,37.6148,0.0501,2.0897,104.7766,18,0.02,1880.7407,0.0011,0,4,0,0.0417,2,0.0999,0.0999,0.8295,0.1395,0.1,0.0999,0.1133,0.15,0.16,0.83,0.83,0.0999,180,162,2953,2658,2449,412,15,15,2.5077
2026-08-04,Leads-Search-1,22767146837,Search,,enabled,eligible,UNAVAILABLE,USD,America/Chicago,15,Leads-Search-1,14735867458,Enabled,day,False,-15%,320,20,36.1987,0.0625,1.8099,113.1208,20,0.98,36.9374,0.049,1,11,0,1.7523,2,0.0999,0.0999,0.8976,0.0806,0.1,0.0999,0.0999,0.09,0.1,0.9,0.9,0.0999,200,180,2352,2117,2112,190,15,15,2.4132
2026-08-05,Leads-Search-1,22767146837,Search,,enabled,eligible,UNAVAILABLE,USD,America/Chicago,15,Leads-Search-1,14735867458,Enabled,day,False,-15%,347,17,36.2816,0.049,2.1342,104.5579,17,2,18.1408,0.1176,2,14,0,3.5831,2,0.0999,0.0999,0.8901,0.088,0.1,0.0999,0.0999,0.1,0.11,0.89,0.89,0.0999,170,153,2863,2577,2548,252,15,15,2.4188
2026-08-06,Leads-Search-1,22767146837,Search,,enabled,eligible,UNAVAILABLE,USD,America/Chicago,15,Leads-Search-1,14735867458,Enabled,day,False,-15%,439,16,37.529,0.0364,2.3456,85.4875,16,2,18.7645,0.125,2,9,0,3.464,4,0.0999,0.0999,0.8598,0.1127,0.1,0.0999,0.1071,0.12,0.13,0.86,0.86,0.0999,160,144,3754,3379,3227,423,15,15,2.5019
2026-08-07,Leads-Search-1,22767146837,Search,,enabled,eligible,UNAVAILABLE,USD,America/Chicago,15,Leads-Search-1,14735867458,Enabled,day,False,-15%,189,18,36.3896,0.0952,2.0216,192.5373,18,0,,0,0,9,0,0,6,0.0999,0.0999,0.9001,0.0728,0.1,0.0999,0.0999,0.08,0.09,0.9,0.9,0.0999,180,162,1481,1333,1333,108,15,15,2.426
2026-08-08,Leads-Search-1,22767146837,Search,,enabled,eligible,UNAVAILABLE,USD,America/Chicago,15,Leads-Search-1,14735867458,Enabled,day,False,-15%,250,15,29.0433,0.06,1.9362,116.173,15,1,29.0433,0.0667,1,3,0,2.238,2,0.0999,0.0999,0.8396,0.1219,0.1,0.0999,0.1667,0.13,0.15,0.84,0.84,0.0999,150,135,1892,1703,1588,231,15,15,1.9362
2026-08-09,Leads-Search-1,22767146837,Search,,enabled,eligible,UNAVAILABLE,USD,America/Chicago,15,Leads-Search-1,14735867458,Enabled,day,False,-15%,72,9,27.5829,0.125,3.0648,383.0956,9,0,,0,0,4,0,0,2,0.0999,0.0999,0.9001,0.0271,0.1,0.0999,0.0999,0.03,0.03,0.9,0.9,0.0999,90,81,561,505,505,15,15,15,1.8389
2026-08-10,Leads-Search-1,22767146837,Search,,enabled,eligible,UNAVAILABLE,USD,America/Chicago,15,Leads-Search-1,14735867458,Enabled,day,False,-15%,129,10,25.2492,0.0775,2.5249,195.7306,10,2,12.6246,0.2,1,5,0,2.5743,2,0.0999,0.0999,0.9001,0.0144,0.1,0.0999,0.0999,0.02,0.02,0.9,0.9,0.0999,100,90,1061,955,955,15,15,15,1.6833
2026-08-11,Leads-Search-1,22767146837,Search,,enabled,eligible,UNAVAILABLE,USD,America/Chicago,15,Leads-Search-1,14735867458,Enabled,day,False,-15%,118,16,26.0985,0.1356,1.6312,221.1739,16,1,26.0985,0.0625,1,12,0,2.4906,2,0.2046,0.2046,0.7954,0,0.16,0.0999,0.3333,0,0.11,0.84,0.84,0.0999,160,144,430,342,342,0,15,15,1.7399
2026-08-12,Leads-Search-1,22767146837,Search,,enabled,eligible,UNAVAILABLE,USD,America/Chicago,15,Leads-Search-1,14735867458,Enabled,day,False,-15%,200,13,24.44,0.065,1.88,122.2,13,2,12.22,0.1538,3,12,0,2.6596,0,0.0999,0.0999,0.9001,0.0308,0.1,0.0999,0.2177,0.04,0.05,0.9,0.9,0.0999,130,117,1612,1451,1451,50,15,15,1.6293
2026-08-13,Leads-Search-1,22767146837,Search,,enabled,eligible,UNAVAILABLE,USD,America/Chicago,15,Leads-Search-1,14735867458,Enabled,day,False,-15%,234,14,27.6245,0.0598,1.9732,118.0536,14,2,13.8123,0.1429,2,7,0,0,2,0.0999,0.0999,0.9001,0.0622,0.1,0.0999,0.0999,0.07,0.08,0.9,0.9,0.0999,140,126,1872,1685,1685,116,15,15,1.8416
2026-08-14,Leads-Search-1,22767146837,Search,,enabled,eligible,UNAVAILABLE,USD,America/Chicago,15,Leads-Search-1,14735867458,Enabled,day,False,-15%,274,11,22.9389,0.0401,2.0854,83.7187,11,0,,0,0,1,0,0,0,0.0999,0.0999,0.9001,0.0732,0.1,0.0999,0.0999,0.08,0.09,0.9,0.9,0.0999,110,99,2292,2063,2063,168,15,15,1.5293
2026-08-15,Leads-Search-1,22767146837,Search,,enabled,eligible,UNAVAILABLE,USD,America/Chicago,15,Leads-Search-1,14735867458,Enabled,day,False,-15%,254,10,18.03,0.0394,1.803,70.9843,10,0,,0,0,0,0,0,2,0.0999,0.0999,0.856,0.1195,0.1,0.0999,0.0999,0.13,0.14,0.86,0.86,0.0999,100,90,1802,1622,1542,215,15,15,1.202
2026-08-16,Leads-Search-1,22767146837,Search,,enabled,eligible,UNAVAILABLE,USD,America/Chicago,15,Leads-Search-1,14735867458,Enabled,day,False,-15%,133,8,17.41,0.0602,2.1763,130.9023,8,0,,0,0,0,0,0,0,0.0999,0.0999,0.9001,0.0591,0.1,0.0999,0.0999,0.06,0.07,0.9,0.9,0.0999,80,72,941,847,847,56,15,15,1.1607
2026-08-17,Leads-Search-1,22767146837,Search,,enabled,eligible,UNAVAILABLE,USD,America/Chicago,15,Leads-Search-1,14735867458,Enabled,day,False,-15%,103,12,24.4097,0.1165,2.0341,236.9873,12,1,24.4097,0.0833,1,6,0,0,2,0.0999,0.0999,0.9001,0.0639,0.1,0.0999,0.0999,0.07,0.07,0.9,0.9,0.0999,120,108,731,658,658,47,15,15,1.6273
2026-08-18,Leads-Search-1,22767146837,Search,,enabled,eligible,UNAVAILABLE,USD,America/Chicago,15,Leads-Search-1,14735867458,Enabled,day,False,-15%,94,9,14.9827,0.0957,1.6647,159.3904,9,0,,0,0,0,0,0,0,0.0999,0.0999,0.9001,0.0685,0.1,0.0999,0.0999,0.07,0.08,0.9,0.9,0.0999,90,81,691,622,622,47,15,15,0.9988
2026-08-19,Leads-Search-1,22767146837,Search,,enabled,eligible,UNAVAILABLE,USD,America/Chicago,15,Leads-Search-1,14735867458,Enabled,day,False,-15%,138,8,16.65,0.058,2.0813,120.6522,8,1,16.65,0.125,1,5,0,0,2,0.0999,0.0999,0.9001,0.0459,0.1,0.0999,0.0999,0.05,0.05,0.9,0.9,0.0999,80,72,1151,1036,1036,53,15,15,1.11
2026-08-20,Leads-Search-1,22767146837,Search,,enabled,eligible,UNAVAILABLE,USD,America/Chicago,15,Leads-Search-1,14735867458,Enabled,day,False,-15%,102,5,11.3,0.049,2.26,110.7843,5,0,,0,0,10,0,0,2,0.0999,0.0999,0.9001,0.0374,0.1,0.0999,0.0999,0.04,0.05,0.9,0.9,0.0999,50,45,801,721,721,30,15,15,0.7533
2026-08-21,Leads-Search-1,22767146837,Search,,enabled,eligible,UNAVAILABLE,USD,America/Chicago,15,Leads-Search-1,14735867458,Enabled,day,False,-15%,179,5,12.28,0.0279,2.456,68.6034,5,1,12.28,0.2,1,2,0,0,0,0.0999,0.0999,0.9001,0.0685,0.1,0.0999,0.0999,0.08,0.08,0.9,0.9,0.0999,50,45,1311,1180,1180,90,15,15,0.8187
2026-08-22,Leads-Search-1,22767146837,Search,,enabled,eligible,UNAVAILABLE,USD,America/Chicago,15,Leads-Search-1,14735867458,Enabled,day,False,-15%,52,4,10.34,0.0769,2.585,198.8462,4,0,,0,0,0,0,0,0,0.0999,0.0999,0.9001,0.0615,0.1,0.0999,0.0999,0.06,0.07,0.9,0.9,0.0999,40,36,430,387,387,26,15,15,0.6893
2026-08-23,Leads-Search-1,22767146837,Search,,enabled,eligible,UNAVAILABLE,USD,America/Chicago,15,Leads-Search-1,14735867458,Enabled,day,False,-15%,67,5,11.406,0.0746,2.2812,170.2393,5,0,,0,0,2,0,0,3,0.0999,0.0999,0.9001,0.0523,0.1,0.0999,,0.06,0.06,0.9,0.9,0.0999,50,45,531,478,478,28,15,15,0.7604
2026-08-24,Leads-Search-1,22767146837,Search,,enabled,eligible,UNAVAILABLE,USD,America/Chicago,15,Leads-Search-1,14735867458,Enabled,day,False,-15%,94,6,11.9064,0.0638,1.9844,126.6639,6,1,11.9064,0.1667,1,3,0,0,0,0.0999,0.0999,0.9001,0.0417,0.1,0.0999,0.0999,0.05,0.05,0.9,0.9,0.0999,60,54,761,685,685,32,15,15,0.7938
2026-08-25,Leads-Search-1,22767146837,Search,,enabled,eligible,UNAVAILABLE,USD,America/Chicago,15,Leads-Search-1,14735867458,Enabled,day,False,-15%,90,5,10.3674,0.0556,2.0735,115.1937,5,0,,0,0,0,0,0,0,0.0999,0.0999,0.9001,0.0484,0.1,0.0999,0.0999,0.05,0.06,0.9,0.9,0.0999,50,45,711,640,640,34,15,15,0.6912
2026-08-26,Leads-Search-1,22767146837,Search,,enabled,eligible,UNAVAILABLE,USD,America/Chicago,15,Leads-Search-1,14735867458,Enabled,day,False,-15%,197,7,11.13,0.0355,1.59,56.4975,7,0,,0,0,6,0,0,0,0.0999,0.0999,0.8408,0.1281,0.1,0.0999,0.1233,0.14,0.15,0.84,0.84,0.0999,70,63,1712,1541,1439,219,15,15,0.742
2026-08-27,Leads-Search-1,22767146837,Search,,enabled,eligible,UNAVAILABLE,USD,America/Chicago,15,Leads-Search-1,14735867458,Enabled,day,False,-15%,232,4,8.27,0.0172,2.0675,35.6466,4,0,,0,0,0,0,0,0,0.0999,0.0999,0.7851,0.1823,0.1,0.0999,0.12,0.2,0.21,0.79,0.79,0.0999,40,36,2062,1856,1619,376,15,15,0.5513
2026-08-28,Leads-Search-1,22767146837,Search,,enabled,eligible,UNAVAILABLE,USD,America/Chicago,15,Leads-Search-1,14735867458,Enabled,day,False,-15%,83,5,8.93,0.0602,1.786,107.5904,5,0,,0,0,0,0,0,0,0.0999,0.0999,0.9001,0.0474,0.1,0.0999,0.0999,0.05,0.06,0.9,0.9,0.0999,50,45,701,631,631,33,15,15,0.5953
2026-08-29,Leads-Search-1,22767146837,Search,,enabled,eligible,UNAVAILABLE,USD,America/Chicago,15,Leads-Search-1,14735867458,Enabled,day,False,-15%,85,4,8.98,0.0471,2.245,105.6471,4,0,,0,0,1,0,0,2,0.0999,0.0999,0.8973,0.0805,0.1,0.0999,0.0999,0.09,0.1,0.9,0.9,0.0999,40,36,731,658,656,59,15,15,0.5987
2026-08-30,Leads-Search-1,22767146837,Search,,enabled,eligible,UNAVAILABLE,USD,America/Chicago,15,Leads-Search-1,14735867458,Enabled,day,False,-15%,63,3,7.57,0.0476,2.5233,120.1587,3,0,,0,0,0,0,0,0,0.0999,0.0999,0.9001,0.0574,0.1,0.0999,0.0999,0.06,0.07,0.9,0.9,0.0999,30,27,490,441,441,28,15,15,0.5047
2026-08-31,Leads-Search-1,22767146837,Search,,enabled,eligible,UNAVAILABLE,USD,America/Chicago,15,Leads-Search-1,14735867458,Enabled,day,False,-15%,77,3,7.57,0.039,2.5233,98.3117,3,0,,0,0,0,0,0,0,0.0999,0.0999,0.9001,0.0524,0.1,0.0999,0.0999,0.06,0.06,0.9,0.9,0.0999,30,27,711,640,640,37,15,15,0.5047
2026-09-01,Leads-Search-1,22767146837,Search,,enabled,eligible,UNAVAILABLE,USD,America/Chicago,15,Leads-Search-1,14735867458,Enabled,day,False,-15%,256,8,13.67,0.0313,1.7088,53.3984,8,0,,0,0,5,0,0,1,0.0999,0.0999,0.8113,0.1618,0.1,0.0999,0.1163,0.17,0.19,0.81,0.81,0.0999,80,72,2162,1946,1754,350,15,15,0.9113
2026-09-02,Leads-Search-1,22767146837,Search,,enabled,eligible,UNAVAILABLE,USD,America/Chicago,15,Leads-Search-1,14735867458,Enabled,day,False,-15%,178,6,13.86,0.0337,2.31,77.8652,6,1,13.86,0.1667,1,5,0,0,2,0.0999,0.0999,0.9,0.0839,0.1,0.0999,0.0999,0.09,0.1,0.9,0.9,0.0999,60,54,1562,1406,1405,131,15,15,0.924
2026-09-03,Leads-Search-1,22767146837,Search,,enabled,eligible,UNAVAILABLE,USD,America/Chicago,15,Leads-Search-1,14735867458,Enabled,day,False,-15%,184,7,13.4,0.038,1.9143,72.8261,7,0,,0,0,1,0,0,0,0.0999,0.0999,0.8862,0.0943,0.1,0.0999,0.0999,0.1,0.11,0.89,0.89,0.0999,70,63,1602,1442,1419,151,15,15,0.8933
2026-09-04,Leads-Search-1,22767146837,Search,,enabled,eligible,UNAVAILABLE,USD,America/Chicago,15,Leads-Search-1,14735867458,Enabled,day,False,-15%,291,9,17.78,0.0309,1.9756,61.0997,9,0,,0,0,0,0,0,2,0.0999,0.0999,0.8099,0.1575,0.1,0.0999,0.2,0.17,0.18,0.81,0.81,0.0999,90,81,2533,2280,2051,399,15,15,1.1853
2026-09-05,Leads-Search-1,22767146837,Search,,enabled,eligible,UNAVAILABLE,USD,America/Chicago,15,Leads-Search-1,14735867458,Enabled,day,False,-15%,79,5,10.91,0.0633,2.182,138.1013,5,0,,0,0,0,0,0,0,0.0999,0.0999,0.8851,0.0898,0.1,0.0999,0.0999,0.1,0.11,0.89,0.89,,,,691,622,611,62,15,15,0.7273
2026-09-06,Leads-Search-1,22767146837,Search,,enabled,eligible,UNAVAILABLE,USD,America/Chicago,15,Leads-Search-1,14735867458,Enabled,day,False,-15%,110,5,10.49,0.0455,2.098,95.3636,5,0,,0,0,1,0,0,1,0.0999,0.0999,0.8905,0.0851,0.1,0.0999,,0.09,0.1,0.89,0.89,,,,891,802,793,76,15,15,0.6993
2026-09-07,Leads-Search-1,22767146837,Search,,enabled,eligible,UNAVAILABLE,USD,America/Chicago,15,Leads-Search-1,14735867458,Enabled,day,False,-15%,190,5,10.8562,0.0263,2.1712,57.1379,5,0,,0,0,2,0,0,1,0.0999,0.0999,0.6706,0.2529,0.1,0.0999,0.0999,0.27,0.32,0.67,0.67,,,,1592,1433,1067,403,15,15,0.7237
2026-09-08,Leads-Search-1,22767146837,Search,,enabled,eligible,UNAVAILABLE,USD,America/Chicago,15,Leads-Search-1,14735867458,Enabled,day,False,-15%,47,5,11.5,0.1064,2.3,244.6809,5,0,,0,0,1,0,0,2,,,,,,,,0,0,0,0,,,,0,0,0,0,15,15,0.7667
