Campaignname,CampaignID,Campaignstatus,Adgroupname,AdgroupID,Adgroupstatus,Keyword,KeywordID,Matchtype,Keywordstatus,SystemServingStatus,Isnegative,Currencycode,MaxCPCCurrency,Qualityscore,SearchPredictedCtr,CreativeQualityScore,PostClickQualityScore,TopOfPageCpc,FirstpageCPC,FirstPositionCpc,EstimatedAddClicksAtFirstPositionCpc,EstimatedAddCostAtFirstPositionCpc,TrackingUrlTemplate,keywordlabels,Impressions,Clicks,interactions,engagements,Cost,Ctr,CPC,CPM,interactionrate,CostPerInteraction,Conversions,CostPerConversion,ConversionRate,ConversionValue,ROAS,EstimatedTotalConversions,EstimatedTotalConversionValue,EstimatedTotalConversionRate,CostPerAllConversion,SearchImpressionShare,SearchExactMatchImpressionShare,SearchBudgetLostImpressionShare,SearchRankLostImpressionShare,SearchTopImpressionShare,SearchAbsoluteTopImpressionShare,SearchRankLostTopImpressionShare,SearchRankLostAbsoluteTopImpressionShare,SearchBudgetLostTopImpressionShare,SearchBudgetLostAbsoluteTopImpressionShare,TopImpressionPercentage,AbsoluteTopImpressionPercentage,TotalAvailableImpressions,LostImpressions,LostImpressionsDueToRank
Leads-Search-1,22767146837,enabled,Ad group 1,183759893484,removed,holistic dr near me,296740931208,Broad,enabled,Eligible,False,USD,0.01,,,,,2.61,2.61,,,,,,4591,261,261,0,703.1351,0.0569,2.694,153.1551,0.0569,2.694,98,7.1748,0.3755,98,0.1394,193,193,0.7395,3.6432,0.1314,0.4677,0,0.6146,0.1,0.0999,0.64,0.71,0.25,0.25,0.76,0.28,31599,27446,19421
Leads-Search-1,22767146837,enabled,Ad group 1,183759893484,removed,naturopathic doctor near me,296621012791,Broad,enabled,Eligible,False,USD,0.01,,,,,4.87,2.72,,,,,,1899,155,155,0,400.7403,0.0816,2.5854,211.027,0.0816,2.5854,32,12.5231,0.2065,32,0.0799,78,78,0.5032,5.1377,0.1433,0.2615,0,0.4197,0.11,0.0999,0.45,0.51,0.44,0.44,0.76,0.31,12364,10592,5190
Leads-Search-1,22767146837,enabled,Ad group 1,183759893484,removed,integrative medicine near me,312654897788,Broad,enabled,Eligible,False,USD,0.01,,,,,2.95,2.68,,,,,,1480,106,106,0,243.6471,0.0716,2.2986,164.6264,0.0716,2.2986,42,5.8011,0.3962,42,0.1724,73,73,0.6887,3.3376,0.1263,0.6087,0,0.4096,0.1,0.0999,0.43,0.5,0.47,0.47,0.8,0.29,10995,9606,4503
Leads-Search-1,22767146837,enabled,Functional & Integrative Medicine,198432290338,enabled,functional medicine,10957761,Broad,removed,,False,USD,0,,,,,,,,,,,,989,61,61,0,113.9878,0.0617,1.8687,115.2557,0.0617,1.8687,7,16.284,0.1148,263,2.3073,34,290,0.5574,3.3526,0.0999,0.0999,0,0.081,0.1,0.0999,0.09,0.11,0.88,0.88,0.72,0.21,8238,7415,668
Leads-Search-1,22767146837,enabled,Women's Health & Hormones,192679099330,enabled,women's health naturopath,303396160999,Broad,removed,,False,USD,0,,,,,,,,,,,,765,43,43,0,108.5072,0.0562,2.5234,141.8394,0.0562,2.5234,7,15.501,0.1628,261,2.4054,30,284,0.6977,3.6169,0.0999,,0,0.0706,0.1,0.0999,0.08,0.09,0.9,0.9,0.65,0.21,7167,6451,506
Leads-Search-1,22767146837,enabled,Ad group 1,183759893484,removed,naturopathic doctor near me,44833314052,Exact,enabled,Eligible,False,USD,0.01,,,,,4.87,2.72,,,,,,507,39,39,0,107.8714,0.0769,2.7659,212.7642,0.0769,2.7659,19.5,5.5319,0.5,19.5,0.1808,34.5,34.5,0.8846,3.1267,0.455,0.455,0,0.3523,0.36,0.1679,0.43,0.62,0.21,0.21,0.78,0.37,1105,602,389
Leads-Search-1,22767146837,enabled,Functional & Integrative Medicine,198432290338,enabled,functional medicine near me,325505212743,Broad,removed,,False,USD,0,,,,,,,,,,,,667,45,45,0,91.7726,0.0675,2.0394,137.5901,0.0675,2.0394,3.98,23.0584,0.0884,193.43,2.1077,48.95,287.41,1.0878,1.8748,0.0999,0.0999,0,0.0829,0.1,0.0999,0.09,0.1,0.9,0.9,0.65,0.18,6266,5640,520
Leads-Search-1,22767146837,enabled,Women's Health & Hormones,192679099330,enabled,hormone doctor near me,297217478090,Broad,removed,,False,USD,0,,,,,,,,,,,,473,30,30,0,77.0927,0.0634,2.5698,162.9867,0.0634,2.5698,3.5,22.0265,0.1167,67.5,0.8756,11.5,75.5,0.3833,6.7037,0.0999,0.1053,0,0.1072,0.1,0.0999,0.12,0.13,0.86,0.86,0.64,0.2,3984,3586,427
Leads-Search-1,22767146837,enabled,Ad group 1,183759893484,removed,naturopathic doctor Minneapolis,2457285929674,Broad,enabled,Eligible,False,USD,0.01,,,,,1.51,1.29,,,,,,444,24,24,0,70.9954,0.0541,2.9581,159.8995,0.0541,2.9581,15,4.733,0.625,15,0.2113,19,19,0.7917,3.7366,0.1092,0.6216,0,0.4552,0.1,0.0999,0.47,0.52,0.44,0.44,0.84,0.39,3882,3458,1767
Leads-Search-1,22767146837,enabled,Ad group 1,183759893484,removed,holistic medicine Minneapolis,2457285927994,Broad,enabled,Eligible,False,USD,0.01,,,,,1.51,1.29,,,,,,378,23,23,0,61.771,0.0608,2.6857,163.4152,0.0608,2.6857,4,15.4427,0.1739,4,0.0648,10,10,0.4348,6.1771,0.0999,0.4167,0,0.4535,0.1,0.0999,0.47,0.5,0.47,0.47,0.79,0.36,3684,3316,1671
Leads-Search-1,22767146837,enabled,Ad group 1,183759893484,removed,natural pediatrician near me,352635961367,Broad,enabled,Eligible,False,USD,0.01,,,,,4.05,2.16,,,,,,350,25,25,0,56.5047,0.0714,2.2602,161.442,0.0714,2.2602,10,5.6505,0.4,10,0.177,12,12,0.48,4.7087,0.0999,0.1765,0,0.7731,0.1,0.0999,0.79,0.82,0.17,0.17,0.67,0.17,3253,2928,2515
PNHdefense-Website traffic-Search-2,23888858069,paused,Ad group 1,196283052145,enabled,panka natural health,700161616745,Phrase,enabled,Eligible,False,USD,0.01,10,Above average,Above average,Above average,,,,,,,,76,21,21,0,51.74,0.2763,2.4638,680.7895,0.2763,2.4638,2,25.87,0.0952,2,0.0387,13.49,13.49,0.6424,3.8354,0.8696,0.8571,0,0.1304,0.83,0.7826,0.17,0.22,0,0,0.95,0.9,87,11,11
Leads-Search-1,22767146837,enabled,Women's Health & Hormones,192679099330,enabled,naturopath for women's health,820377256937,Broad,removed,,False,USD,0,,,,,,,,,,,,135,12,12,0,49.4844,0.0889,4.1237,366.5508,0.0889,4.1237,0.51,97.0281,0.0425,0.51,0.0103,8.51,8.51,0.7092,5.8148,0.0999,,0,0.0827,0.1,0.0999,0.09,0.15,0.84,0.84,0.75,0.1,1201,1081,99
Leads-Search-1,22767146837,enabled,Geo-Qualified — Hopkins & West Metro,200485717907,enabled,holistic medicine Minneapolis,2431240508818,Phrase,enabled,Eligible,False,USD,2.8,5,Below average,Below average,Above average,1.51,1.29,,,,,,196,25,25,0,47.5298,0.1276,1.9012,242.4988,0.1276,1.9012,2,23.7649,0.08,65,1.3676,16,79,0.64,2.9706,0.0999,0.1949,0,0.0771,0.1,0.0999,0.08,0.12,0.86,0.86,0.78,0.29,1942,1748,150
Leads-Search-1,22767146837,enabled,Functional & Integrative Medicine,198432290338,enabled,integrative medicine near me,312654897788,Broad,removed,,False,USD,0,,,,,,,,,,,,283,20,20,0,47.2688,0.0707,2.3634,167.0275,0.0707,2.3634,0,,0,0,0,7,7,0.35,6.7527,0.0999,0.1687,0,0.102,0.1,0.0999,0.11,0.12,0.87,0.87,0.76,0.23,2733,2460,279
Leads-Search-1,22767146837,enabled,Functional & Integrative Medicine,198432290338,enabled,functional medicine doctors near me,300278964675,Broad,removed,,False,USD,0,,,,,,,,,,,,470,21,21,0,43.2201,0.0447,2.0581,91.9577,0.0447,2.0581,2,21.6101,0.0952,66,1.5271,15,79,0.7143,2.8813,0.0999,0.2209,0,0.0832,0.1,0.0999,0.09,0.1,0.9,0.9,0.71,0.21,4264,3838,355
Leads-Search-1,22767146837,enabled,Women's Health & Hormones,192679099330,enabled,functional medicine for hormones,1437762701452,Broad,paused,Eligible,False,USD,2.6,,,,,9.39,7.4,,,,,,240,18,18,0,42.0038,0.075,2.3335,175.0158,0.075,2.3335,0,,0,0,0,4,4,0.2222,10.5009,0.0999,,0,0.0733,0.1,0.0999,0.08,0.1,0.9,0.9,0.72,0.21,2102,1892,154
Leads-Search-1,22767146837,enabled,Pediatrics,197488229277,enabled,pediatric holistic doctor,307044124532,Broad,removed,,False,USD,0,,,,,,,,,,,,295,20,20,0,41.0639,0.0678,2.0532,139.1997,0.0678,2.0532,2,20.532,0.1,65,1.5829,11,74,0.55,3.7331,0.0999,0.2188,0,0.0672,0.1,0.0999,0.07,0.08,0.9,0.9,0.79,0.24,2633,2370,177
Leads-Search-1,22767146837,enabled,Pediatrics,197488229277,enabled,holistic pediatricians near me,352635960607,Broad,removed,,False,USD,0,,,,,,,,,,,,364,21,21,0,36.5105,0.0577,1.7386,100.3037,0.0577,1.7386,3,12.1702,0.1429,67,1.8351,15,79,0.7143,2.434,0.0999,0.3053,0,0.0978,0.1,0.0999,0.11,0.14,0.84,0.84,0.75,0.21,3133,2820,307
Leads-Search-1,22767146837,enabled,Naturopath Near Me — Core,201177654927,enabled,alternative medicine near me,488185819912,Broad,removed,,False,USD,0,,,,,,,,,,,,276,18,18,0,33.5174,0.0652,1.8621,121.44,0.0652,1.8621,1,33.5174,0.0556,0,0,5,4,0.2778,6.7035,0.0999,0.0999,0,0.0787,0.1,0.0999,0.08,0.09,0.9,0.9,0.64,0.19,1912,1721,151
PNHdefense-Website traffic-Search-2,23888858069,paused,Ad group 1,196283052145,enabled,panka natural health,817739186789,Exact,removed,,False,USD,0,,,,,,,,,,,,204,19,19,0,32.9371,0.0931,1.7335,161.4563,0.0931,1.7335,17,1.9375,0.8947,305,9.2601,53.01,970.01,2.79,0.6213,0.75,0.75,0,0.2179,0.67,0.6026,0.29,0.37,0.03,0.03,0.9,0.8,272,68,59
Leads-Search-1,22767146837,enabled,Women's Health & Hormones,192679099330,enabled,women's hormone specialist near me,545947326693,Broad,removed,,False,USD,0,,,,,,,,,,,,316,15,15,0,31.1869,0.0475,2.0791,98.6926,0.0475,2.0791,2,15.5934,0.1333,130,4.1684,8,136,0.5333,3.8984,0.0999,0.0999,0,0.065,0.1,0.0999,0.07,0.08,0.9,0.9,0.68,0.22,2332,2099,152
Leads-Search-1,22767146837,enabled,Women's Health & Hormones,192679099330,enabled,naturopath for hormone imbalance,348667139225,Broad,removed,,False,USD,0,,,,,,,,,,,,272,13,13,0,28.4227,0.0478,2.1864,104.4953,0.0478,2.1864,2,14.2114,0.1538,130,4.5738,9,137,0.6923,3.1581,0.0999,0.1667,0,0.0682,0.1,0.0999,0.07,0.08,0.9,0.9,0.67,0.2,2312,2081,158
Leads-Search-1,22767146837,enabled,Ad group 1,183759893484,removed,naturopathic doctor Minneapolis,2431240508378,Phrase,enabled,Eligible,False,USD,0.01,,,,,1.51,1.29,,,,,,89,8,8,0,27.28,0.0899,3.41,306.5169,0.0899,3.41,8.5,3.2094,1.0625,8.5,0.3116,9.5,9.5,1.1875,2.8716,0.5417,0.6393,0,0.3194,0.52,0.2535,0.34,0.61,0.14,0.14,0.95,0.46,164,75,52
Leads-Search-1,22767146837,enabled,Ad group 1,183759893484,removed,alternative medicine doctors near me,296836537601,Broad,enabled,Eligible,False,USD,0.01,,,,,4.4,4.4,,,,,,184,14,14,0,26.0092,0.0761,1.8578,141.3542,0.0761,1.8578,3,8.6697,0.2143,3,0.1153,5,5,0.3571,5.2018,0.0999,,0,0.711,0.1,0.0999,0.73,0.78,0.21,0.21,0.76,0.15,1481,1333,1053
Leads-Search-1,22767146837,enabled,Ad group 1,183759893484,removed,men's health naturopath,943798649025,Broad,enabled,Eligible,False,USD,0.01,,,,,1.51,1.29,,,,,,204,12,12,0,25.5037,0.0588,2.1253,125.0182,0.0588,2.1253,3,8.5012,0.25,3,0.1176,3,3,0.25,8.5012,0.1409,,0,0.73,0.11,0.0999,0.76,0.82,0.13,0.13,0.8,0.34,1334,1146,974
Leads-Search-1,22767146837,enabled,Ad group 1,183759893484,removed,functional medicine,10957761,Broad,enabled,Eligible,False,USD,0.01,3,Below average,Below average,Average,,,,,,,,186,7,7,0,25.46,0.0376,3.6371,136.8818,0.0376,3.6371,0.02,1273.0011,0.0029,1.06,0.0416,1.02,2.07,0.1457,24.9608,0.1268,0.2222,0,0.5821,0.1,0.0999,0.65,0.67,0.29,0.29,0.51,0.29,1230,1074,716
Leads-Search-1,22767146837,enabled,Naturopath Near Me — Core,201177654927,enabled,naturopaths in my area,468484996471,Broad,paused,Eligible,False,USD,2.5,,,,,1.95,1.95,,,,,,239,10,10,0,23.95,0.0418,2.395,100.2092,0.0418,2.395,0,,0,0,0,1,1,0.1,23.95,0.0999,0.0999,0,0.0854,0.1,0.0999,0.09,0.1,0.89,0.89,0.67,0.24,2032,1829,174
Leads-Search-1,22767146837,enabled,Women's Health & Hormones,192679099330,enabled,female naturopath,754004406845,Broad,paused,Eligible,False,USD,2.6,,,,,2.65,2.2,,,,,,184,9,9,0,23.145,0.0489,2.5717,125.7883,0.0489,2.5717,0,,0,0,0,0,0,0,,0.0999,0.0999,0,0.0784,0.1,0.0999,0.09,0.09,0.9,0.9,0.6,0.26,1692,1523,133
Leads-Search-1,22767146837,enabled,Ad group 1,183759893484,removed,natural medicine Minnesota,2457285928234,Broad,enabled,Eligible,False,USD,0.01,,,,,4.09,1.53,,,,,,97,10,10,0,22.8206,0.1031,2.2821,235.2634,0.1031,2.2821,12,1.9017,1.2,12,0.5258,16,16,1.6,1.4263,0.1266,0.5,0,0.438,0.1,0.0999,0.45,0.51,0.45,0.45,0.81,0.33,679,593,297
Leads-Search-1,22767146837,enabled,Naturopath Near Me — Core,201177654927,enabled,naturopathic practitioner near me,381953148433,Broad,enabled,Eligible,False,USD,2.5,5,Below average,Above average,Average,4.73,2.7,,,,,,202,11,11,0,21.7228,0.0545,1.9748,107.5386,0.0545,1.9748,4,5.4307,0.3636,68,3.1304,11,75,1,1.9748,0.0999,0.1875,0,0.1009,0.1,0.0999,0.1,0.12,0.88,0.88,0.7,0.21,1471,1324,148
PNHdefense-Website traffic-Search-2,23888858069,paused,Ad group 1,196283052145,enabled,panka health,891630859085,Exact,enabled,Eligible,False,USD,0.01,10,Above average,Above average,Above average,,,,,,,,32,10,10,0,21.6892,0.3125,2.1689,677.787,0.3125,2.1689,1.2,18.0743,0.12,47.27,2.1794,1.63,47.7,0.163,13.3062,0.9474,0.9474,0,0,0.84,0.7895,0.11,0.16,0.05,0.05,0.89,0.83,34,2,0
Leads-Search-1,22767146837,enabled,Ad group 1,183759893484,removed,naturopathic dr near me,295411384059,Broad,enabled,Eligible,False,USD,0.01,,,,,4.69,4.69,,,,,,107,7,7,0,21.2647,0.0654,3.0378,198.7355,0.0654,3.0378,0,,0,0,0,2,2,0.2857,10.6323,0.1202,0.5,0,0.7213,0.1,0.0999,0.75,0.79,0.16,0.16,0.75,0.41,674,593,486
Leads-Search-1,22767146837,enabled,Functional & Integrative Medicine,198432290338,enabled,functional doctor,6450933240,Broad,removed,,False,USD,0,,,,,,,,,,,,184,9,9,0,21.1424,0.0489,2.3492,114.9043,0.0489,2.3492,0,,0,0,0,7,7,0.7778,3.0203,0.1087,0.1319,0,0.1449,0.1,0.0999,0.15,0.21,0.76,0.76,0.74,0.2,1528,1362,221
Leads-Search-1,22767146837,enabled,Naturopath Near Me — Core,201177654927,enabled,naturopathic doctor near me,44833314052,Exact,enabled,Eligible,False,USD,3,7,Average,Average,Above average,19.12,9.5,,,,,,59,12,12,0,20.89,0.2034,1.7408,354.0678,0.2034,1.7408,1,20.89,0.0833,1,0.0479,11,11,0.9167,1.8991,0.1226,0.1226,0,0.0272,0.1,0.0999,0.04,0.1,0.86,0.86,0.84,0.33,481,422,13
Leads-Search-1,22767146837,enabled,Geo-Qualified — Hopkins & West Metro,200485717907,enabled,naturopathic doctor Minneapolis,2431240508378,Phrase,enabled,Eligible,False,USD,2.6,8,Average,Above average,Above average,1.51,1.29,,,,,,77,8,8,0,20.5537,0.1039,2.5692,266.9314,0.1039,2.5692,0,,0,0,0,7,7,0.875,2.9362,0.1796,0.2214,0,0.0349,0.13,0.0999,0.06,0.13,0.81,0.81,0.82,0.36,429,352,15
Leads-Search-1,22767146837,enabled,Men's Health,201177674047,enabled,naturopath for men,1188678630711,Broad,removed,,False,USD,0,,,,,,,,,,,,170,16,16,0,20.0043,0.0941,1.2503,117.6726,0.0941,1.2503,1,20.0043,0.0625,0,0,3,2,0.1875,6.6681,0.0999,,0,0.0887,0.1,0.0999,0.09,0.1,0.9,0.9,0.75,0.25,801,721,71
Leads-Search-1,22767146837,enabled,Women's Health & Hormones,192679099330,enabled,fertility naturopath near me,614462052706,Broad,removed,,False,USD,0,,,,,,,,,,,,135,7,7,0,18.2467,0.0519,2.6067,135.161,0.0519,2.6067,1.98,9.2155,0.2829,128.94,7.0665,9.98,136.93,1.4257,1.8283,0.0999,0.1034,0,0.0704,0.1,0.0999,0.08,0.1,0.89,0.89,0.66,0.14,1011,910,71
Leads-Search-1,22767146837,enabled,Women's Health & Hormones,192679099330,enabled,female naturopath near me,838600258955,Broad,removed,,False,USD,0,,,,,,,,,,,,295,10,10,0,17.9013,0.0339,1.7901,60.6825,0.0339,1.7901,1,17.9013,0.1,65,3.631,4,68,0.4,4.4753,0.0999,0.16,0,0.0734,0.1,0.0999,0.08,0.1,0.9,0.9,0.68,0.17,2543,2289,187
PNHdefense-Website traffic-Search-2,23888858069,paused,Ad group 1,196283052145,enabled,haley panka,584357309429,Phrase,enabled,Eligible,False,USD,0.01,9,Above average,Average,Above average,,,,,,,,25,5,5,0,17.86,0.2,3.572,714.4,0.2,3.572,0,,0,0,0,4,4,0.8,4.465,0.8667,0.9,0,0,0.73,0.7333,0.13,0.13,0.13,0.13,0.85,0.85,29,4,0
Leads-Search-1,22767146837,enabled,Functional & Integrative Medicine,198432290338,enabled,functional holistic medicine,571407136794,Broad,removed,,False,USD,0,,,,,,,,,,,,87,5,5,0,17.7471,0.0575,3.5494,203.9901,0.0575,3.5494,0,,0,0,0,3,3,0.6,5.9157,0.0999,,0,0.0971,0.1,0.0999,0.1,0.11,0.89,0.89,0.53,0.2,761,685,74
Leads-Search-1,22767146837,enabled,Functional & Integrative Medicine,198432290338,enabled,integrative medicine doctors in my area,839460690233,Broad,paused,Eligible,False,USD,1.9,,,,,29.55,12.03,,,,,,212,8,8,0,16.8097,0.0377,2.1012,79.291,0.0377,2.1012,0.02,840.4844,0.0025,1.57,0.0934,2.05,3.59,0.2563,8.1998,0.0999,0.0999,0,0.0814,0.1,0.0999,0.08,0.09,0.9,0.9,0.71,0.29,2002,1802,163
Leads-Search-1,22767146837,enabled,Functional & Integrative Medicine,198432290338,enabled,natural functional doctor,1656993030415,Broad,removed,,False,USD,0,,,,,,,,,,,,134,9,9,0,15.7951,0.0672,1.755,117.8736,0.0672,1.755,0,,0,0,0,0,0,0,,0.0999,0.0999,0,0.0922,0.1,0.0999,0.1,0.12,0.87,0.87,0.71,0.26,951,856,88
Leads-Search-1,22767146837,enabled,Functional & Integrative Medicine,198432290338,enabled,integrative doctor,671679616,Broad,removed,,False,USD,0,,,,,,,,,,,,95,6,6,0,14.6886,0.0632,2.4481,154.6173,0.0632,2.4481,0,,0,0,0,0,0,0,,0.1278,0.2778,0,0.1444,0.12,0.0999,0.15,0.22,0.73,0.73,0.91,0.39,642,560,93
Leads-Search-1,22767146837,enabled,Pediatrics,197488229277,enabled,pediatric naturopath near me,547692999832,Broad,enabled,Eligible,False,USD,2.4,,,,,1.04,1.04,,,,,,332,8,8,0,14.5862,0.0241,1.8233,43.9343,0.0241,1.8233,2,7.2931,0.25,65,4.4563,7,70,0.875,2.0837,0.0999,0.1667,0,0.0915,0.1,0.0999,0.1,0.1,0.89,0.89,0.63,0.13,2793,2514,256
Leads-Search-1,22767146837,enabled,Functional & Integrative Medicine,198432290338,enabled,functional integrative doctor,321395752246,Broad,paused,Eligible,False,USD,1.9,,,,,3.06,3.06,,,,,,240,9,9,0,14.44,0.0375,1.6044,60.1667,0.0375,1.6044,0,,0,0,0,1,1,0.1111,14.44,0.0999,0.1667,0,0.0859,0.1,0.0999,0.09,0.1,0.9,0.9,0.66,0.13,1892,1703,162
Leads-Search-1,22767146837,enabled,Ad group 1,183759893484,removed,women's health naturopath,303396160999,Broad,enabled,Eligible,False,USD,0.01,,,,,0.34,0.34,,,,,,52,5,5,0,13.9935,0.0962,2.7987,269.1063,0.0962,2.7987,2,6.9968,0.4,2,0.1429,2,2,0.4,6.9968,0.0999,,0,0.8281,0.1,0.0999,0.83,0.85,0.14,0.14,0.77,0.2,450,405,373
Leads-Search-1,22767146837,enabled,Naturopath Near Me — Core,201177654927,enabled,natural doctor near me,301055025575,Phrase,enabled,Eligible,False,USD,2.5,,,,,7.79,2.78,,,,,,59,7,7,0,13.5946,0.1186,1.9421,230.4174,0.1186,1.9421,1,13.5946,0.1429,65,4.7813,2,66,0.2857,6.7973,0.2048,0.2045,0,0.1245,0.18,0.0999,0.14,0.26,0.69,0.69,0.89,0.28,288,229,36
Leads-Search-1,22767146837,enabled,Functional & Integrative Medicine,198432290338,enabled,functional integrative medicine near me,807453047019,Broad,removed,,False,USD,0,,,,,,,,,,,,350,7,7,0,13.54,0.02,1.9343,38.6857,0.02,1.9343,1,13.54,0.1429,0,0,2,1,0.2857,6.77,0.0999,0.5,0,0.0797,0.1,0.0999,0.08,0.09,0.9,0.9,0.67,0.2,3223,2901,257
Leads-Search-1,22767146837,enabled,Functional & Integrative Medicine,198432290338,enabled,functional medical clinic,302737127452,Broad,removed,,False,USD,0,,,,,,,,,,,,78,4,4,0,13.3323,0.0513,3.3331,170.9273,0.0513,3.3331,0,,0,0,0,2,2,0.5,6.6662,0.0999,0.0999,0,0.0291,0.1,0.0999,0.03,0.06,0.9,0.9,0.68,0.25,711,640,21
PNHdefense-Website traffic-Search-2,23888858069,paused,Ad group 1,196283052145,enabled,jacob panka,569752648940,Phrase,enabled,Eligible,False,USD,0.01,,,,,,,,,,,,8,4,4,0,13.201,0.5,3.3003,1650.1303,0.5,3.3003,2.01,6.5677,0.5025,2.01,0.1523,6.01,6.01,1.5025,2.1965,0.8571,0.6667,0,0,0.86,0.8571,0,0,0.14,0.14,1,1,9,1,0
Leads-Search-1,22767146837,enabled,Ad group 1,183759893484,removed,holistic medicine Minneapolis,2431240508818,Phrase,enabled,Eligible,False,USD,0.01,,,,,1.51,1.29,,,,,,69,5,5,0,12.15,0.0725,2.43,176.087,0.0725,2.43,4,3.0375,0.8,4,0.3292,5,5,1,2.43,0.17,0.6,0,0.73,0.16,0.0999,0.75,0.85,0.1,0.1,0.91,0.32,406,337,296
Leads-Search-1,22767146837,enabled,Functional & Integrative Medicine,198432290338,enabled,functional medicines,356292017233,Broad,removed,,False,USD,0,,,,,,,,,,,,40,3,3,0,11.9083,0.075,3.9694,297.7082,0.075,3.9694,0,,0,0,0,0,0,0,,0.0999,0.0999,0,0.026,0.1,0.0999,0.03,0.05,0.9,0.9,1,0.38,360,324,9
Leads-Search-1,22767146837,enabled,Naturopath Near Me — Core,201177654927,enabled,alternative medicine doctors near me,296836537601,Broad,removed,,False,USD,0,,,,,,,,,,,,121,4,4,0,11.9061,0.0331,2.9765,98.3972,0.0331,2.9765,1,11.9061,0.25,65,5.4594,4,68,1,2.9765,0.0999,0.15,0,0.0956,0.1,0.0999,0.1,0.16,0.82,0.82,0.81,0.27,771,694,74
Leads-Search-1,22767146837,enabled,Women's Health & Hormones,192679099330,enabled,naturopath for hormones,361975724615,Broad,paused,Eligible,False,USD,2.6,,,,,0.31,0.23,,,,,,177,5,5,0,11.2774,0.0282,2.2555,63.7143,0.0282,2.2555,0,,0,0,0,1,1,0.2,11.2774,0.0999,1,0,0.0735,0.1,0.0999,0.08,0.09,0.9,0.9,0.7,0.33,1421,1279,104
Leads-Search-1,22767146837,enabled,Geo-Qualified — Hopkins & West Metro,200485717907,enabled,holistic medicine Minneapolis,2457285927994,Broad,removed,,False,USD,0,,,,,,,,,,,,191,7,7,0,11.27,0.0366,1.61,59.0052,0.0366,1.61,3.5,3.22,0.5,3.5,0.3106,9.5,9.5,1.3571,1.1863,0.0999,,0,0.2026,0.1,0.0999,0.21,0.26,0.73,0.73,0.75,0.18,1792,1613,363
Leads-Search-1,22767146837,enabled,Functional & Integrative Medicine,198432290338,enabled,functional doctor in my area,322898019488,Broad,paused,Eligible,False,USD,1.9,,,,,0.45,0.45,,,,,,246,7,7,0,10.2509,0.0285,1.4644,41.6704,0.0285,1.4644,1,10.2509,0.1429,65,6.3409,5,69,0.7143,2.0502,0.0999,0.1667,0,0.1049,0,0,0,0,0,0,0,0,2152,1937,226
Leads-Search-1,22767146837,enabled,Functional & Integrative Medicine,198432290338,enabled,functional medical physician,298906613408,Broad,removed,,False,USD,0,,,,,,,,,,,,131,6,6,0,10.1679,0.0458,1.6946,77.6173,0.0458,1.6946,0,,0,0,0,3,3,0.5,3.3893,0.0999,0.1111,0,0.1787,0.1,0.0999,0.18,0.21,0.78,0.78,0.59,0.18,1211,1090,216
PNHdefense-Website traffic-Search-2,23888858069,paused,Ad group 1,196283052145,enabled,dr haley panka,2484456293679,Exact,enabled,Eligible,False,USD,0.01,9,Above average,Average,Above average,,,,,,,,7,3,3,0,10.1289,0.4286,3.3763,1446.9926,0.4286,3.3763,4,2.5322,1.3333,4,0.3949,10,10,3.3333,1.0129,1,1,0,0,1,0.75,0,0.25,0,0,1,0.75,7,0,0
Leads-Search-1,22767146837,enabled,Men's Health,201177674047,enabled,adrenal fatigue doctor near me,324534626810,Broad,removed,,False,USD,0,,,,,,,,,,,,68,8,8,0,9.745,0.1176,1.2181,143.3087,0.1176,1.2181,2,4.8725,0.25,130,13.3402,6,134,0.75,1.6242,0.0999,,0,0.2222,0.1,0,0.22,0,0.72,0,0.67,0,310,279,69
Leads-Search-1,22767146837,enabled,Women's Health & Hormones,192679099330,enabled,Hashimoto's naturopath,2370185008978,Broad,removed,,False,USD,0,,,,,,,,,,,,95,4,4,0,9.5596,0.0421,2.3899,100.6278,0.0421,2.3899,2,4.7798,0.5,130,13.5988,5,133,1.25,1.9119,0.0999,,0,0.0858,0.1,0.0999,0.1,0.11,0.89,0.89,0.54,0.24,791,712,68
Leads-Search-1,22767146837,enabled,Geo-Qualified — Hopkins & West Metro,200485717907,enabled,natural medicine Minnesota,2457285928234,Broad,removed,,False,USD,0,,,,,,,,,,,,244,4,4,0,9.4,0.0164,2.35,38.5246,0.0164,2.35,0,,0,0,0,6,6,1.5,1.5667,0.0999,,0,0.097,0.1,0.0999,0.1,0.11,0.89,0.89,0.7,0.3,2342,2108,227
Leads-Search-1,22767146837,enabled,Geo-Qualified — Hopkins & West Metro,200485717907,enabled,naturopathic doctor Minneapolis,2457285929674,Broad,removed,,False,USD,0,,,,,,,,,,,,86,5,5,0,9.29,0.0581,1.858,108.0233,0.0581,1.858,1,9.29,0.2,1,0.1076,5,5,1,1.858,0.1262,0.0999,0,0.2691,0.1,0.0999,0.3,0.38,0.61,0.61,0.71,0.08,618,540,166
Leads-Search-1,22767146837,enabled,Functional & Integrative Medicine,198432290338,enabled,integrated and functional medicine,1567976204040,Broad,removed,,False,USD,0,,,,,,,,,,,,36,3,3,0,9.0968,0.0833,3.0323,252.6881,0.0833,3.0323,0,,0,0,0,0,0,0,,0.0999,,0,0.037,0.1,0.0999,0.05,0.11,0.87,0.87,0.9,0.2,310,279,11
Leads-Search-1,22767146837,enabled,Functional & Integrative Medicine,198432290338,enabled,functional medicine clinic near me,629327041832,Broad,removed,,False,USD,0,,,,,,,,,,,,92,4,4,0,8.7,0.0435,2.175,94.5652,0.0435,2.175,0,,0,0,0,1,1,0.25,8.7,0.0999,0.25,0,0.1123,0.1,0.0999,0.12,0.12,0.88,0.88,0.74,0.11,881,793,99
Leads-Search-1,22767146837,enabled,Women's Health & Hormones,192679099330,enabled,natural help for menopause,298084176236,Broad,removed,,False,USD,0,,,,,,,,,,,,108,3,3,0,8.62,0.0278,2.8733,79.8148,0.0278,2.8733,0,,0,0,0,0,0,0,,0.0999,,0,0.0936,0.1,0.0999,0.1,0.11,0.88,0.88,0.59,0.18,971,874,91
Leads-Search-1,22767146837,enabled,Women's Health & Hormones,192679099330,enabled,functional medicine hormones,422395640608,Broad,paused,Eligible,False,USD,2.6,,,,,20.17,17.26,,,,,,45,5,5,0,7.59,0.1111,1.518,168.6667,0.1111,1.518,0,,0,0,0,2,2,0.4,3.795,0.0999,0.25,0,0.1661,0.1,0.0999,0.18,0.19,0.79,0.79,0.69,0.46,260,234,43
Leads-Search-1,22767146837,enabled,Functional & Integrative Medicine,198432290338,enabled,integrated doctor,298575878765,Broad,removed,,False,USD,0,,,,,,,,,,,,85,3,3,0,7.4,0.0353,2.4667,87.0588,0.0353,2.4667,1,7.4,0.3333,65,8.7838,16,80,5.3333,0.4625,0.0999,0.2308,0,0.1245,0.1,0.0999,0.13,0.18,0.8,0.8,0.8,0.27,761,685,95
Leads-Search-1,22767146837,enabled,Functional & Integrative Medicine,198432290338,enabled,functional medicine practitioner,303254433014,Broad,removed,,False,USD,0,,,,,,,,,,,,90,4,4,0,7.26,0.0444,1.815,80.6667,0.0444,1.815,0,,0,0,0,0,0,0,,0.0999,0.0999,0,0.0731,0.1,0.0999,0.08,0.09,0.9,0.9,0.82,0.29,711,640,52
Leads-Search-1,22767146837,enabled,Functional & Integrative Medicine,198432290338,enabled,functional medicine doctors in my area,466935651506,Broad,paused,Eligible,False,USD,1.9,6,Average,Below average,Above average,2.02,2.02,,,,,,168,3,3,0,7.23,0.0179,2.41,43.0357,0.0179,2.41,0,,0,0,0,0,0,0,,0.0999,0.1429,0,0.0939,0.1,0.0999,0.1,0.11,0.88,0.88,0.78,0.33,1602,1442,150
Leads-Search-1,22767146837,enabled,Men's Health,201177674047,enabled,male medical clinic near me,783507827476,Broad,paused,Eligible,False,USD,1.3,,,,,6.13,6.13,,,,,,36,4,4,0,7.2298,0.1111,1.8074,200.8276,0.1111,1.8074,0,,0,0,0,0,0,0,,0.0999,0.0999,0,0.0618,0.1,0.0999,0.07,0.07,0.9,0.9,0.6,0.4,100,90,6
Leads-Search-1,22767146837,enabled,Geo-Qualified — Hopkins & West Metro,200485717907,enabled,functional medicine doctor minnetonka,1416410843211,Broad,removed,,False,USD,0,,,,,,,,,,,,49,3,3,0,7.21,0.0612,2.4033,147.1429,0.0612,2.4033,1,7.21,0.3333,65,9.0153,2,66,0.6667,3.605,0.0999,,0,0.1171,0.1,0.0999,0.12,0.12,0.87,0.87,0.73,0.36,490,441,57
Leads-Search-1,22767146837,enabled,Functional & Integrative Medicine,198432290338,enabled,integrative health near me,807046778385,Broad,removed,,False,USD,0,,,,,,,,,,,,220,4,4,0,6.43,0.0182,1.6075,29.2273,0.0182,1.6075,1,6.43,0.25,1,0.1555,4,4,1,1.6075,0.0999,0.4286,0,0.2109,0.1,0.0999,0.22,0.24,0.76,0.76,0.56,0.16,2112,1901,446
Leads-Search-1,22767146837,enabled,Women's Health & Hormones,192679099330,enabled,perimenopause doctor near me,879175999408,Phrase,enabled,Eligible,False,USD,2.6,5,Below average,Below average,Above average,7.46,7.11,,,,,,24,3,3,0,6.42,0.125,2.14,267.5,0.125,2.14,0,,0,0,0,0,0,0,,0.0999,0.0999,0,0.057,0.1,0.0999,0.06,0.1,0.9,0.9,0.82,0.06,240,216,14
PNHdefense-Website traffic-Search-2,23888858069,paused,Ad group 1,196283052145,enabled,dr jacob panka,1997189022924,Exact,enabled,Rarely served,False,USD,0.01,,,,,,,,,,,,6,2,2,0,5.37,0.3333,2.685,895,0.3333,2.685,0,,0,0,0,0,0,0,,1,1,0,0,1,1,0,0,0,0,1,1,6,0,0
PNHdefense-Website traffic-Search-2,23888858069,paused,Ad group 1,196283052145,enabled,dr panka,933585970059,Exact,enabled,Eligible,False,USD,0.01,6,Average,Below average,Above average,,,,,,,,5,2,2,0,5.13,0.4,2.565,1026,0.4,2.565,0,,0,0,0,0,0,0,,1,1,0,0,1,1,0,0,0,0,1,1,5,0,0
Leads-Search-1,22767146837,enabled,Geo-Qualified — Hopkins & West Metro,200485717907,enabled,functional medicine doctor eden prairie,1416410840771,Broad,removed,,False,USD,0,,,,,,,,,,,,78,2,2,0,4.87,0.0256,2.435,62.4359,0.0256,2.435,0,,0,0,0,0,0,0,,0.0999,,0,0.0771,0.1,0.0999,0.08,0.09,0.9,0.9,0.86,0.29,741,667,57
Leads-Search-1,22767146837,enabled,Women's Health & Hormones,192679099330,enabled,natural help for menopause,322912570731,Phrase,enabled,Eligible,False,USD,2.6,,,,,0.12,0.07,,,,,,20,2,2,0,4.82,0.1,2.41,241,0.1,2.41,0,,0,0,0,0,0,0,,0.0999,0.0999,0,0.0677,0.1,0.0999,0.07,0.08,0.9,0.9,0.59,0.29,170,153,12
Leads-Search-1,22767146837,enabled,Naturopath Near Me — Core,201177654927,enabled,holistic dr near me,296740931208,Broad,enabled,Eligible,False,USD,2.5,7,Above average,Average,Average,8.68,3.1,,,,,,163,4,4,0,4.7085,0.0245,1.1771,28.8862,0.0245,1.1771,2,2.3542,0.5,2,0.4248,4,4,1,1.1771,0.0999,0.2315,0,0.0512,0.1,0.0999,0.06,0.07,0.9,0.9,0.52,0.22,1021,919,52
Leads-Search-1,22767146837,enabled,Men's Health,201177674047,enabled,male primary care doctors near me,322930161988,Broad,paused,Eligible,False,USD,1.3,,,,,0.34,0.34,,,,,,13,2,2,0,4.68,0.1538,2.34,360,0.1538,2.34,0,,0,0,0,0,0,0,,0.1132,0.0999,0,0,0.1,0.0999,0.04,0.09,0.89,0.89,0.67,0.17,80,71,0
Leads-Search-1,22767146837,enabled,Functional & Integrative Medicine,198432290338,enabled,best functional doctors near me,1079104736352,Broad,removed,,False,USD,0,,,,,,,,,,,,59,2,2,0,4.52,0.0339,2.26,76.6102,0.0339,2.26,0,,0,0,0,1,1,0.5,4.52,0.0999,,0,0.097,0.1,0.0999,0.1,0.11,0.89,0.89,0.46,0.15,541,487,52
Leads-Search-1,22767146837,enabled,Women's Health & Hormones,192679099330,enabled,holistic hormone doctor near me,825924214050,Phrase,enabled,Eligible,False,USD,2.6,5,Average,Below average,Average,9.44,4.08,,,,,,2,1,1,0,4.43,0.5,4.43,2215,0.5,4.43,0,,0,0,0,0,0,0,,1,1,0,0,1,0,0,0,0,0,1,0,2,0,0
Leads-Search-1,22767146837,enabled,Ad group 1,183759893484,removed,integrative medicine near me,312654900388,Phrase,enabled,Eligible,False,USD,0.01,,,,,2.95,2.68,,,,,,11,1,1,0,4.24,0.0909,4.24,385.4545,0.0909,4.24,0,,0,0,0,0,0,0,,0.75,0.75,0,0.125,0.75,0.125,0.13,0.75,0.13,0.13,1,0.17,15,4,2
Leads-Search-1,22767146837,enabled,Ad group 1,183759893484,removed,functional medicine near me,325505212743,Broad,enabled,Eligible,False,USD,0.01,,,,,,,,,,,,31,2,2,0,4.07,0.0645,2.035,131.2903,0.0645,2.035,0,,0,0,0,7,7,3.5,0.5814,0.2245,0.5,0,0.449,0.18,0.0999,0.49,0.63,0.33,0.33,0.8,0.1,138,107,62
Leads-Search-1,22767146837,enabled,Women's Health & Hormones,192679099330,enabled,naturopath for endometriosis,359506051186,Phrase,enabled,Eligible,False,USD,2.6,,,,,2.93,1.68,,,,,,2,2,2,0,4,1,2,2000,1,2,0,,0,0,0,0,0,0,,0.0999,0.0999,0,0,0.1,0.0999,0,0,0.9,0.9,1,1,20,18,0
Leads-Search-1,22767146837,enabled,Functional & Integrative Medicine,198432290338,enabled,functional medical doctors,298829237476,Broad,removed,,False,USD,0,,,,,,,,,,,,29,2,2,0,3.75,0.069,1.875,129.3103,0.069,1.875,0,,0,0,0,0,0,0,,0.0999,0.0999,0,0.0722,0.1,0,0.08,0,0.9,0,0.75,0,270,243,20
Leads-Search-1,22767146837,enabled,Men's Health,201177674047,enabled,men's health naturopath,943798649025,Broad,removed,,False,USD,0,,,,,,,,,,,,73,8,8,0,3.6877,0.1096,0.461,50.5161,0.1096,0.461,0,,0,0,0,0,0,0,,0.0999,,0,0.0889,0,0,0,0,0,0,0,0,320,288,28
Leads-Search-1,22767146837,enabled,Men's Health,201177674047,enabled,holistic doctor for men near me,2405800260956,Broad,removed,,False,USD,0,,,,,,,,,,,,42,3,3,0,3.52,0.0714,1.1733,83.8095,0.0714,1.1733,0,,0,0,0,0,0,0,,0.2,,0,0.5,0.1,0,0.6,0,0.3,0,0.5,0,55,44,28
Leads-Search-1,22767146837,enabled,Ad group 1,183759893484,removed,integrative health near me,807046778385,Broad,enabled,Eligible,False,USD,0.01,,,,,,,,,,,,14,3,3,0,3.2913,0.2143,1.0971,235.0961,0.2143,1.0971,0,,0,0,0,1,1,0.3333,3.2913,0.1765,0.5,0,0.4118,0.12,0.0999,0.47,0.53,0.41,0.41,0.67,0.33,79,65,33
Leads-Search-1,22767146837,enabled,Women's Health & Hormones,192679099330,enabled,naturopath for fertility,354423724287,Broad,removed,,False,USD,0,,,,,,,,,,,,38,2,2,0,3.28,0.0526,1.64,86.3158,0.0526,1.64,0,,0,0,0,0,0,0,,0.0999,0.0999,0,0.0328,0.1,0.0999,0.03,0.07,0.9,0.9,1,0.33,250,225,8
Leads-Search-1,22767146837,enabled,Naturopath Near Me — Core,201177654927,enabled,natural doctor near me,298794213593,Broad,removed,,False,USD,0,,,,,,,,,,,,90,2,2,0,3.13,0.0222,1.565,34.7778,0.0222,1.565,0,,0,0,0,0,0,0,,0.1014,0.2,0,0.1087,0.1,0.0999,0.12,0.15,0.82,0.82,0.62,0.31,720,647,78
Leads-Search-1,22767146837,enabled,Men's Health,201177674047,enabled,gents specialist doctor near me,1173141205177,Broad,paused,Eligible,False,USD,1.3,,,,,1.76,1.76,,,,,,46,4,4,0,2.96,0.087,0.74,64.3478,0.087,0.74,2,1.48,0.5,130,43.9189,4,132,1,0.74,0.0999,,0,0.0488,0.1,0.0999,0.05,0.06,0.9,0.9,1,0.67,70,63,3
Leads-Search-1,22767146837,enabled,Women's Health & Hormones,192679099330,enabled,pcos specialist near me,393086251324,Phrase,enabled,Eligible,False,USD,2.6,5,Average,Below average,Average,3.41,3.41,,,,,,5,1,1,0,2.91,0.2,2.91,582,0.2,2.91,0,,0,0,0,1,1,1,2.91,0.0999,0.0999,0,0.0392,0.1,0.0999,0.04,0.1,0.86,0.86,1,0.4,50,45,2
Leads-Search-1,22767146837,enabled,Naturopath Near Me — Core,201177654927,enabled,naturopathic dr near me,295411384059,Broad,enabled,Eligible,False,USD,2.5,7,Below average,Above average,Above average,3.41,2,,,,,,81,2,2,0,2.8781,0.0247,1.439,35.5319,0.0247,1.439,0,,0,0,0,0,0,0,,0.152,0.2875,0,0.0526,0.13,0.0999,0.07,0.16,0.8,0.8,0.83,0.25,474,402,25
Leads-Search-1,22767146837,enabled,Women's Health & Hormones,192679099330,enabled,endometriosis specialist near me,313019455439,Phrase,enabled,Eligible,False,USD,2.6,5,Average,Below average,Average,4.32,4.32,,,,,,2,1,1,0,2.86,0.5,2.86,1430,0.5,2.86,0,,0,0,0,0,0,0,,0.1111,0.1111,0,0,0.11,0.0999,0,0.06,0.89,0.89,1,0.5,18,16,0
Leads-Search-1,22767146837,enabled,Geo-Qualified — Hopkins & West Metro,200485717907,enabled,functional medicine doctor edina,1416410840811,Broad,removed,,False,USD,0,,,,,,,,,,,,114,2,2,0,2.76,0.0175,1.38,24.2105,0.0175,1.38,1,2.76,0.5,65,23.5507,7,71,3.5,0.3943,0.0999,0.4167,0,0.1532,0.1,0.0999,0.16,0.19,0.81,0.81,0.69,0.19,1071,964,164
Leads-Search-1,22767146837,enabled,Ad group 1,183759893484,removed,functional medicine clinic near me,629327041832,Broad,enabled,Eligible,False,USD,0.01,,,,,,,,,,,,7,1,1,0,2.73,0.1429,2.73,390,0.1429,2.73,0,,0,0,0,0,0,0,,1,1,0,0,1,1,0,0,0,0,1,1,7,0,0
Leads-Search-1,22767146837,enabled,Men's Health,201177674047,enabled,male doctor near me,297520616059,Broad,paused,Eligible,False,USD,1.3,,,,,2.6,2.6,,,,,,15,1,1,0,2.06,0.0667,2.06,137.3333,0.0667,2.06,1,2.06,1,65,31.5534,2,66,2,1.03,0.0999,0.0999,0,0.2963,0.1,0,0.3,0,0.63,0,1,0,110,99,33
Leads-Search-1,22767146837,enabled,Men's Health,201177674047,enabled,male health doctors near me,417261681746,Broad,paused,Eligible,False,USD,1.3,,,,,3.82,3.82,,,,,,18,2,2,0,2.0243,0.1111,1.0121,112.4604,0.1111,1.0121,0.51,3.9692,0.255,0.51,0.2519,1.51,1.51,0.755,1.3406,0.0999,0.2,0,0.3333,0.1,0.0999,0.33,0.37,0.62,0.62,1,0.25,150,135,50
Leads-Search-1,22767146837,enabled,Men's Health,201177674047,enabled,men's specialist doctor near me,1016846386681,Broad,paused,Eligible,False,USD,1.3,,,,,4.9,1.67,,,,,,55,4,4,0,2.0171,0.0727,0.5043,36.675,0.0727,0.5043,0,,0,0,0,0,0,0,,0.0999,0.0999,0,0.1231,0,0,0,0,0,0,0,0,110,99,14
Leads-Search-1,22767146837,enabled,Functional & Integrative Medicine,198432290338,enabled,functional medical doctors,311258286897,Phrase,enabled,Eligible,False,USD,1.9,,,,,,,,,,,,2,1,1,0,1.81,0.5,1.81,905,0.5,1.81,0,,0,0,0,0,0,0,,,,,,,,0,0,0,0,1,1,0,0,0
Leads-Search-1,22767146837,enabled,Men's Health,201177674047,enabled,naturopath for erectile dysfunction,2362109076957,Broad,paused,Eligible,False,USD,1.3,,,,,1.51,1.29,,,,,,22,5,5,0,1.3678,0.2273,0.2736,62.171,0.2273,0.2736,0,,0,0,0,0,0,0,,0.0999,,0,0.098,0.1,0,0.1,0,0.88,0,1,0,40,36,4
Leads-Search-1,22767146837,enabled,Naturopath Near Me — Core,201177654927,enabled,natural practitioner near me,449781667092,Broad,enabled,Eligible,False,USD,2.5,6,Average,Below average,Above average,4.5,1.7,,,,,,2,1,1,0,1.35,0.5,1.35,675,0.5,1.35,0,,0,0,0,0,0,0,,0.25,0.25,0,0,0.25,0,0,0,0.75,0,1,0,8,6,0
Leads-Search-1,22767146837,enabled,Women's Health & Hormones,192679099330,enabled,women's naturopath near me,822120435560,Broad,removed,,False,USD,0,,,,,,,,,,,,101,2,2,0,1.2836,0.0198,0.6418,12.7091,0.0198,0.6418,0,,0,0,0,0,0,0,,0.0999,,0,0.1595,0.1,0.0999,0.17,0.19,0.8,0.8,0.67,0.17,891,802,142
Leads-Search-1,22767146837,enabled,Ad group 1,183759893484,removed,holistic pediatricians near me,352635960607,Broad,enabled,Eligible,False,USD,0.01,,,,,3.71,3.71,,,,,,19,1,1,0,1.28,0.0526,1.28,67.3684,0.0526,1.28,0,,0,0,0,0,0,0,,0.0999,0.0999,0,0.6235,0.1,0.0999,0.62,0.67,0.3,0.3,1,0.33,190,171,119
Leads-Search-1,22767146837,enabled,Functional & Integrative Medicine,198432290338,enabled,functional medical,298906613248,Broad,removed,,False,USD,0,,,,,,,,,,,,100,1,1,0,1.21,0.01,1.21,12.1,0.01,1.21,0,,0,0,0,0,0,0,,0.0999,0.1538,0,0.116,0.1,0.0999,0.12,0.16,0.83,0.83,0.67,0.17,841,757,98
Leads-Search-1,22767146837,enabled,Men's Health,201177674047,enabled,naturopath for low testosterone,2374002905935,Broad,removed,,False,USD,0,,,,,,,,,,,,26,2,2,0,1.01,0.0769,0.505,38.8462,0.0769,0.505,0,,0,0,0,0,0,0,,0.0999,,0,0.0876,0.1,0.0999,0.09,0.12,0.87,0.87,0.63,0.13,130,117,11
Leads-Search-1,22767146837,enabled,Men's Health,201177674047,enabled,men's health doctor near me,327528920044,Broad,paused,Eligible,False,USD,1.3,,,,,9.36,9.36,,,,,,34,2,2,0,0.47,0.0588,0.235,13.8235,0.0588,0.235,0,,0,0,0,0,0,0,,0.0999,0.0999,0,0.3333,0,0,0,0,0,0,0,0,100,90,33
Leads-Search-1,22767146837,enabled,Men's Health,201177674047,enabled,naturopath for prostate,2489305179026,Broad,paused,Eligible,False,USD,1.3,,,,,1.51,1.29,,,,,,15,1,1,0,0.319,0.0667,0.319,21.2689,0.0667,0.319,0,,0,0,0,0,0,0,,0.0999,,0,0,0,0,0,0,0,0,0,0,110,99,0
Leads-Search-1,22767146837,enabled,Men's Health,201177674047,enabled,men health clinic near me,809666013740,Broad,paused,Eligible,False,USD,1.3,,,,,1.68,1.68,,,,,,18,1,1,0,0.2865,0.0556,0.2865,15.9173,0.0556,0.2865,0,,0,0,0,0,0,0,,0.0999,0.0999,0,0.5,0,0,0,0,0,0,0,0,30,27,15
Leads-Search-1,22767146837,enabled,Naturopath Near Me — Core,201177654927,enabled,naturalist dr near me,393482794014,Broad,paused,Eligible,False,USD,2.5,,,,,1.04,1.04,,,,,,166,0,0,0,0,0,,0,0,,0,,,0,,0,0,,,0.0999,,0,0.074,0.1,0.0999,0.08,0.09,0.9,0.9,0.6,0.21,1351,1216,100
Leads-Search-1,22767146837,enabled,Pediatrics,197488229277,enabled,pediatric holistic doctor near me,427407324440,Broad,enabled,Eligible,False,USD,2.4,6,Average,Below average,Above average,0.91,0.91,,,,,,152,0,0,0,0,0,,0,0,,0,,,0,,0,0,,,0.0999,0.0999,0,0.0714,0.1,0.0999,0.08,0.09,0.9,0.9,0.75,0.25,1221,1099,87
Leads-Search-1,22767146837,enabled,Pediatrics,197488229277,enabled,natural pediatrician near me,352635961367,Broad,enabled,Eligible,False,USD,2.4,,,,,6.82,3.03,,,,,,51,0,0,0,0,0,,0,0,,0,,,0,,0,0,,,0.0999,0.0999,0,0.0714,0,0,0,0,0,0,0,0,390,351,28
Leads-Search-1,22767146837,enabled,Ad group 1,183759893484,removed,naturopathic family medicine,302483789996,Broad,enabled,Eligible,False,USD,0.01,,,,,6.19,2.7,,,,,,48,0,0,0,0,0,,0,0,,0,,,0,,0,0,,,0.0999,,0,0.417,0.1,0.0999,0.43,0.45,0.53,0.53,0.67,0.33,230,207,96
Leads-Search-1,22767146837,enabled,Geo-Qualified — Hopkins & West Metro,200485717907,enabled,functional medicine doctor hopkins,1416410841571,Broad,removed,,False,USD,0,,,,,,,,,,,,46,0,0,0,0,0,,0,0,,0,,,0,,0,0,,,0.0999,,0,0.1176,0.1,0,0.12,0,0.81,0,1,0,460,414,54
Leads-Search-1,22767146837,enabled,Women's Health & Hormones,192679099330,enabled,naturopath for menopause,337987763643,Broad,removed,,False,USD,0,,,,,,,,,,,,41,0,0,0,0,0,,0,0,,0,,,0,,0,0,,,0.0999,,0,0.0323,0.1,0,0.03,0,0.9,0,1,0,360,324,12
Leads-Search-1,22767146837,enabled,Naturopath Near Me — Core,201177654927,enabled,natural healing doctors near me,311437399568,Broad,paused,Eligible,False,USD,2.5,,,,,6.19,3.15,,,,,,33,0,0,0,0,0,,0,0,,0,,,0,,0,0,,,0.0999,,0,0.3659,0.1,0,0.4,0,0.56,0,0.5,0,260,234,95
Leads-Search-1,22767146837,enabled,Naturopath Near Me — Core,201177654927,enabled,best naturopath near me,346755549738,Broad,enabled,Eligible,False,USD,2.5,8,Above average,Below average,Above average,7.16,7.16,,,,,,30,0,0,0,0,0,,0,0,,0,,,0,,0,0,,,0.0999,1,0,0.0955,0.1,0.0999,0.11,0.12,0.87,0.87,0.5,0.21,280,252,27
Leads-Search-1,22767146837,enabled,Functional & Integrative Medicine,198432290338,enabled,functional medicine practice near me,436847453242,Broad,removed,,False,USD,0,,,,,,,,,,,,15,0,0,0,0,0,,0,0,,0,,,0,,0,0,,,0.0999,,0,0.0773,0.1,0,0.08,0,0.9,0,0.33,0,140,126,11
Leads-Search-1,22767146837,enabled,Functional & Integrative Medicine,198432290338,enabled,integrative medicine near me,312654900388,Phrase,enabled,Eligible,False,USD,2.6,5,Below average,Below average,Above average,4.64,2.5,,,,,,15,0,0,0,0,0,,0,0,,0,,,0,,0,0,,,0.3333,0.6,0,0,0.21,0.1026,0,0.1,0.79,0.79,0.62,0.31,45,30,0
Leads-Search-1,22767146837,enabled,Men's Health,201177674047,enabled,men's clinic near me,300558794055,Broad,paused,Eligible,False,USD,1.3,,,,,4.88,4.37,,,,,,15,0,0,0,0,0,,0,0,,0,,,0,,0,0,,,0.0999,0.0999,0,0.3,0,0,0,0,0,0,0,0,110,99,33
Leads-Search-1,22767146837,enabled,Functional & Integrative Medicine,198432290338,enabled,functional medicine,44794693,Phrase,enabled,Eligible,False,USD,1.9,7,Below average,Above average,Above average,,,,,,,,14,0,0,0,0,0,,0,0,,0,,,0,,0,0,,,,,,,,,0,0,0,0,0.71,0.14,0,0,0
Leads-Search-1,22767146837,enabled,Men's Health,201177674047,enabled,men's doctor near me,418469253323,Broad,paused,Eligible,False,USD,1.3,,,,,2.06,2.06,,,,,,11,0,0,0,0,0,,0,0,,0,,,0,,0,0,,,0.0999,,0,0.5,0,0,0,0,0,0,0,0,90,81,45
Leads-Search-1,22767146837,enabled,Women's Health & Hormones,192679099330,enabled,perimenopause naturopath,888598728605,Phrase,enabled,Eligible,False,USD,2.6,7,Average,Average,Above average,1.92,1.92,,,,,,7,0,0,0,0,0,,0,0,,0,,,0,,0,0,,,0.1786,0.2857,0,0,0.18,0.0999,0,0.11,0.82,0.82,1,0.4,39,32,0
Leads-Search-1,22767146837,enabled,Ad group 1,183759893484,removed,natural doctor near me,298794213593,Broad,enabled,Eligible,False,USD,0.01,,,,,3.53,2.76,,,,,,4,0,0,0,0,0,,0,0,,0,,,0,,0,0,,,0.25,0.25,0,0.5,0.25,0,0.5,0,0.25,0,1,0,16,12,8
Leads-Search-1,22767146837,enabled,Women's Health & Hormones,192679099330,enabled,holistic hormone doctor near me,616638070031,Broad,removed,,False,USD,0,,,,,,,,,,,,4,0,0,0,0,0,,0,0,,0,,,0,,0,0,,,,,,,0,0,0,0,0,0,0,0,0,0,0
Leads-Search-1,22767146837,enabled,Ad group 1,183759893484,removed,best naturopathic doctor near me,296836537841,Broad,enabled,Eligible,False,USD,0.01,,,,,1.67,1.67,,,,,,3,0,0,0,0,0,,0,0,,0,,,0,,0,0,,,0.6667,0.6667,0,0.3333,0.67,0,0.33,0,0,0,1,0,4,1,1
Leads-Search-1,22767146837,enabled,Functional & Integrative Medicine,198432290338,enabled,functional medicine practitioner,10477182709,Phrase,enabled,Eligible,False,USD,1.9,,,,,,,,,,,,3,0,0,0,0,0,,0,0,,0,,,0,,0,0,,,,,,,,,0,0,0,0,1,1,0,0,0
Leads-Search-1,22767146837,enabled,Ad group 1,183759893484,removed,holistic doctor Hopkins MN,2431677352035,Broad,enabled,Rarely served,False,USD,0.01,,,,,,,,,,,,2,0,0,0,0,0,,0,0,,0,,,0,,0,0,,,1,,0,0,1,1,0,0,0,0,1,1,2,0,0
Leads-Search-1,22767146837,enabled,Ad group 1,183759893484,removed,natural doctor near me,301055025575,Phrase,enabled,Eligible,False,USD,0.01,,,,,3.53,2.76,,,,,,2,0,0,0,0,0,,0,0,,0,,,0,,0,0,,,0.1667,0.3333,0,0.6667,0.17,0,0.67,0,0.17,0,1,0,12,10,8
Leads-Search-1,22767146837,enabled,Ad group 1,183759893484,removed,pediatric naturopath,298624063855,Broad,enabled,Eligible,False,USD,0.01,,,,,0.8,0.09,,,,,,2,0,0,0,0,0,,0,0,,0,,,0,,0,0,,,0.0999,0.0999,0,0.9001,0,0,0,0,0,0,0,0,10,9,9
Leads-Search-1,22767146837,enabled,Ad group 1,183759893484,removed,pediatric naturopath near me,547692999832,Broad,enabled,Eligible,False,USD,0.01,,,,,0.77,0.77,,,,,,2,0,0,0,0,0,,0,0,,0,,,0,,0,0,,,0.0999,0.3333,0,0.9001,0,0,0,0,0,0,0,0,20,18,18
Leads-Search-1,22767146837,enabled,Functional & Integrative Medicine,198432290338,enabled,best functional doctor near me,596599231098,Broad,removed,,False,USD,0,,,,,,,,,,,,2,0,0,0,0,0,,0,0,,0,,,0,,0,0,,,0.0999,,0,0,0,0,0,0,0,0,0,0,20,18,0
Leads-Search-1,22767146837,enabled,Functional & Integrative Medicine,198432290338,enabled,integrative health near me,441297710576,Phrase,enabled,Eligible,False,USD,1.9,,,,,1.73,1.73,,,,,,2,0,0,0,0,0,,0,0,,0,,,0,,0,0,,,,,,,0,0,0,0,0,0,0,0,0,0,0
Leads-Search-1,22767146837,enabled,Geo-Qualified — Hopkins & West Metro,200485717907,enabled,functional medicine doctor minnetonka,2395103740971,Phrase,enabled,Eligible,False,USD,2.6,,,,,1.51,1.29,,,,,,2,0,0,0,0,0,,0,0,,0,,,0,,0,0,,,0.0999,,0,0.2,0,0,0,0,0,0,0,0,20,18,4
Leads-Search-1,22767146837,enabled,Pediatrics,197488229277,enabled,pediatric naturopath,298624063855,Broad,enabled,Eligible,False,USD,2.4,6,Below average,Average,Above average,0.8,0.09,,,,,,2,0,0,0,0,0,,0,0,,0,,,0,,0,0,,,0.125,0.125,0,0,0,0,0,0,0,0,0,0,16,14,0
Leads-Search-1,22767146837,enabled,Women's Health & Hormones,192679099330,enabled,functional medicine for hormones,1656267935454,Phrase,removed,,False,USD,0,,,,,,,,,,,,2,0,0,0,0,0,,0,0,,0,,,0,,0,0,,,0.1333,,0,0,0.1,0.0999,0,0,0.9,0.9,0.5,0.5,15,13,0
Leads-Search-1,22767146837,enabled,Women's Health & Hormones,192679099330,enabled,naturopath for PMS,1368219292309,Phrase,enabled,Eligible,False,USD,2.6,,,,,1.51,1.29,,,,,,2,0,0,0,0,0,,0,0,,0,,,0,,0,0,,,0.2222,,0,0,0.22,0.1111,0,0.11,0.78,0.78,1,0.5,9,7,0
Leads-Search-1,22767146837,enabled,Women's Health & Hormones,192679099330,enabled,naturopath for fertility,344344850530,Phrase,enabled,Eligible,False,USD,2.6,,,,,36.43,0.78,,,,,,2,0,0,0,0,0,,0,0,,0,,,0,,0,0,,,0.5,0.0999,0,0.25,0.5,0.5,0.25,0.25,0.25,0.25,1,1,4,2,1
Leads-Search-1,22767146837,enabled,Women's Health & Hormones,192679099330,enabled,women's hormone specialist near me,838763769492,Phrase,enabled,Eligible,False,USD,2.6,,,,,,,,,,,,2,0,0,0,0,0,,0,0,,0,,,0,,0,0,,,,,,,0,0,0,0,0,0,0,0,0,0,0
Leads-Search-1,22767146837,enabled,Ad group 1,183759893484,removed,natural medicine Minnesota,2431240509058,Phrase,enabled,Eligible,False,USD,0.01,,,,,,,,,,,,1,0,0,0,0,0,,0,0,,0,,,0,,0,0,,,,,,,0,0,0,0,0,0,0,0,0,0,0
Leads-Search-1,22767146837,enabled,Ad group 1,183759893484,removed,naturopathic family medicine,357829242134,Phrase,enabled,Eligible,False,USD,0.01,,,,,6.19,2.7,,,,,,1,0,0,0,0,0,,0,0,,0,,,0,,0,0,,,,0.0999,,,0,0,0,0,0,0,0,0,0,0,0
Leads-Search-1,22767146837,enabled,Ad group 1,183759893484,removed,naturopathic practitioner near me,381953148433,Broad,enabled,Eligible,False,USD,0.01,,,,,19.45,19.45,,,,,,1,0,0,0,0,0,,0,0,,0,,,0,,0,0,,,0.0999,,0,0.6667,0,0,0,0,0,0,0,0,10,9,7
Leads-Search-1,22767146837,enabled,Men's Health,201177674047,enabled,best mens doctor near me,826174075160,Broad,paused,Eligible,False,USD,1.3,,,,,3.58,3.58,,,,,,1,0,0,0,0,0,,0,0,,0,,,0,,0,0,,,0.0999,,0,0.6667,0,0,0,0,0,0,0,0,10,9,7
Leads-Search-1,22767146837,enabled,Men's Health,201177674047,enabled,male health doctor near me,387583490878,Broad,paused,Eligible,False,USD,1.3,,,,,4.21,4.21,,,,,,1,0,0,0,0,0,,0,0,,0,,,0,,0,0,,,,,,,0,0,0,0,0,0,0,0,0,0,0
Leads-Search-1,22767146837,enabled,Men's Health,201177674047,enabled,men's hormone doctor near me,809666013980,Broad,removed,,False,USD,0,,,,,,,,,,,,1,0,0,0,0,0,,0,0,,0,,,0,,0,0,,,0.0999,,0,0,0,0,0,0,0,0,0,0,10,9,0
Leads-Search-1,22767146837,enabled,Naturopath Near Me — Core,201177654927,enabled,alternative medicine doctors near me,297466350908,Phrase,enabled,Eligible,False,USD,2.5,,,,,12.03,12.03,,,,,,1,0,0,0,0,0,,0,0,,0,,,0,,0,0,,,,,,,0,0,0,0,0,0,0,0,0,0,0
Leads-Search-1,22767146837,enabled,Women's Health & Hormones,192679099330,enabled,Hashimoto's naturopath,2490112250808,Phrase,enabled,Eligible,False,USD,2.6,,,,,1.51,1.29,,,,,,1,0,0,0,0,0,,0,0,,0,,,0,,0,0,,,0.25,,0,0,0.25,0.25,0,0,0.75,0.75,1,1,4,3,0
Leads-Search-1,22767146837,enabled,Women's Health & Hormones,192679099330,enabled,holistic thyroid doctors near me,322522772528,Broad,removed,,False,USD,0,,,,,,,,,,,,1,0,0,0,0,0,,0,0,,0,,,0,,0,0,,,,,,,0,0,0,0,0,0,0,0,0,0,0
Leads-Search-1,22767146837,enabled,Women's Health & Hormones,192679099330,enabled,hormone doctor near me,64408445366,Phrase,enabled,Eligible,False,USD,2.6,,,,,,,,,,,,1,0,0,0,0,0,,0,0,,0,,,0,,0,0,,,,,,,0,0,0,0,0,0,0,0,0,0,0
Leads-Search-1,22767146837,enabled,Women's Health & Hormones,192679099330,enabled,natural hormone doctors near me,812915579250,Broad,removed,,False,USD,0,,,,,,,,,,,,1,0,0,0,0,0,,0,0,,0,,,0,,0,0,,,0.0999,,0,0.9001,0,0,0,0,0,0,0,0,10,9,9
Leads-Search-1,22767146837,enabled,Ad group 1,183759893484,removed,functional medicine doctors near me,300278964675,Broad,enabled,Eligible,False,USD,0.01,,,,,,,,,,,,0,0,0,0,0,,,,,,0,,,0,,0,0,,,,,,,0,0,0,0,0,0,0,0,0,0,0
Leads-Search-1,22767146837,enabled,Ad group 1,183759893484,removed,functional medicine practice near me,436847453242,Broad,enabled,Eligible,False,USD,0.01,,,,,,,,,,,,0,0,0,0,0,,,,,,0,,,0,,0,0,,,,,,,0,0,0,0,0,0,0,0,0,0,0
Leads-Search-1,22767146837,enabled,Ad group 1,183759893484,removed,holistic healthcare Minneapolis,2457285928074,Broad,enabled,Rarely served,False,USD,0.01,,,,,1.51,1.29,,,,,,0,0,0,0,0,,,,,,0,,,0,,0,0,,,,,,,0,0,0,0,0,0,0,0,0,0,0
Leads-Search-1,22767146837,enabled,Ad group 1,183759893484,removed,naturalist dr near me,393482794014,Broad,enabled,Eligible,False,USD,0.01,,,,,1.04,1.04,,,,,,0,0,0,0,0,,,,,,0,,,0,,0,0,,,,,,,0,0,0,0,0,0,0,0,0,0,0
Leads-Search-1,22767146837,enabled,Geo-Qualified — Hopkins & West Metro,200485717907,enabled,functional medicine doctor hopkins,2495044224613,Phrase,enabled,Rarely served,False,USD,2.6,,,,,,,,,,,,0,0,0,0,0,,,,,,0,,,0,,0,0,,,,,,,0,0,0,0,0,0,0,0,0,0,0
Leads-Search-1,22767146837,enabled,Men's Health,201177674047,enabled,men's hormone doctor near me,828039572868,Phrase,enabled,Eligible,False,USD,1.3,,,,,5.82,5.82,,,,,,0,0,0,0,0,,,,,,0,,,0,,0,0,,,,0.0999,,,0,0,0,0,0,0,0,0,0,0,0
Leads-Search-1,22767146837,enabled,Men's Health,201177674047,enabled,men's physician near me,827344859410,Broad,paused,Eligible,False,USD,1.3,,,,,22.7,15.13,,,,,,0,0,0,0,0,,,,,,0,,,0,,0,0,,,,,,,0,0,0,0,0,0,0,0,0,0,0
Leads-Search-1,22767146837,enabled,Men's Health,201177674047,enabled,naturopath for men's health,1661929765868,Broad,removed,,False,USD,0,,,,,,,,,,,,0,0,0,0,0,,,,,,0,,,0,,0,0,,,,,,,0,0,0,0,0,0,0,0,0,0,0
Leads-Search-1,22767146837,enabled,Naturopath Near Me — Core,201177654927,enabled,best naturopathic doctor near me,296836537841,Broad,enabled,Eligible,False,USD,2.5,,,,,3.79,3.79,,,,,,0,0,0,0,0,,,,,,0,,,0,,0,0,,,,,,,0,0,0,0,0,0,0,0,0,0,0
Leads-Search-1,22767146837,enabled,Naturopath Near Me — Core,201177654927,enabled,naturopath for allergies,352183546927,Broad,enabled,Eligible,False,USD,2.5,,,,,0.36,0.36,,,,,,0,0,0,0,0,,,,,,0,,,0,,0,0,,,,,,,0,0,0,0,0,0,0,0,0,0,0
Leads-Search-1,22767146837,enabled,Naturopath Near Me — Core,201177654927,enabled,naturopathic doctor near me,296621012791,Broad,removed,,False,USD,0,,,,,,,,,,,,0,0,0,0,0,,,,,,0,,,0,,0,0,,,,,,,0,0,0,0,0,0,0,0,0,0,0
Leads-Search-1,22767146837,enabled,Naturopath Near Me — Core,201177654927,enabled,naturopathic family medicine,302483789996,Broad,enabled,Eligible,False,USD,2.5,,,,,3.41,3.41,,,,,,0,0,0,0,0,,,,,,0,,,0,,0,0,,,,,,,0,0,0,0,0,0,0,0,0,0,0
Leads-Search-1,22767146837,enabled,Women's Health & Hormones,192679099330,enabled,PCOS naturopath near me,1645808761396,Phrase,enabled,Eligible,False,USD,2.6,,,,,1.51,1.29,,,,,,0,0,0,0,0,,,,,,0,,,0,,0,0,,,,0.0999,,,0,0,0,0,0,0,0,0,0,0,0
Leads-Search-1,22767146837,enabled,Women's Health & Hormones,192679099330,enabled,natural help for perimenopause,298837563965,Broad,removed,,False,USD,0,,,,,,,,,,,,0,0,0,0,0,,,,,,0,,,0,,0,0,,,,,,,0,0,0,0,0,0,0,0,0,0,0
Leads-Search-1,22767146837,enabled,Women's Health & Hormones,192679099330,enabled,naturopath for hormone imbalance,385113812838,Phrase,enabled,Eligible,False,USD,2.6,,,,,0.79,0.76,,,,,,0,0,0,0,0,,,,,,0,,,0,,0,0,,,,,,,0,0,0,0,0,0,0,0,0,0,0
Leads-Search-1,22767146837,enabled,Women's Health & Hormones,192679099330,enabled,naturopath for pcos,314620853198,Broad,removed,,False,USD,0,,,,,,,,,,,,0,0,0,0,0,,,,,,0,,,0,,0,0,,,,,,,0,0,0,0,0,0,0,0,0,0,0
Leads-Search-1,22767146837,enabled,Women's Health & Hormones,192679099330,enabled,naturopath for thyroid,401323500207,Broad,removed,,False,USD,0,,,,,,,,,,,,0,0,0,0,0,,,,,,0,,,0,,0,0,,,,,,,0,0,0,0,0,0,0,0,0,0,0
Leads-Search-1,22767146837,enabled,Women's Health & Hormones,192679099330,enabled,naturopath for women's health,1185234437233,Phrase,enabled,Eligible,False,USD,2.6,,,,,1.51,1.29,,,,,,0,0,0,0,0,,,,,,0,,,0,,0,0,,,,,,,0,0,0,0,0,0,0,0,0,0,0
Leads-Search-1,22767146837,enabled,Women's Health & Hormones,192679099330,enabled,thyroid doctor near me,306844731577,Phrase,enabled,Eligible,False,USD,2.6,,,,,8.39,8.39,,,,,,0,0,0,0,0,,,,,,0,,,0,,0,0,,,,0.0999,,,0,0,0,0,0,0,0,0,0,0,0
