Campaignname,CampaignID,Adgroupname,AdgroupID,AdID,Adstatus,ad_strength,assetFieldType,assetType,assetPerformanceLabel,assetTextText,InCurrentCreative,Impressions,Clicks,Cost,Ctr,Conversions,CostPerConversion
Leads-Search-1,22767146837,Ad group 1,183759893484,762584793075,Paused,Average,Description,Text,,"Personalized natural medicine for families. Women's health, heart care, pediatrics.",no,9692,599,1529.5043,0.0618,224.0,6.8281
Leads-Search-1,22767146837,Ad group 1,183759893484,762584793075,Paused,Average,Description,Text,,"Root cause medicine. Hormone therapy, gut health, heart program. Hopkins clinic.",no,5722,424,1133.1304,0.0741,154.0,7.358
Leads-Search-1,22767146837,Ad group 1,183759893484,762584793075,Paused,Average,Description,Text,,Dr. Haley & Dr. Jacob Panka. Evidence-based holistic care. HSA/FSA accepted.,no,944,103,270.8395,0.1091,28.0,9.6728
Leads-Search-1,22767146837,Ad group 1,183759893484,762584793075,Paused,Average,Description,Text,,Licensed naturopathic doctors in Hopkins. Free intro call. Virtual & in-person.,no,294,31,85.044,0.1054,7.0,12.1491
Leads-Search-1,22767146837,Ad group 1,183759893484,762584793075,Paused,Average,Description,Text,Pending information,Naturopathic doctors in Hopkins MN. Free 10-min intro call. In-person or telehealth.,yes,33,1,5.24,0.0303,0.0,
Leads-Search-1,22767146837,Ad group 1,183759893484,762584793075,Paused,Average,Description,Text,Pending information,Drs. Haley & Jacob Panka. Evidence-informed naturopathic care. HSA/FSA & cash-pay.,yes,28,4,23.1202,0.1429,2.02,11.4456
Leads-Search-1,22767146837,Ad group 1,183759893484,762584793075,Paused,Average,Description,Text,Pending information,"Naturopathic care for women, men, and kids. Hormones, gut, metabolic & heart health.",yes,15,3,11.804,0.2,0.0,
Leads-Search-1,22767146837,Ad group 1,183759893484,762584793075,Paused,Average,Description,Text,Pending information,"Root-cause naturopathy. Hormone balance, gut, metabolic, heart. Hopkins MN clinic.",yes,12,2,16.5562,0.1667,2.02,8.1961
Leads-Search-1,22767146837,Ad group 1,183759893484,762584793075,Paused,Average,Headline,Text,Good,Dr. Panka Hopkins MN,yes,6937,489,1348.2025,0.0705,194.02,6.9488
Leads-Search-1,22767146837,Ad group 1,183759893484,762584793075,Paused,Average,Headline,Text,Good,Twin Cities Holistic Doctors,yes,3507,259,676.4928,0.0739,105.0,6.4428
Leads-Search-1,22767146837,Ad group 1,183759893484,762584793075,Paused,Average,Headline,Text,,Natural Medicine MN,no,2593,148,336.907,0.0571,45.5,7.4045
Leads-Search-1,22767146837,Ad group 1,183759893484,762584793075,Paused,Average,Headline,Text,,Holistic Family Care,no,2401,173,429.9595,0.0721,40.0,10.749
Leads-Search-1,22767146837,Ad group 1,183759893484,762584793075,Paused,Average,Headline,Text,,Hopkins Naturopath,no,2303,153,430.7416,0.0664,64.5,6.6782
Leads-Search-1,22767146837,Ad group 1,183759893484,762584793075,Paused,Average,Headline,Text,,Downtown Hopkins,no,2013,118,361.4452,0.0586,81.0,4.4623
Leads-Search-1,22767146837,Ad group 1,183759893484,762584793075,Paused,Average,Headline,Text,Learning stats,Women's Health,yes,1467,116,336.1474,0.0791,51.0,6.5911
Leads-Search-1,22767146837,Ad group 1,183759893484,762584793075,Paused,Average,Headline,Text,Learning stats,Hormone Specialist,yes,1195,87,218.9463,0.0728,28.0,7.8195
Leads-Search-1,22767146837,Ad group 1,183759893484,762584793075,Paused,Average,Headline,Text,Learning stats,Naturopathic Doctors,yes,784,66,182.2813,0.0842,20.0,9.1141
Leads-Search-1,22767146837,Ad group 1,183759893484,762584793075,Paused,Average,Headline,Text,Learning stats,HSA/FSA Accepted,yes,568,38,99.187,0.0669,8.02,12.3675
Leads-Search-1,22767146837,Ad group 1,183759893484,762584793075,Paused,Average,Headline,Text,Learning stats,Pediatric Care,yes,386,53,99.8138,0.1373,12.0,8.3178
Leads-Search-1,22767146837,Ad group 1,183759893484,762584793075,Paused,Average,Headline,Text,,Virtual Appointments,no,196,7,7.94,0.0357,0.0,
Leads-Search-1,22767146837,Ad group 1,183759893484,762584793075,Paused,Average,Headline,Text,,Evidence-Based Care,no,188,17,15.9232,0.0904,0.0,
Leads-Search-1,22767146837,Ad group 1,183759893484,762584793075,Paused,Average,Headline,Text,,Free Intro Call,no,185,15,32.23,0.0811,0.0,
Leads-Search-1,22767146837,Ad group 1,183759893484,762584793075,Paused,Average,Headline,Text,,Heart Health Program,no,130,5,10.45,0.0385,1.0,10.45
Leads-Search-1,22767146837,Ad group 1,183759893484,762584793075,Paused,Average,Headline,Text,Pending information,Naturopaths in Hopkins MN,yes,34,2,16.5562,0.0588,2.02,8.1961
Leads-Search-1,22767146837,Ad group 1,183759893484,762584793075,Paused,Average,Headline,Text,Pending information,Husband-Wife Naturopaths,yes,11,1,2.69,0.0909,0.0,
Leads-Search-1,22767146837,Ad group 1,183759893484,762584793075,Paused,Average,Headline,Text,Pending information,Trusted Since 2018,yes,5,0,0.0,0.0,0.0,
Leads-Search-1,22767146837,Ad group 1,183759893484,762584793075,Paused,Average,Headline,Text,Pending information,Free 10-Min Intro Call,yes,2,0,0.0,0.0,0.0,
Leads-Search-1,22767146837,Ad group 1,183759893484,762584793075,Paused,Average,Headline,Text,Pending information,Lab-Driven Care Plans,yes,2,0,0.0,0.0,0.0,
Leads-Search-1,22767146837,Ad group 1,183759893484,762584793075,Paused,Average,Headline,Text,Pending information,MN & WI Telehealth,yes,2,1,3.874,0.5,0.0,
Leads-Search-1,22767146837,Ad group 1,183759893484,762584793075,Paused,Average,Headline,Text,Pending information,Same-Week Appointments,yes,2,0,0.0,0.0,0.0,
Leads-Search-1,22767146837,Ad group 1,183759893484,762584793075,Paused,Average,Headline,Text,Pending information,Evidence-Informed Care,yes,1,0,0.0,0.0,0.0,
Leads-Search-1,22767146837,Functional & Integrative Medicine,198432290338,812633205835,Enabled,Good,Description,Text,Pending information,"Functional lab testing beyond the annual physical — hormones, gut, thyroid, metabolic.",yes,3448,143,273.491,0.0415,12.0,22.7909
Leads-Search-1,22767146837,Functional & Integrative Medicine,198432290338,817264881560,Paused,Pending,Description,Text,Pending information,"Integrative medicine in Hopkins — conventional insight plus natural therapies, one plan.",yes,1137,54,119.2004,0.0475,0.0,
Leads-Search-1,22767146837,Functional & Integrative Medicine,198432290338,812633205835,Enabled,Good,Description,Text,Pending information,"A root-cause, functional lens: detailed labs, unhurried visits, and a clear plan.",yes,912,70,140.3946,0.0768,6.0,23.3991
Leads-Search-1,22767146837,Functional & Integrative Medicine,198432290338,817264881560,Paused,Pending,Description,Text,Pending information,Whole-person integrative medicine for the west metro. In person or MN & WI telehealth.,yes,472,57,145.4268,0.1208,3.0,48.4756
Leads-Search-1,22767146837,Functional & Integrative Medicine,198432290338,812633205835,Enabled,Good,Description,Text,Pending information,Two full hours on your case. Evidence-informed care from doctors who listen.,yes,378,30,64.9591,0.0794,4.0,16.2398
Leads-Search-1,22767146837,Functional & Integrative Medicine,198432290338,812633205835,Enabled,Good,Description,Text,Pending information,"Cash-pay clinic, HSA/FSA accepted. No membership. Telehealth across MN & WI.",yes,266,17,36.51,0.0639,1.0,36.51
Leads-Search-1,22767146837,Functional & Integrative Medicine,198432290338,817264881560,Paused,Pending,Description,Text,Pending information,Creating health with science and nature. Root-cause evaluation with functional labs.,yes,95,12,26.29,0.1263,0.0,
Leads-Search-1,22767146837,Functional & Integrative Medicine,198432290338,817264881560,Paused,Pending,Description,Text,Pending information,Unhurried integrative care from a husband-wife ND team. Free 10-minute intro call.,yes,39,6,13.55,0.1538,0.0,
Leads-Search-1,22767146837,Functional & Integrative Medicine,198432290338,812633205835,Enabled,Good,Headline,Text,Pending information,"Functional Medicine, Hopkins",yes,2663,88,179.5017,0.033,6.0,29.9169
Leads-Search-1,22767146837,Functional & Integrative Medicine,198432290338,812633205835,Enabled,Good,Headline,Text,Pending information,"Integrative, Root-Cause Care",yes,781,54,105.0737,0.0691,5.0,21.0147
Leads-Search-1,22767146837,Functional & Integrative Medicine,198432290338,812633205835,Enabled,Good,Headline,Text,Pending information,"No Membership, No Monthly Fee",yes,738,58,137.5535,0.0786,4.0,34.3884
Leads-Search-1,22767146837,Functional & Integrative Medicine,198432290338,812633205835,Enabled,Good,Headline,Text,Pending information,MN & WI Telehealth,yes,546,24,44.1106,0.044,2.02,21.8369
Leads-Search-1,22767146837,Functional & Integrative Medicine,198432290338,817264881560,Paused,Pending,Headline,Text,,Integrative Care in Hopkins,no,510,35,91.7889,0.0686,1.0,91.7889
Leads-Search-1,22767146837,Functional & Integrative Medicine,198432290338,817264881560,Paused,Pending,Headline,Text,,Integrative Medicine Clinic,no,491,31,81.2709,0.0631,2.0,40.6354
Leads-Search-1,22767146837,Functional & Integrative Medicine,198432290338,812633205835,Enabled,Good,Headline,Text,Pending information,Find the Root Cause,yes,458,27,66.6604,0.059,2.98,22.3693
Leads-Search-1,22767146837,Functional & Integrative Medicine,198432290338,817264881560,Paused,Pending,Headline,Text,Pending information,Hopkins & West Metro Clinic,yes,454,49,123.4841,0.1079,1.0,123.4841
Leads-Search-1,22767146837,Functional & Integrative Medicine,198432290338,812633205835,Enabled,Good,Headline,Text,Pending information,Functional Lab Testing,yes,451,27,54.6786,0.0599,0.0,
Leads-Search-1,22767146837,Functional & Integrative Medicine,198432290338,812633205835,Enabled,Good,Headline,Text,Pending information,Two-Hour First Visits,yes,390,22,45.4386,0.0564,6.0,7.5731
Leads-Search-1,22767146837,Functional & Integrative Medicine,198432290338,812633205835,Enabled,Good,Headline,Text,Pending information,"Your Labs, Fully Explained",yes,346,20,38.5008,0.0578,1.0,38.5008
Leads-Search-1,22767146837,Functional & Integrative Medicine,198432290338,812633205835,Enabled,Good,Headline,Text,Pending information,Same-Week Appointments,yes,314,18,29.838,0.0573,3.0,9.946
Leads-Search-1,22767146837,Functional & Integrative Medicine,198432290338,812633205835,Enabled,Good,Headline,Text,Pending information,HSA/FSA Accepted,yes,306,20,32.3639,0.0654,3.0,10.788
Leads-Search-1,22767146837,Functional & Integrative Medicine,198432290338,817264881560,Paused,Pending,Headline,Text,,Drs. Haley & Jacob Panka,yes,231,16,47.9245,0.0693,0.0,
Leads-Search-1,22767146837,Functional & Integrative Medicine,198432290338,817264881560,Paused,Pending,Headline,Text,Pending information,Integrative Medicine Doctors,yes,189,23,56.8958,0.1217,2.0,28.4479
Leads-Search-1,22767146837,Functional & Integrative Medicine,198432290338,817264881560,Paused,Pending,Headline,Text,,"Whole-Person, Root-Cause Care",no,164,11,22.5583,0.0671,0.0,
Leads-Search-1,22767146837,Functional & Integrative Medicine,198432290338,812633205835,Enabled,Good,Headline,Text,Pending information,A Doctor Who Listens,yes,142,10,20.3283,0.0704,0.0,
Leads-Search-1,22767146837,Functional & Integrative Medicine,198432290338,812633205835,Enabled,Good,Headline,Text,Pending information,Evidence-Informed Care,yes,140,20,20.0918,0.1429,2.0,10.0459
Leads-Search-1,22767146837,Functional & Integrative Medicine,198432290338,817264881560,Paused,Pending,Headline,Text,,"Your Whole Story, Two Hours",no,121,7,8.4374,0.0579,0.0,
Leads-Search-1,22767146837,Functional & Integrative Medicine,198432290338,817264881560,Paused,Pending,Headline,Text,,Functional & Integrative NDs,no,92,7,17.3611,0.0761,0.0,
Leads-Search-1,22767146837,Functional & Integrative Medicine,198432290338,817264881560,Paused,Pending,Headline,Text,,Integrative Lab Testing,no,77,9,24.4245,0.1169,0.0,
Leads-Search-1,22767146837,Functional & Integrative Medicine,198432290338,812633205835,Enabled,Good,Headline,Text,Pending information,Free 10-Min Intro Call,yes,75,2,0.9221,0.0267,1.0,0.9221
Leads-Search-1,22767146837,Functional & Integrative Medicine,198432290338,812633205835,Enabled,Good,Headline,Text,Pending information,Trusted Since 2018,yes,73,4,3.56,0.0548,0.0,
Leads-Search-1,22767146837,Functional & Integrative Medicine,198432290338,812633205835,Enabled,Good,Headline,Text,Pending information,Lab-Driven Care Plans,yes,70,4,7.8892,0.0571,0.0,
Leads-Search-1,22767146837,Functional & Integrative Medicine,198432290338,817264881560,Paused,Pending,Headline,Text,Pending information,Free 10-Min Intro Call,yes,60,3,4.75,0.05,0.0,
Leads-Search-1,22767146837,Functional & Integrative Medicine,198432290338,817264881560,Paused,Pending,Headline,Text,,"Science & Nature, Together",no,58,5,11.12,0.0862,0.0,
Leads-Search-1,22767146837,Functional & Integrative Medicine,198432290338,817264881560,Paused,Pending,Headline,Text,,Conventional Meets Natural,no,24,2,2.3,0.0833,0.0,
Leads-Search-1,22767146837,Functional & Integrative Medicine,198432290338,817264881560,Paused,Pending,Headline,Text,Pending information,Accepting New Patients,yes,0,0,0.0,,0.0,
Leads-Search-1,22767146837,Functional & Integrative Medicine,198432290338,817264881560,Paused,Pending,Headline,Text,Pending information,Beyond the Annual Physical,yes,0,0,0.0,,0.0,
Leads-Search-1,22767146837,Functional & Integrative Medicine,198432290338,817264881560,Paused,Pending,Headline,Text,Pending information,Functional Care in Hopkins,yes,0,0,0.0,,0.0,
Leads-Search-1,22767146837,Functional & Integrative Medicine,198432290338,817264881560,Paused,Pending,Headline,Text,Pending information,Functional Medicine Clinic,yes,0,0,0.0,,0.0,
Leads-Search-1,22767146837,Functional & Integrative Medicine,198432290338,817264881560,Paused,Pending,Headline,Text,Pending information,Functional Medicine Doctors,yes,0,0,0.0,,0.0,
Leads-Search-1,22767146837,Functional & Integrative Medicine,198432290338,817264881560,Paused,Pending,Headline,Text,Pending information,Functional Medicine Near You,yes,0,0,0.0,,0.0,
Leads-Search-1,22767146837,Functional & Integrative Medicine,198432290338,817264881560,Paused,Pending,Headline,Text,Pending information,"Gut, Thyroid & Fatigue Care",yes,0,0,0.0,,0.0,
Leads-Search-1,22767146837,Functional & Integrative Medicine,198432290338,817264881560,Paused,Pending,Headline,Text,Pending information,HSA/FSA & Cash-Pay Clinic,yes,0,0,0.0,,0.0,
Leads-Search-1,22767146837,Functional & Integrative Medicine,198432290338,817264881560,Paused,Pending,Headline,Text,Pending information,Minneapolis Functional Care,yes,0,0,0.0,,0.0,
Leads-Search-1,22767146837,Functional & Integrative Medicine,198432290338,817264881560,Paused,Pending,Headline,Text,Pending information,"Normal Labs, Still Unwell?",yes,0,0,0.0,,0.0,
Leads-Search-1,22767146837,Functional & Integrative Medicine,198432290338,817264881560,Paused,Pending,Headline,Text,Pending information,Not a 15-Minute Visit,yes,0,0,0.0,,0.0,
Leads-Search-1,22767146837,Functional & Integrative Medicine,198432290338,817264881560,Paused,Pending,Headline,Text,Pending information,Two-Hour First Visits,yes,0,0,0.0,,0.0,
Leads-Search-1,22767146837,Geo-Qualified — Hopkins & West Metro,200485717907,812704345088,Enabled,Excellent,Description,Text,Pending information,"Naturopathic clinic in downtown Hopkins — minutes from Minnetonka, Edina & St. Louis Park.",yes,647,40,77.0535,0.0618,6.5,11.8544
Leads-Search-1,22767146837,Geo-Qualified — Hopkins & West Metro,200485717907,812704345088,Enabled,Excellent,Description,Text,Pending information,"Family-owned in Hopkins since 2018. No membership, no monthly fee.",yes,242,23,45.6575,0.095,5.5,8.3014
Leads-Search-1,22767146837,Geo-Qualified — Hopkins & West Metro,200485717907,817157599125,Paused,Pending,Description,Text,Pending information,"Your neighborhood naturopathic clinic — downtown Hopkins, minutes from the west metro.",yes,230,4,12.09,0.0174,0.0,
Leads-Search-1,22767146837,Geo-Qualified — Hopkins & West Metro,200485717907,812704345088,Enabled,Excellent,Description,Text,Pending information,Drs. Haley & Jacob Panka. Evidence-informed naturopathic care. HSA/FSA & cash-pay.,yes,225,18,34.4,0.08,4.0,8.6
Leads-Search-1,22767146837,Geo-Qualified — Hopkins & West Metro,200485717907,812704345088,Enabled,Excellent,Description,Text,Pending information,"West-metro families choose unhurried, root-cause care. Free 10-minute intro call.",yes,25,2,5.31,0.08,0.0,
Leads-Search-1,22767146837,Geo-Qualified — Hopkins & West Metro,200485717907,817157599125,Paused,Pending,Description,Text,Pending information,"In-person care in Hopkins, MN, with telehealth available across Minnesota & Wisconsin.",yes,22,1,2.41,0.0455,0.0,
Leads-Search-1,22767146837,Geo-Qualified — Hopkins & West Metro,200485717907,817157599125,Paused,Pending,Description,Text,Pending information,Drs. Haley & Jacob Panka live and practice in the west metro. Free 10-minute intro call.,yes,18,0,0.0,0.0,0.0,
Leads-Search-1,22767146837,Geo-Qualified — Hopkins & West Metro,200485717907,817157599125,Paused,Pending,Description,Text,Pending information,Skip the drive across town. Root-cause naturopathic care close to home since 2018.,yes,15,0,0.0,0.0,0.0,
Leads-Search-1,22767146837,Geo-Qualified — Hopkins & West Metro,200485717907,812704345088,Enabled,Excellent,Headline,Text,Pending information,"Naturopath in Hopkins, MN",yes,313,28,56.8775,0.0895,3.5,16.2507
Leads-Search-1,22767146837,Geo-Qualified — Hopkins & West Metro,200485717907,812704345088,Enabled,Excellent,Headline,Text,Pending information,Root-Cause Naturopathic Care,yes,256,23,44.57,0.0898,2.5,17.828
Leads-Search-1,22767146837,Geo-Qualified — Hopkins & West Metro,200485717907,812704345088,Enabled,Excellent,Headline,Text,Pending information,Hopkins & West Metro Clinic,yes,209,23,43.5135,0.11,6.5,6.6944
Leads-Search-1,22767146837,Geo-Qualified — Hopkins & West Metro,200485717907,812704345088,Enabled,Excellent,Headline,Text,Pending information,Eden Prairie & St Louis Park,yes,171,17,30.6638,0.0994,5.0,6.1328
Leads-Search-1,22767146837,Geo-Qualified — Hopkins & West Metro,200485717907,812704345088,Enabled,Excellent,Headline,Text,Pending information,Serving Minnetonka & Edina,yes,171,11,20.896,0.0643,3.0,6.9653
Leads-Search-1,22767146837,Geo-Qualified — Hopkins & West Metro,200485717907,817157599125,Paused,Pending,Headline,Text,,Serving Eden Prairie & Chaska,no,150,0,0.0,0.0,0.0,
Leads-Search-1,22767146837,Geo-Qualified — Hopkins & West Metro,200485717907,812704345088,Enabled,Excellent,Headline,Text,Pending information,Family-Owned Since 2018,yes,141,11,22.4337,0.078,1.0,22.4337
Leads-Search-1,22767146837,Geo-Qualified — Hopkins & West Metro,200485717907,812704345088,Enabled,Excellent,Headline,Text,Pending information,"No Membership, No Monthly Fee",yes,137,16,35.83,0.1168,0.0,
Leads-Search-1,22767146837,Geo-Qualified — Hopkins & West Metro,200485717907,812704345088,Enabled,Excellent,Headline,Text,Pending information,Downtown Hopkins Clinic,yes,116,7,15.35,0.0603,1.5,10.2333
Leads-Search-1,22767146837,Geo-Qualified — Hopkins & West Metro,200485717907,812704345088,Enabled,Excellent,Headline,Text,Pending information,Two-Hour First Visits,yes,70,4,8.94,0.0571,1.0,8.94
Leads-Search-1,22767146837,Geo-Qualified — Hopkins & West Metro,200485717907,812704345088,Enabled,Excellent,Headline,Text,Pending information,MN & WI Telehealth,yes,63,3,4.5,0.0476,1.0,4.5
Leads-Search-1,22767146837,Geo-Qualified — Hopkins & West Metro,200485717907,817157599125,Paused,Pending,Headline,Text,Pending information,"Local, Family-Owned Clinic",yes,51,3,6.92,0.0588,0.0,
Leads-Search-1,22767146837,Geo-Qualified — Hopkins & West Metro,200485717907,812704345088,Enabled,Excellent,Headline,Text,Pending information,HSA/FSA Accepted,yes,49,6,10.37,0.1224,1.0,10.37
Leads-Search-1,22767146837,Geo-Qualified — Hopkins & West Metro,200485717907,812704345088,Enabled,Excellent,Headline,Text,Pending information,Same-Week Appointments,yes,34,1,2.39,0.0294,0.0,
Leads-Search-1,22767146837,Geo-Qualified — Hopkins & West Metro,200485717907,817157599125,Paused,Pending,Headline,Text,Pending information,Root-Cause Natural Care,yes,32,2,7.38,0.0625,0.0,
Leads-Search-1,22767146837,Geo-Qualified — Hopkins & West Metro,200485717907,817157599125,Paused,Pending,Headline,Text,Pending information,Hopkins & West Metro NDs,yes,28,1,2.41,0.0357,0.0,
Leads-Search-1,22767146837,Geo-Qualified — Hopkins & West Metro,200485717907,812704345088,Enabled,Excellent,Headline,Text,Pending information,A Doctor Who Listens,yes,25,0,0.0,0.0,0.0,
Leads-Search-1,22767146837,Geo-Qualified — Hopkins & West Metro,200485717907,817157599125,Paused,Pending,Headline,Text,Pending information,Care Close to Home,yes,25,1,2.3,0.04,0.0,
Leads-Search-1,22767146837,Geo-Qualified — Hopkins & West Metro,200485717907,817157599125,Paused,Pending,Headline,Text,Pending information,Same-Week Appointments,yes,19,0,0.0,0.0,0.0,
Leads-Search-1,22767146837,Geo-Qualified — Hopkins & West Metro,200485717907,812704345088,Enabled,Excellent,Headline,Text,Pending information,Evidence-Informed Care,yes,16,1,2.4,0.0625,0.0,
Leads-Search-1,22767146837,Geo-Qualified — Hopkins & West Metro,200485717907,817157599125,Paused,Pending,Headline,Text,,Downtown Hopkins Since 2018,no,14,0,0.0,0.0,0.0,
Leads-Search-1,22767146837,Geo-Qualified — Hopkins & West Metro,200485717907,817157599125,Paused,Pending,Headline,Text,,Minutes From Edina & SLP,no,14,0,0.0,0.0,0.0,
Leads-Search-1,22767146837,Geo-Qualified — Hopkins & West Metro,200485717907,812704345088,Enabled,Excellent,Headline,Text,Pending information,Free 10-Min Intro Call,yes,12,1,2.39,0.0833,0.0,
Leads-Search-1,22767146837,Geo-Qualified — Hopkins & West Metro,200485717907,817157599125,Paused,Pending,Headline,Text,Pending information,A Doctor Who Listens,yes,11,0,0.0,0.0,0.0,
Leads-Search-1,22767146837,Geo-Qualified — Hopkins & West Metro,200485717907,817157599125,Paused,Pending,Headline,Text,Pending information,Free 10-Min Intro Call,yes,9,0,0.0,0.0,0.0,
Leads-Search-1,22767146837,Geo-Qualified — Hopkins & West Metro,200485717907,817157599125,Paused,Pending,Headline,Text,,Naturopath Near Minnetonka,no,6,0,0.0,0.0,0.0,
Leads-Search-1,22767146837,Geo-Qualified — Hopkins & West Metro,200485717907,817157599125,Paused,Pending,Headline,Text,Pending information,Your West Metro Naturopath,yes,5,1,5.17,0.2,0.0,
Leads-Search-1,22767146837,Geo-Qualified — Hopkins & West Metro,200485717907,817157599125,Paused,Pending,Headline,Text,Pending information,HSA/FSA Accepted,yes,0,0,0.0,,0.0,
Leads-Search-1,22767146837,Geo-Qualified — Hopkins & West Metro,200485717907,817157599125,Paused,Pending,Headline,Text,Pending information,MN & WI Telehealth,yes,0,0,0.0,,0.0,
Leads-Search-1,22767146837,Geo-Qualified — Hopkins & West Metro,200485717907,817157599125,Paused,Pending,Headline,Text,Pending information,Minneapolis Holistic Doctors,yes,0,0,0.0,,0.0,
Leads-Search-1,22767146837,Geo-Qualified — Hopkins & West Metro,200485717907,817157599125,Paused,Pending,Headline,Text,Pending information,Minneapolis Naturopath,yes,0,0,0.0,,0.0,
Leads-Search-1,22767146837,Geo-Qualified — Hopkins & West Metro,200485717907,817157599125,Paused,Pending,Headline,Text,Pending information,"Naturopathic Doctors, MN",yes,0,0,0.0,,0.0,
Leads-Search-1,22767146837,Geo-Qualified — Hopkins & West Metro,200485717907,817157599125,Paused,Pending,Headline,Text,Pending information,"No Membership, No Monthly Fee",yes,0,0,0.0,,0.0,
Leads-Search-1,22767146837,Geo-Qualified — Hopkins & West Metro,200485717907,817157599125,Paused,Pending,Headline,Text,Pending information,Two-Hour First Visits,yes,0,0,0.0,,0.0,
Leads-Search-1,22767146837,Men's Health,201177674047,812601575949,Enabled,Good,Description,Text,Pending information,"Cash-pay clinic, HSA/FSA accepted. In person in Hopkins or telehealth in MN & WI.",yes,460,29,24.0653,0.063,4.51,5.336
Leads-Search-1,22767146837,Men's Health,201177674047,817157424693,Enabled,Poor,Description,Text,Pending information,"Root-cause men's health — hormones, metabolic and heart markers, and a practical plan.",yes,205,32,31.5563,0.1561,2.0,15.7782
Leads-Search-1,22767146837,Men's Health,201177674047,812601575949,Enabled,Good,Description,Text,Pending information,"Functional lab testing beyond the annual physical, explained in plain language.",yes,84,12,11.6259,0.1429,1.0,11.6259
Leads-Search-1,22767146837,Men's Health,201177674047,817157424693,Enabled,Poor,Description,Text,Pending information,"Low energy, poor sleep, stubborn weight? We run deeper labs and explain every number.",yes,55,12,10.3088,0.2182,1.0,10.3088
Leads-Search-1,22767146837,Men's Health,201177674047,812601575949,Enabled,Good,Description,Text,Pending information,"Energy, hormones, metabolic and heart health — root-cause care for men.",yes,16,2,2.9724,0.125,0.51,5.8282
Leads-Search-1,22767146837,Men's Health,201177674047,812601575949,Enabled,Good,Description,Text,Pending information,Two unhurried hours on your whole picture. Free 10-minute intro call to start.,yes,7,1,3.42,0.1429,0.0,
Leads-Search-1,22767146837,Men's Health,201177674047,817157424693,Enabled,Poor,Description,Text,Pending information,"Two unhurried hours with Dr. Jacob Panka, ND. Free 10-minute intro call to start.",yes,5,1,4.62,0.2,0.0,
Leads-Search-1,22767146837,Men's Health,201177674047,817157424693,Enabled,Poor,Description,Text,Pending information,"No memberships, no upsells. Straightforward care in Hopkins or MN & WI telehealth.",yes,3,0,0.0,0.0,0.0,
Leads-Search-1,22767146837,Men's Health,201177674047,812601575949,Enabled,Good,Headline,Text,,"Hopkins, MN Clinic",no,310,11,11.0543,0.0355,2.51,4.4041
Leads-Search-1,22767146837,Men's Health,201177674047,812601575949,Enabled,Good,Headline,Text,Pending information,"Dr. Jacob Panka, ND",yes,156,9,10.3103,0.0577,2.0,5.1551
Leads-Search-1,22767146837,Men's Health,201177674047,817157424693,Enabled,Poor,Headline,Text,Pending information,Root-Cause Men's Health,yes,122,8,11.8207,0.0656,0.0,
Leads-Search-1,22767146837,Men's Health,201177674047,817157424693,Enabled,Poor,Headline,Text,Pending information,"Dr. Jacob Panka, ND",yes,112,22,15.2012,0.1964,1.0,15.2012
Leads-Search-1,22767146837,Men's Health,201177674047,812601575949,Enabled,Good,Headline,Text,Pending information,MN & WI Telehealth,yes,81,4,4.62,0.0494,1.0,4.62
Leads-Search-1,22767146837,Men's Health,201177674047,812601575949,Enabled,Good,Headline,Text,,Root-Cause Men's Health,yes,74,3,4.1224,0.0405,0.51,8.0831
Leads-Search-1,22767146837,Men's Health,201177674047,812601575949,Enabled,Good,Headline,Text,Pending information,Evidence-Informed Care,yes,58,16,12.651,0.2759,2.0,6.3255
Leads-Search-1,22767146837,Men's Health,201177674047,817157424693,Enabled,Poor,Headline,Text,Pending information,Men's Hormone & Energy Labs,yes,55,4,9.45,0.0727,0.0,
Leads-Search-1,22767146837,Men's Health,201177674047,812601575949,Enabled,Good,Headline,Text,Pending information,Two-Hour First Visits,yes,37,3,4.35,0.0811,0.0,
Leads-Search-1,22767146837,Men's Health,201177674047,817157424693,Enabled,Poor,Headline,Text,Pending information,Told Everything's Normal?,yes,37,4,3.2289,0.1081,1.0,3.2289
Leads-Search-1,22767146837,Men's Health,201177674047,812601575949,Enabled,Good,Headline,Text,,Men's Health Naturopath,yes,34,1,0.61,0.0294,0.0,
Leads-Search-1,22767146837,Men's Health,201177674047,812601575949,Enabled,Good,Headline,Text,Pending information,"No Membership, No Monthly Fee",yes,33,3,6.05,0.0909,0.0,
Leads-Search-1,22767146837,Men's Health,201177674047,812601575949,Enabled,Good,Headline,Text,,Hormone & Metabolic Labs,yes,26,9,11.2228,0.3462,0.51,22.0055
Leads-Search-1,22767146837,Men's Health,201177674047,817157424693,Enabled,Poor,Headline,Text,Pending information,Hopkins Clinic + Telehealth,yes,24,5,6.8649,0.2083,0.0,
Leads-Search-1,22767146837,Men's Health,201177674047,817157424693,Enabled,Poor,Headline,Text,Pending information,Free 10-Min Intro Call,yes,23,1,0.67,0.0435,0.0,
Leads-Search-1,22767146837,Men's Health,201177674047,812601575949,Enabled,Good,Headline,Text,Pending information,HSA/FSA Accepted,yes,19,6,3.0221,0.3158,1.0,3.0221
Leads-Search-1,22767146837,Men's Health,201177674047,817157424693,Enabled,Poor,Headline,Text,Pending information,"Data First, Plan Second",yes,18,8,7.63,0.4444,1.0,7.63
Leads-Search-1,22767146837,Men's Health,201177674047,817157424693,Enabled,Poor,Headline,Text,Pending information,Metabolic & Heart Health,yes,14,6,4.2956,0.4286,1.0,4.2956
Leads-Search-1,22767146837,Men's Health,201177674047,812601575949,Enabled,Good,Headline,Text,,Free 10-Min Intro Call,yes,12,0,0.0,0.0,0.0,
Leads-Search-1,22767146837,Men's Health,201177674047,817157424693,Enabled,Poor,Headline,Text,Pending information,Get Your Numbers Explained,yes,11,3,1.0951,0.2727,0.0,
Leads-Search-1,22767146837,Men's Health,201177674047,817157424693,Enabled,Poor,Headline,Text,Pending information,"Straight Answers, No Rush",yes,11,3,1.57,0.2727,0.0,
Leads-Search-1,22767146837,Men's Health,201177674047,812601575949,Enabled,Good,Headline,Text,,Energy & Hormone Support,no,9,0,0.0,0.0,0.0,
Leads-Search-1,22767146837,Men's Health,201177674047,812601575949,Enabled,Good,Headline,Text,Pending information,Tired of Running on Empty?,yes,9,0,0.0,0.0,0.0,
Leads-Search-1,22767146837,Men's Health,201177674047,812601575949,Enabled,Good,Headline,Text,Pending information,Hopkins Clinic + Telehealth,yes,7,0,0.0,0.0,0.0,
Leads-Search-1,22767146837,Men's Health,201177674047,817157424693,Enabled,Poor,Headline,Text,Pending information,Tired of Running on Empty?,yes,7,1,1.1,0.1429,0.0,
Leads-Search-1,22767146837,Men's Health,201177674047,817157424693,Enabled,Poor,Headline,Text,Pending information,Low Energy? Check the Labs,yes,6,1,4.8662,0.1667,0.0,
Leads-Search-1,22767146837,Men's Health,201177674047,812601575949,Enabled,Good,Headline,Text,Pending information,Told Everything's Normal?,yes,5,1,1.15,0.2,0.0,
Leads-Search-1,22767146837,Men's Health,201177674047,812601575949,Enabled,Good,Headline,Text,,A Doctor Who Listens,yes,4,0,0.0,0.0,0.0,
Leads-Search-1,22767146837,Men's Health,201177674047,812601575949,Enabled,Good,Headline,Text,Pending information,Low Energy? Check the Labs,yes,4,0,0.0,0.0,0.0,
Leads-Search-1,22767146837,Men's Health,201177674047,812601575949,Enabled,Good,Headline,Text,Pending information,Prostate & PSA Questions?,yes,4,0,0.0,0.0,0.0,
Leads-Search-1,22767146837,Men's Health,201177674047,812601575949,Enabled,Good,Headline,Text,,Get Your Numbers Explained,yes,2,1,1.15,0.5,0.0,
Leads-Search-1,22767146837,Men's Health,201177674047,812601575949,Enabled,Good,Headline,Text,,Lab-Driven Care Plans,yes,2,0,0.0,0.0,0.0,
Leads-Search-1,22767146837,Men's Health,201177674047,812601575949,Enabled,Good,Headline,Text,Pending information,Metabolic & Heart Health,yes,2,0,0.0,0.0,0.0,
Leads-Search-1,22767146837,Men's Health,201177674047,812601575949,Enabled,Good,Headline,Text,,"Data First, Plan Second",yes,1,1,1.15,1.0,0.0,
Leads-Search-1,22767146837,Men's Health,201177674047,812601575949,Enabled,Good,Headline,Text,Pending information,"Low Testosterone, Naturally",yes,0,0,0.0,,0.0,
Leads-Search-1,22767146837,Men's Health,201177674047,812601575949,Enabled,Good,Headline,Text,Pending information,Men's Naturopathic Doctor,yes,0,0,0.0,,0.0,
Leads-Search-1,22767146837,Men's Health,201177674047,812601575949,Enabled,Good,Headline,Text,Pending information,Natural Prostate Support,yes,0,0,0.0,,0.0,
Leads-Search-1,22767146837,Naturopath Near Me — Core,201177654927,812704381343,Enabled,Good,Description,Text,Pending information,"Naturopathic doctors in Hopkins, MN. Free 10-minute intro call — in person or telehealth.",yes,652,18,32.8835,0.0276,0.0,
Leads-Search-1,22767146837,Naturopath Near Me — Core,201177654927,817195852465,Enabled,Good,Description,Text,Pending information,Naturopathic doctors blend modern lab science with natural therapies — no guesswork.,yes,503,13,18.97,0.0258,1.0,18.97
Leads-Search-1,22767146837,Naturopath Near Me — Core,201177654927,812704381343,Enabled,Good,Description,Text,Pending information,"Family-owned clinic in downtown Hopkins. No membership, no monthly fee.",yes,311,37,77.874,0.119,4.0,19.4685
Leads-Search-1,22767146837,Naturopath Near Me — Core,201177654927,812704381343,Enabled,Good,Description,Text,Pending information,Drs. Haley & Jacob Panka. Evidence-informed naturopathic care. HSA/FSA & cash-pay.,yes,308,30,58.3368,0.0974,7.0,8.3338
Leads-Search-1,22767146837,Naturopath Near Me — Core,201177654927,817195852465,Enabled,Good,Description,Text,Pending information,Natural doesn't mean unproven. Evidence-informed care from Drs. Haley & Jacob Panka.,yes,76,5,7.36,0.0658,0.0,
Leads-Search-1,22767146837,Naturopath Near Me — Core,201177654927,812704381343,Enabled,Good,Description,Text,Pending information,Two unhurried hours on your whole story. Root-cause care without a membership.,yes,70,5,9.89,0.0714,0.0,
Leads-Search-1,22767146837,Naturopath Near Me — Core,201177654927,817195852465,Enabled,Good,Description,Text,Pending information,"Doctorate-trained NDs who take two full hours on your first visit. Hopkins, MN.",yes,44,1,2.52,0.0227,1.0,2.52
Leads-Search-1,22767146837,Naturopath Near Me — Core,201177654927,817195852465,Enabled,Good,Description,Text,Pending information,Wondering if a naturopath is right for you? Start with a free 10-minute intro call.,yes,20,1,1.1,0.05,0.0,
Leads-Search-1,22767146837,Naturopath Near Me — Core,201177654927,812704381343,Enabled,Good,Headline,Text,Pending information,"Naturopath in Hopkins, MN",yes,630,27,55.8765,0.0429,7.0,7.9824
Leads-Search-1,22767146837,Naturopath Near Me — Core,201177654927,812704381343,Enabled,Good,Headline,Text,Pending information,Root-Cause Naturopathic Care,yes,441,42,74.8014,0.0952,5.0,14.9603
Leads-Search-1,22767146837,Naturopath Near Me — Core,201177654927,812704381343,Enabled,Good,Headline,Text,Pending information,"No Membership, No Monthly Fee",yes,225,25,49.4728,0.1111,2.0,24.7364
Leads-Search-1,22767146837,Naturopath Near Me — Core,201177654927,812704381343,Enabled,Good,Headline,Text,Pending information,West Metro Holistic Care,yes,216,10,21.7846,0.0463,3.0,7.2615
Leads-Search-1,22767146837,Naturopath Near Me — Core,201177654927,817195852465,Enabled,Good,Headline,Text,Pending information,"Naturopath in Hopkins, MN",yes,186,4,5.8,0.0215,0.0,
Leads-Search-1,22767146837,Naturopath Near Me — Core,201177654927,817195852465,Enabled,Good,Headline,Text,Pending information,"Naturopathic Doctor, MN",yes,128,3,2.77,0.0234,0.0,
Leads-Search-1,22767146837,Naturopath Near Me — Core,201177654927,817195852465,Enabled,Good,Headline,Text,,"Naturopathic Doctors, MN",yes,105,3,5.13,0.0286,1.0,5.13
Leads-Search-1,22767146837,Naturopath Near Me — Core,201177654927,812704381343,Enabled,Good,Headline,Text,Pending information,MN & WI Telehealth,yes,104,4,10.91,0.0385,0.0,
Leads-Search-1,22767146837,Naturopath Near Me — Core,201177654927,812704381343,Enabled,Good,Headline,Text,Pending information,Husband-Wife ND Team,yes,99,4,12.6374,0.0404,0.0,
Leads-Search-1,22767146837,Naturopath Near Me — Core,201177654927,817195852465,Enabled,Good,Headline,Text,,Doctors of Natural Medicine,no,98,1,2.14,0.0102,0.0,
Leads-Search-1,22767146837,Naturopath Near Me — Core,201177654927,812704381343,Enabled,Good,Headline,Text,Pending information,Naturopathic Doctors Near You,yes,87,8,18.28,0.092,0.0,
Leads-Search-1,22767146837,Naturopath Near Me — Core,201177654927,812704381343,Enabled,Good,Headline,Text,Pending information,Same-Week Appointments,yes,79,3,4.86,0.038,0.0,
Leads-Search-1,22767146837,Naturopath Near Me — Core,201177654927,812704381343,Enabled,Good,Headline,Text,Pending information,Two-Hour First Visits,yes,74,3,4.13,0.0405,1.0,4.13
Leads-Search-1,22767146837,Naturopath Near Me — Core,201177654927,812704381343,Enabled,Good,Headline,Text,Pending information,HSA/FSA Accepted,yes,69,5,7.35,0.0725,0.0,
Leads-Search-1,22767146837,Naturopath Near Me — Core,201177654927,817195852465,Enabled,Good,Headline,Text,Pending information,Drs. Haley & Jacob Panka,yes,61,1,1.1,0.0164,0.0,
Leads-Search-1,22767146837,Naturopath Near Me — Core,201177654927,817195852465,Enabled,Good,Headline,Text,Pending information,Twin Cities Holistic Doctors,yes,56,2,1.98,0.0357,0.0,
Leads-Search-1,22767146837,Naturopath Near Me — Core,201177654927,812704381343,Enabled,Good,Headline,Text,Pending information,Evidence-Informed Care,yes,46,4,12.0735,0.087,0.0,
Leads-Search-1,22767146837,Naturopath Near Me — Core,201177654927,817195852465,Enabled,Good,Headline,Text,Pending information,"No Membership, No Monthly Fee",yes,44,5,10.61,0.1136,1.0,10.61
Leads-Search-1,22767146837,Naturopath Near Me — Core,201177654927,817195852465,Enabled,Good,Headline,Text,Pending information,Openings This Week,yes,44,2,1.52,0.0455,0.0,
Leads-Search-1,22767146837,Naturopath Near Me — Core,201177654927,812704381343,Enabled,Good,Headline,Text,Pending information,Trusted Since 2018,yes,37,4,11.0961,0.1081,0.0,
Leads-Search-1,22767146837,Naturopath Near Me — Core,201177654927,817195852465,Enabled,Good,Headline,Text,Pending information,Root-Cause Naturopathy,yes,37,3,5.17,0.0811,0.0,
Leads-Search-1,22767146837,Naturopath Near Me — Core,201177654927,817195852465,Enabled,Good,Headline,Text,Pending information,"Hormones, Gut & Thyroid",yes,35,1,1.96,0.0286,0.0,
Leads-Search-1,22767146837,Naturopath Near Me — Core,201177654927,817195852465,Enabled,Good,Headline,Text,Pending information,Your First Visit: 2 Hours,yes,30,1,0.87,0.0333,0.0,
Leads-Search-1,22767146837,Naturopath Near Me — Core,201177654927,817195852465,Enabled,Good,Headline,Text,,Science and Nature Together,no,26,0,0.0,0.0,0.0,
Leads-Search-1,22767146837,Naturopath Near Me — Core,201177654927,817195852465,Enabled,Good,Headline,Text,Pending information,Holistic Doctor Near You,yes,24,3,4.59,0.125,0.0,
Leads-Search-1,22767146837,Naturopath Near Me — Core,201177654927,817195852465,Enabled,Good,Headline,Text,Pending information,MN & WI Telehealth,yes,23,1,1.64,0.0435,0.0,
Leads-Search-1,22767146837,Naturopath Near Me — Core,201177654927,812704381343,Enabled,Good,Headline,Text,Pending information,A Doctor Who Listens,yes,22,0,0.0,0.0,0.0,
Leads-Search-1,22767146837,Naturopath Near Me — Core,201177654927,817195852465,Enabled,Good,Headline,Text,,Not Your 10-Minute Visit,no,22,2,3.53,0.0909,1.0,3.53
Leads-Search-1,22767146837,Naturopath Near Me — Core,201177654927,817195852465,Enabled,Good,Headline,Text,Pending information,Minneapolis & West Metro,yes,22,1,2.52,0.0455,1.0,2.52
Leads-Search-1,22767146837,Naturopath Near Me — Core,201177654927,817195852465,Enabled,Good,Headline,Text,Pending information,Doctorate-Trained NDs,yes,18,1,0.42,0.0556,0.0,
Leads-Search-1,22767146837,Naturopath Near Me — Core,201177654927,817195852465,Enabled,Good,Headline,Text,,Hopkins Clinic + Telehealth,yes,16,0,0.0,0.0,0.0,
Leads-Search-1,22767146837,Naturopath Near Me — Core,201177654927,817195852465,Enabled,Good,Headline,Text,,What Is a Naturopath?,no,16,1,2.14,0.0625,0.0,
Leads-Search-1,22767146837,Naturopath Near Me — Core,201177654927,812704381343,Enabled,Good,Headline,Text,Pending information,Free 10-Min Intro Call,yes,14,1,2.18,0.0714,0.0,
Leads-Search-1,22767146837,Naturopath Near Me — Core,201177654927,817195852465,Enabled,Good,Headline,Text,,NDs With Doctorate Training,no,14,0,0.0,0.0,0.0,
Leads-Search-1,22767146837,Naturopath Near Me — Core,201177654927,817195852465,Enabled,Good,Headline,Text,,Two Hours on Your Story,no,14,0,0.0,0.0,0.0,
Leads-Search-1,22767146837,Naturopath Near Me — Core,201177654927,817195852465,Enabled,Good,Headline,Text,,"Clear Plans, No Guesswork",no,12,0,0.0,0.0,0.0,
Leads-Search-1,22767146837,Naturopath Near Me — Core,201177654927,812704381343,Enabled,Good,Headline,Text,Pending information,Lab-Driven Care Plans,yes,11,0,0.0,0.0,0.0,
Leads-Search-1,22767146837,Naturopath Near Me — Core,201177654927,817195852465,Enabled,Good,Headline,Text,,Free 10-Min Intro Call,yes,11,0,0.0,0.0,0.0,
Leads-Search-1,22767146837,Naturopath Near Me — Core,201177654927,817195852465,Enabled,Good,Headline,Text,Pending information,HSA/FSA Accepted,yes,11,0,0.0,0.0,0.0,
Leads-Search-1,22767146837,Naturopath Near Me — Core,201177654927,817195852465,Enabled,Good,Headline,Text,,"Natural Care, Real Science",no,10,0,0.0,0.0,0.0,
Leads-Search-1,22767146837,Naturopath Near Me — Core,201177654927,817195852465,Enabled,Good,Headline,Text,Pending information,Functional & Natural Care,yes,10,0,0.0,0.0,0.0,
Leads-Search-1,22767146837,Naturopath Near Me — Core,201177654927,817195852465,Enabled,Good,Headline,Text,,Root Cause Over Band-Aids,no,4,2,3.74,0.5,0.0,
Leads-Search-1,22767146837,Pediatrics,197488229277,812601520263,Enabled,Excellent,Description,Text,Pending information,"Naturopathic care for kids — nutrition, sleep, immunity, and gut health, without the rush.",yes,626,18,23.0651,0.0288,1.0,23.0651
Leads-Search-1,22767146837,Pediatrics,197488229277,817157827140,Enabled,Average,Description,Text,Pending information,"Gentle, evidence-informed natural care for kids — nutrition, sleep, immunity, gut health.",yes,394,13,26.0405,0.033,1.0,26.0405
Leads-Search-1,22767146837,Pediatrics,197488229277,812601520263,Enabled,Excellent,Description,Text,Pending information,Family-owned Hopkins clinic. Free 10-minute intro call to see if we're the right fit.,yes,189,17,25.2539,0.0899,2.0,12.627
Leads-Search-1,22767146837,Pediatrics,197488229277,817157827140,Enabled,Average,Description,Text,Pending information,From parents who get it: unhurried visits and practical plans for real families.,yes,121,11,29.7,0.0909,2.0,14.85
Leads-Search-1,22767146837,Pediatrics,197488229277,817157827140,Enabled,Average,Description,Text,Pending information,Tired of rushed pediatric visits? We take the time to hear your child's whole story.,yes,117,11,20.8305,0.094,3.0,6.9435
Leads-Search-1,22767146837,Pediatrics,197488229277,817157827140,Enabled,Average,Description,Text,Pending information,Free 10-minute intro call. In person in Hopkins or telehealth across MN & WI.,yes,64,3,7.79,0.0469,1.0,7.79
Leads-Search-1,22767146837,Pediatrics,197488229277,812601520263,Enabled,Excellent,Description,Text,Pending information,Unhurried pediatric visits with a doctor who listens to you and your child.,yes,58,3,4.055,0.0517,0.0,
Leads-Search-1,22767146837,Pediatrics,197488229277,812601520263,Enabled,Excellent,Description,Text,Pending information,"Evidence-informed natural care for children. HSA/FSA accepted, no membership.",yes,57,4,8.18,0.0702,1.0,8.18
Leads-Search-1,22767146837,Pediatrics,197488229277,817157617842,Removed,Pending,Description,Text,Pending information,Free 10-minute intro call. In person in Hopkins or telehealth across MN & WI.,yes,0,0,0.0,,0.0,
Leads-Search-1,22767146837,Pediatrics,197488229277,817157617842,Removed,Pending,Description,Text,Pending information,From parents who get it: unhurried visits and practical plans for real families.,yes,0,0,0.0,,0.0,
Leads-Search-1,22767146837,Pediatrics,197488229277,817157617842,Removed,Pending,Description,Text,Pending information,"Gentle, evidence-informed natural care for kids — nutrition, sleep, immunity, gut health.",yes,0,0,0.0,,0.0,
Leads-Search-1,22767146837,Pediatrics,197488229277,817157617842,Removed,Pending,Description,Text,Pending information,Tired of rushed pediatric visits? We take the time to hear your child's whole story.,yes,0,0,0.0,,0.0,
Leads-Search-1,22767146837,Pediatrics,197488229277,817157827140,Enabled,Average,Headline,Text,Pending information,"Family-Owned, Hopkins MN",yes,395,19,43.1605,0.0481,4.0,10.7901
Leads-Search-1,22767146837,Pediatrics,197488229277,812601520263,Enabled,Excellent,Headline,Text,,"Hopkins, MN Clinic",no,307,9,8.62,0.0293,1.0,8.62
Leads-Search-1,22767146837,Pediatrics,197488229277,812601520263,Enabled,Excellent,Headline,Text,Pending information,Holistic Pediatric Care,yes,228,18,27.75,0.0789,3.0,9.25
Leads-Search-1,22767146837,Pediatrics,197488229277,817157827140,Enabled,Average,Headline,Text,Pending information,Holistic Pediatric Care,yes,197,18,40.7705,0.0914,4.0,10.1926
Leads-Search-1,22767146837,Pediatrics,197488229277,812601520263,Enabled,Excellent,Headline,Text,Pending information,"Family-Owned, Hopkins MN",yes,163,2,2.5889,0.0123,0.0,
Leads-Search-1,22767146837,Pediatrics,197488229277,812601520263,Enabled,Excellent,Headline,Text,Pending information,Pediatric Naturopath,yes,150,16,27.325,0.1067,2.0,13.6625
Leads-Search-1,22767146837,Pediatrics,197488229277,817157827140,Enabled,Average,Headline,Text,Pending information,"We're Parents, Too",yes,95,5,13.49,0.0526,1.0,13.49
Leads-Search-1,22767146837,Pediatrics,197488229277,812601520263,Enabled,Excellent,Headline,Text,Pending information,"Holistic Pediatrician, MN",yes,90,5,8.0689,0.0556,0.0,
Leads-Search-1,22767146837,Pediatrics,197488229277,817157827140,Enabled,Average,Headline,Text,Pending information,A Gentler Path for Your Kid,yes,74,6,14.4,0.0811,0.0,
Leads-Search-1,22767146837,Pediatrics,197488229277,812601520263,Enabled,Excellent,Headline,Text,Pending information,"No Membership, No Monthly Fee",yes,71,9,16.575,0.1268,1.0,16.575
Leads-Search-1,22767146837,Pediatrics,197488229277,817157827140,Enabled,Average,Headline,Text,Pending information,Naturopathic Care for Kids,yes,48,3,8.5105,0.0625,0.0,
Leads-Search-1,22767146837,Pediatrics,197488229277,817157827140,Enabled,Average,Headline,Text,Pending information,Same-Week Appointments,yes,48,0,0.0,0.0,0.0,
Leads-Search-1,22767146837,Pediatrics,197488229277,812601520263,Enabled,Excellent,Headline,Text,Pending information,"Kids' Gut, Sleep & Immunity",yes,40,8,13.44,0.2,2.0,6.72
Leads-Search-1,22767146837,Pediatrics,197488229277,817157827140,Enabled,Average,Headline,Text,Pending information,Parents Get Real Answers,yes,40,0,0.0,0.0,0.0,
Leads-Search-1,22767146837,Pediatrics,197488229277,812601520263,Enabled,Excellent,Headline,Text,,A Doctor Who Listens to Kids,no,39,0,0.0,0.0,0.0,
Leads-Search-1,22767146837,Pediatrics,197488229277,812601520263,Enabled,Excellent,Headline,Text,,MN & WI Telehealth,yes,39,1,1.08,0.0256,0.0,
Leads-Search-1,22767146837,Pediatrics,197488229277,812601520263,Enabled,Excellent,Headline,Text,Pending information,Naturopathic Pediatrician,yes,35,2,4.03,0.0571,0.0,
Leads-Search-1,22767146837,Pediatrics,197488229277,812601520263,Enabled,Excellent,Headline,Text,Pending information,A Gentler Path for Your Kid,yes,33,1,1.7762,0.0303,0.0,
Leads-Search-1,22767146837,Pediatrics,197488229277,812601520263,Enabled,Excellent,Headline,Text,,Natural Care for Kids,no,31,1,1.83,0.0323,0.0,
Leads-Search-1,22767146837,Pediatrics,197488229277,812601520263,Enabled,Excellent,Headline,Text,Pending information,Functional Pediatric Care,yes,31,0,0.0,0.0,0.0,
Leads-Search-1,22767146837,Pediatrics,197488229277,812601520263,Enabled,Excellent,Headline,Text,Pending information,Husband-Wife ND Team,yes,31,1,0.86,0.0323,0.0,
Leads-Search-1,22767146837,Pediatrics,197488229277,817157827140,Enabled,Average,Headline,Text,Pending information,Beyond the 10-Minute Visit,yes,31,1,1.88,0.0323,0.0,
Leads-Search-1,22767146837,Pediatrics,197488229277,812601520263,Enabled,Excellent,Headline,Text,Pending information,HSA/FSA Accepted,yes,28,1,0.65,0.0357,0.0,
Leads-Search-1,22767146837,Pediatrics,197488229277,817157827140,Enabled,Average,Headline,Text,Pending information,"Kids' Sleep, Gut & Immunity",yes,27,1,2.39,0.037,0.0,
Leads-Search-1,22767146837,Pediatrics,197488229277,812601520263,Enabled,Excellent,Headline,Text,Pending information,Kids' Allergies & Asthma,yes,26,0,0.0,0.0,0.0,
Leads-Search-1,22767146837,Pediatrics,197488229277,817157827140,Enabled,Average,Headline,Text,Pending information,Evidence-Informed & Gentle,yes,23,0,0.0,0.0,0.0,
Leads-Search-1,22767146837,Pediatrics,197488229277,812601520263,Enabled,Excellent,Headline,Text,,Same-Week Appointments,yes,22,0,0.0,0.0,0.0,
Leads-Search-1,22767146837,Pediatrics,197488229277,817157827140,Enabled,Average,Headline,Text,Pending information,Free 10-Min Intro Call,yes,21,0,0.0,0.0,0.0,
Leads-Search-1,22767146837,Pediatrics,197488229277,812601520263,Enabled,Excellent,Headline,Text,,"Gentle, Evidence-Informed",no,16,0,0.0,0.0,0.0,
Leads-Search-1,22767146837,Pediatrics,197488229277,812601520263,Enabled,Excellent,Headline,Text,Pending information,"We're Parents, Too",yes,14,1,1.7762,0.0714,0.0,
Leads-Search-1,22767146837,Pediatrics,197488229277,812601520263,Enabled,Excellent,Headline,Text,,Family Care Since 2018,no,13,0,0.0,0.0,0.0,
Leads-Search-1,22767146837,Pediatrics,197488229277,817157827140,Enabled,Average,Headline,Text,Pending information,Time to Actually Listen,yes,13,1,0.87,0.0769,0.0,
Leads-Search-1,22767146837,Pediatrics,197488229277,812601520263,Enabled,Excellent,Headline,Text,Pending information,"Food Allergy Testing, Kids",yes,12,1,2.34,0.0833,0.0,
Leads-Search-1,22767146837,Pediatrics,197488229277,812601520263,Enabled,Excellent,Headline,Text,,Free 10-Min Intro Call,yes,11,0,0.0,0.0,0.0,
Leads-Search-1,22767146837,Pediatrics,197488229277,812601520263,Enabled,Excellent,Headline,Text,Pending information,Pediatric Naturopath Near You,yes,5,1,1.96,0.2,0.0,
Leads-Search-1,22767146837,Pediatrics,197488229277,812601520263,Enabled,Excellent,Headline,Text,,We're Parents Too,no,0,0,0.0,,0.0,
Leads-Search-1,22767146837,Pediatrics,197488229277,817157617842,Removed,Pending,Headline,Text,Pending information,A Gentler Path for Your Kid,yes,0,0,0.0,,0.0,
Leads-Search-1,22767146837,Pediatrics,197488229277,817157617842,Removed,Pending,Headline,Text,Pending information,Beyond the 10-Minute Visit,yes,0,0,0.0,,0.0,
Leads-Search-1,22767146837,Pediatrics,197488229277,817157617842,Removed,Pending,Headline,Text,Pending information,Evidence-Informed & Gentle,yes,0,0,0.0,,0.0,
Leads-Search-1,22767146837,Pediatrics,197488229277,817157617842,Removed,Pending,Headline,Text,Pending information,"Family-Owned, Hopkins MN",yes,0,0,0.0,,0.0,
Leads-Search-1,22767146837,Pediatrics,197488229277,817157617842,Removed,Pending,Headline,Text,Pending information,Free 10-Min Intro Call,yes,0,0,0.0,,0.0,
Leads-Search-1,22767146837,Pediatrics,197488229277,817157617842,Removed,Pending,Headline,Text,Pending information,Holistic Pediatric Care,yes,0,0,0.0,,0.0,
Leads-Search-1,22767146837,Pediatrics,197488229277,817157617842,Removed,Pending,Headline,Text,Pending information,"Kids' Sleep, Gut & Immunity",yes,0,0,0.0,,0.0,
Leads-Search-1,22767146837,Pediatrics,197488229277,817157617842,Removed,Pending,Headline,Text,Pending information,Naturopathic Care for Kids,yes,0,0,0.0,,0.0,
Leads-Search-1,22767146837,Pediatrics,197488229277,817157617842,Removed,Pending,Headline,Text,Pending information,Parents Get Real Answers,yes,0,0,0.0,,0.0,
Leads-Search-1,22767146837,Pediatrics,197488229277,817157617842,Removed,Pending,Headline,Text,Pending information,Same-Week Appointments,yes,0,0,0.0,,0.0,
Leads-Search-1,22767146837,Pediatrics,197488229277,817157617842,Removed,Pending,Headline,Text,Pending information,Time to Actually Listen,yes,0,0,0.0,,0.0,
Leads-Search-1,22767146837,Pediatrics,197488229277,817157617842,Removed,Pending,Headline,Text,Pending information,"We're Parents, Too",yes,0,0,0.0,,0.0,
Leads-Search-1,22767146837,Women's Health & Hormones,192679099330,812704389533,Enabled,Average,Description,Text,Pending information,"Functional lab testing for hormones & thyroid, explained clearly, with a written plan.",yes,2373,114,259.1351,0.048,12.0,21.5946
Leads-Search-1,22767146837,Women's Health & Hormones,192679099330,812704389533,Enabled,Average,Description,Text,Pending information,"Hormones, cycles, energy, and sleep — unhurried, root-cause women's health care.",yes,734,35,91.7669,0.0477,3.51,26.1444
Leads-Search-1,22767146837,Women's Health & Hormones,192679099330,812704389533,Enabled,Average,Description,Text,Pending information,"Family-owned clinic in Hopkins. HSA/FSA accepted. No membership, no monthly fee.",yes,672,71,194.8934,0.1057,7.01,27.8022
Leads-Search-1,22767146837,Women's Health & Hormones,192679099330,817264858229,Paused,Poor,Description,Text,Pending information,"Root-cause support for hormones, thyroid, cycles, and energy — with a clear written plan.",yes,448,22,61.9308,0.0491,2.98,20.7821
Leads-Search-1,22767146837,Women's Health & Hormones,192679099330,812704389533,Enabled,Average,Description,Text,Pending information,"Care from a doctor who listens. Free 10-minute intro call, in person or telehealth.",yes,228,25,34.6051,0.1096,3.0,11.535
Leads-Search-1,22767146837,Women's Health & Hormones,192679099330,817264858229,Paused,Poor,Description,Text,Pending information,"Feel dismissed by ""your labs look fine""? We test deeper and explain what's going on.",yes,216,9,31.6436,0.0417,0.0,
Leads-Search-1,22767146837,Women's Health & Hormones,192679099330,817264858229,Paused,Poor,Description,Text,Pending information,Hormone & thyroid testing beyond the basics. Hopkins clinic or MN & WI telehealth.,yes,206,17,57.0866,0.0825,1.0,57.0866
Leads-Search-1,22767146837,Women's Health & Hormones,192679099330,817264858229,Paused,Poor,Description,Text,Pending information,"Unhurried visits with Dr. Haley Panka, ND. Free 10-minute intro call to see if we fit.",yes,53,2,3.48,0.0377,0.0,
Leads-Search-1,22767146837,Women's Health & Hormones,192679099330,812704389533,Enabled,Average,Headline,Text,Pending information,"Dr. Haley Panka, ND",yes,1061,70,196.6167,0.066,7.01,28.048
Leads-Search-1,22767146837,Women's Health & Hormones,192679099330,812704389533,Enabled,Average,Headline,Text,Pending information,Perimenopause & Menopause,yes,815,43,118.3787,0.0528,7.51,15.7628
Leads-Search-1,22767146837,Women's Health & Hormones,192679099330,812704389533,Enabled,Average,Headline,Text,,Women's Health Naturopath,yes,701,45,94.7638,0.0642,7.5,12.6352
Leads-Search-1,22767146837,Women's Health & Hormones,192679099330,812704389533,Enabled,Average,Headline,Text,Pending information,Hormone Specialist for Women,yes,462,14,38.0547,0.0303,1.0,38.0547
Leads-Search-1,22767146837,Women's Health & Hormones,192679099330,812704389533,Enabled,Average,Headline,Text,Pending information,Cycle & Hormone Testing,yes,395,33,80.527,0.0835,7.0,11.5039
Leads-Search-1,22767146837,Women's Health & Hormones,192679099330,812704389533,Enabled,Average,Headline,Text,Pending information,PCOS & Endometriosis Care,yes,355,14,34.63,0.0394,0.0,
Leads-Search-1,22767146837,Women's Health & Hormones,192679099330,812704389533,Enabled,Average,Headline,Text,Pending information,"No Membership, No Monthly Fee",yes,326,21,55.76,0.0644,2.0,27.88
Leads-Search-1,22767146837,Women's Health & Hormones,192679099330,817264858229,Paused,Poor,Headline,Text,Pending information,"Dr. Haley Panka, ND",yes,323,18,57.373,0.0557,1.98,28.9763
Leads-Search-1,22767146837,Women's Health & Hormones,192679099330,817264858229,Paused,Poor,Headline,Text,Pending information,Women's Hormone Testing,yes,271,20,62.2772,0.0738,1.98,31.4531
Leads-Search-1,22767146837,Women's Health & Hormones,192679099330,812704389533,Enabled,Average,Headline,Text,Pending information,MN & WI Telehealth,yes,238,8,14.5039,0.0336,1.0,14.5039
Leads-Search-1,22767146837,Women's Health & Hormones,192679099330,812704389533,Enabled,Average,Headline,Text,Pending information,Thyroid & Adrenal Support,yes,221,13,30.5177,0.0588,1.0,30.5177
Leads-Search-1,22767146837,Women's Health & Hormones,192679099330,817264858229,Paused,Poor,Headline,Text,Pending information,Hormones Out of Balance?,yes,211,12,30.08,0.0569,0.0,
Leads-Search-1,22767146837,Women's Health & Hormones,192679099330,812704389533,Enabled,Average,Headline,Text,Pending information,Two-Hour First Visits,yes,156,13,23.0413,0.0833,3.5,6.5832
Leads-Search-1,22767146837,Women's Health & Hormones,192679099330,817264858229,Paused,Poor,Headline,Text,Pending information,"Perimenopause, Explained",yes,128,4,11.35,0.0312,0.0,
Leads-Search-1,22767146837,Women's Health & Hormones,192679099330,812704389533,Enabled,Average,Headline,Text,Pending information,Same-Week Appointments,yes,110,15,34.1637,0.1364,2.0,17.0818
Leads-Search-1,22767146837,Women's Health & Hormones,192679099330,817264858229,Paused,Poor,Headline,Text,Pending information,PCOS & Cycle Support,yes,109,9,24.77,0.0826,1.0,24.77
Leads-Search-1,22767146837,Women's Health & Hormones,192679099330,812704389533,Enabled,Average,Headline,Text,Pending information,DUTCH Hormone Testing,yes,103,9,18.2727,0.0874,0.0,
Leads-Search-1,22767146837,Women's Health & Hormones,192679099330,812704389533,Enabled,Average,Headline,Text,Pending information,Evidence-Informed Care,yes,95,24,34.8359,0.2526,3.0,11.612
Leads-Search-1,22767146837,Women's Health & Hormones,192679099330,812704389533,Enabled,Average,Headline,Text,Pending information,Hormone Balance Support,yes,67,6,7.4399,0.0896,1.0,7.4399
Leads-Search-1,22767146837,Women's Health & Hormones,192679099330,817264858229,Paused,Poor,Headline,Text,Pending information,Told Your Labs Are Normal?,yes,67,1,2.8836,0.0149,0.0,
Leads-Search-1,22767146837,Women's Health & Hormones,192679099330,817264858229,Paused,Poor,Headline,Text,Pending information,"Thyroid Answers, Finally",yes,50,1,2.91,0.02,0.0,
Leads-Search-1,22767146837,Women's Health & Hormones,192679099330,812704389533,Enabled,Average,Headline,Text,,Natural Fertility Support,no,46,4,9.49,0.087,0.0,
Leads-Search-1,22767146837,Women's Health & Hormones,192679099330,817264858229,Paused,Poor,Headline,Text,Pending information,"Still Tired, Foggy, Off?",yes,44,3,8.6772,0.0682,0.0,
Leads-Search-1,22767146837,Women's Health & Hormones,192679099330,817264858229,Paused,Poor,Headline,Text,Pending information,We Dig Deeper Into Labs,yes,37,1,2.8836,0.027,0.0,
Leads-Search-1,22767146837,Women's Health & Hormones,192679099330,817264858229,Paused,Poor,Headline,Text,Pending information,A Plan Made for Your Body,yes,22,2,7.4242,0.0909,1.0,7.4242
Leads-Search-1,22767146837,Women's Health & Hormones,192679099330,817264858229,Paused,Poor,Headline,Text,Pending information,Free 10-Min Intro Call,yes,21,0,0.0,0.0,0.0,
Leads-Search-1,22767146837,Women's Health & Hormones,192679099330,812704389533,Enabled,Average,Headline,Text,,Free 10-Min Intro Call,yes,19,1,1.18,0.0526,0.0,
Leads-Search-1,22767146837,Women's Health & Hormones,192679099330,817264858229,Paused,Poor,Headline,Text,Pending information,Unhurried Two-Hour Visits,yes,17,0,0.0,0.0,0.0,
Leads-Search-1,22767146837,Women's Health & Hormones,192679099330,812704389533,Enabled,Average,Headline,Text,,A Doctor Who Listens,yes,11,1,3.5574,0.0909,0.0,
Leads-Search-1,22767146837,Women's Health & Hormones,192679099330,812704389533,Enabled,Average,Headline,Text,,Lab-Driven Care Plans,yes,7,2,1.56,0.2857,0.0,
Leads-Search-1,22767146837,Women's Health & Hormones,192679099330,812704389533,Enabled,Average,Headline,Text,,HSA/FSA Accepted,yes,0,0,0.0,,0.0,
Leads-Search-1,22767146837,Women's Health & Hormones,192679099330,812704389533,Enabled,Average,Headline,Text,Pending information,Fertility Naturopath,yes,0,0,0.0,,0.0,
Leads-Search-1,22767146837,Women's Health & Hormones,192679099330,812704389533,Enabled,Average,Headline,Text,Pending information,Holistic PCOS Doctor,yes,0,0,0.0,,0.0,
PNHdefense-Website traffic-Search-2,23888858069,Ad group 1,196283052145,810768274448,Removed,Average,Description,Text,Pending information,"The official Panka Natural Health — a family-owned, root-cause clinic in Hopkins, MN",yes,322,57,154.6963,0.177,26.21,5.9022
PNHdefense-Website traffic-Search-2,23888858069,Ad group 1,196283052145,810768274448,Removed,Average,Description,Text,Pending information,Looking for Panka Natural Health? You're in the right place. Book online today.,yes,98,21,54.1205,0.2143,9.0,6.0134
PNHdefense-Website traffic-Search-2,23888858069,Ad group 1,196283052145,810768274448,Removed,Average,Description,Text,Pending information,Not sure yet? Book a free 10-minute intro call with Dr. Haley or Dr. Jacob.,yes,83,18,52.0,0.2169,11.0,4.7273
PNHdefense-Website traffic-Search-2,23888858069,Ad group 1,196283052145,810768274448,Removed,Average,Description,Text,Pending information,Care from doctors who truly listen. Root-cause naturopathic medicine since 2018.,yes,77,26,78.5665,0.3377,16.0,4.9104
PNHdefense-Website traffic-Search-2,23888858069,Ad group 1,196283052145,817156208814,Enabled,Excellent,Description,Text,Pending information,"The official Panka Natural Health — a family-owned, root-cause clinic in Hopkins, MN",yes,19,6,1.67,0.3158,0.0,
PNHdefense-Website traffic-Search-2,23888858069,Ad group 1,196283052145,817156208814,Enabled,Excellent,Description,Text,Pending information,Creating health with science and nature — in person in Hopkins or virtual across MN & WI.,yes,15,5,2.15,0.3333,0.0,
PNHdefense-Website traffic-Search-2,23888858069,Ad group 1,196283052145,817156208814,Enabled,Excellent,Description,Text,Pending information,Looking for Panka Natural Health? You're in the right place. Book online today.,yes,3,1,0.35,0.3333,0.0,
PNHdefense-Website traffic-Search-2,23888858069,Ad group 1,196283052145,817156208814,Enabled,Excellent,Description,Text,Pending information,Not sure yet? Book a free 10-minute intro call with Dr. Haley or Dr. Jacob.,yes,2,0,0.0,0.0,0.0,
PNHdefense-Website traffic-Search-2,23888858069,Ad group 1,196283052145,810768274448,Removed,Average,Headline,Text,,Panka Natural Health,no,269,38,120.2463,0.1413,21.0,5.726
PNHdefense-Website traffic-Search-2,23888858069,Ad group 1,196283052145,810768274448,Removed,Average,Headline,Text,Pending information,"Hopkins, MN Naturopathic Care",yes,124,16,35.91,0.129,5.21,6.8925
PNHdefense-Website traffic-Search-2,23888858069,Ad group 1,196283052145,810768274448,Removed,Average,Headline,Text,Pending information,Dr. Jacob & Dr. Haley Panka,yes,109,24,64.3461,0.2202,10.0,6.4346
PNHdefense-Website traffic-Search-2,23888858069,Ad group 1,196283052145,810768274448,Removed,Average,Headline,Text,Pending information,Family-Owned Clinic in Hopkins,yes,96,21,66.5641,0.2188,16.0,4.1603
PNHdefense-Website traffic-Search-2,23888858069,Ad group 1,196283052145,810768274448,Removed,Average,Headline,Text,Pending information,"Naturopaths in Hopkins, MN",yes,82,21,59.4332,0.2561,4.0,14.8583
PNHdefense-Website traffic-Search-2,23888858069,Ad group 1,196283052145,810768274448,Removed,Average,Headline,Text,Pending information,Schedule Your First Visit,yes,76,24,67.3705,0.3158,12.0,5.6142
PNHdefense-Website traffic-Search-2,23888858069,Ad group 1,196283052145,810768274448,Removed,Average,Headline,Text,Pending information,{KeyWord:Panka Natural Health},yes,62,19,34.45,0.3065,5.21,6.6123
PNHdefense-Website traffic-Search-2,23888858069,Ad group 1,196283052145,810768274448,Removed,Average,Headline,Text,Pending information,Root-Cause Naturopathic Care,yes,60,7,20.13,0.1167,2.0,10.065
PNHdefense-Website traffic-Search-2,23888858069,Ad group 1,196283052145,817156208814,Enabled,Excellent,Headline,Text,Pending information,{KeyWord:Panka Natural Health},yes,18,8,2.2,0.4444,0.0,
PNHdefense-Website traffic-Search-2,23888858069,Ad group 1,196283052145,810768274448,Removed,Average,Headline,Text,Pending information,Women's Health Naturopath,yes,14,6,16.13,0.4286,2.0,8.065
PNHdefense-Website traffic-Search-2,23888858069,Ad group 1,196283052145,817156208814,Enabled,Excellent,Headline,Text,Pending information,"Hopkins, MN Naturopathic Care",yes,14,7,1.85,0.5,0.0,
PNHdefense-Website traffic-Search-2,23888858069,Ad group 1,196283052145,810768274448,Removed,Average,Headline,Text,Pending information,Hormone & Metabolic Labs,yes,12,3,9.75,0.25,1.0,9.75
PNHdefense-Website traffic-Search-2,23888858069,Ad group 1,196283052145,810768274448,Removed,Average,Headline,Text,Pending information,Book a Free Intro Call,yes,11,3,4.3216,0.2727,0.0,
PNHdefense-Website traffic-Search-2,23888858069,Ad group 1,196283052145,817156208814,Enabled,Excellent,Headline,Text,Pending information,Dr. Jacob & Dr. Haley Panka,yes,9,1,0.11,0.1111,0.0,
PNHdefense-Website traffic-Search-2,23888858069,Ad group 1,196283052145,810768274448,Removed,Average,Headline,Text,Pending information,Care from a Doctor Who Listens,yes,8,1,1.38,0.125,3.0,0.46
PNHdefense-Website traffic-Search-2,23888858069,Ad group 1,196283052145,817156208814,Enabled,Excellent,Headline,Text,Pending information,"Naturopaths in Hopkins, MN",yes,7,2,1.51,0.2857,0.0,
PNHdefense-Website traffic-Search-2,23888858069,Ad group 1,196283052145,810768274448,Removed,Average,Headline,Text,Pending information,"Dr. Jacob Panka, ND",yes,6,2,4.87,0.3333,0.0,
PNHdefense-Website traffic-Search-2,23888858069,Ad group 1,196283052145,810768274448,Removed,Average,Headline,Text,,Official Panka Natural Health,no,5,0,0.0,0.0,0.0,
PNHdefense-Website traffic-Search-2,23888858069,Ad group 1,196283052145,817156208814,Enabled,Excellent,Headline,Text,Pending information,Family-Owned Clinic in Hopkins,yes,5,2,1.49,0.4,0.0,
PNHdefense-Website traffic-Search-2,23888858069,Ad group 1,196283052145,810768274448,Removed,Average,Headline,Text,,We Dig Deeper Than Others,no,4,0,0.0,0.0,0.0,
PNHdefense-Website traffic-Search-2,23888858069,Ad group 1,196283052145,810768274448,Removed,Average,Headline,Text,Pending information,Free 10-Minute Intro Call,yes,3,1,9.87,0.3333,0.0,
PNHdefense-Website traffic-Search-2,23888858069,Ad group 1,196283052145,817156208814,Enabled,Excellent,Headline,Text,Pending information,Hormone & Metabolic Labs,yes,3,3,0.89,1.0,0.0,
PNHdefense-Website traffic-Search-2,23888858069,Ad group 1,196283052145,817156208814,Enabled,Excellent,Headline,Text,Pending information,Root-Cause Naturopathic Care,yes,3,1,0.11,0.3333,0.0,
PNHdefense-Website traffic-Search-2,23888858069,Ad group 1,196283052145,817156208814,Enabled,Excellent,Headline,Text,Pending information,Schedule Your First Visit,yes,3,1,0.34,0.3333,0.0,
PNHdefense-Website traffic-Search-2,23888858069,Ad group 1,196283052145,810768274448,Removed,Average,Headline,Text,,The Real Panka Natural Health,no,2,0,0.0,0.0,0.0,
PNHdefense-Website traffic-Search-2,23888858069,Ad group 1,196283052145,810768274448,Removed,Average,Headline,Text,Pending information,Trusted Family Care Since 2018,yes,2,0,0.0,0.0,0.0,
PNHdefense-Website traffic-Search-2,23888858069,Ad group 1,196283052145,810768274448,Removed,Average,Headline,Text,Pending information,Men's Health Naturopath,yes,1,1,0.49,1.0,0.0,
PNHdefense-Website traffic-Search-2,23888858069,Ad group 1,196283052145,817156208814,Enabled,Excellent,Headline,Text,Pending information,Book a Free Intro Call,yes,1,0,0.0,0.0,0.0,
PNHdefense-Website traffic-Search-2,23888858069,Ad group 1,196283052145,810768274448,Removed,Average,Headline,Text,,"Talk to a Doctor First, Free",no,0,0,0.0,,0.0,
PNHdefense-Website traffic-Search-2,23888858069,Ad group 1,196283052145,817156208814,Enabled,Excellent,Headline,Text,Pending information,Care from a Doctor Who Listens,yes,0,0,0.0,,0.0,
PNHdefense-Website traffic-Search-2,23888858069,Ad group 1,196283052145,817156208814,Enabled,Excellent,Headline,Text,Pending information,"Dr. Jacob Panka, ND",yes,0,0,0.0,,0.0,
PNHdefense-Website traffic-Search-2,23888858069,Ad group 1,196283052145,817156208814,Enabled,Excellent,Headline,Text,Pending information,Free 10-Minute Intro Call,yes,0,0,0.0,,0.0,
PNHdefense-Website traffic-Search-2,23888858069,Ad group 1,196283052145,817156208814,Enabled,Excellent,Headline,Text,Pending information,In-Person & Virtual Visits,yes,0,0,0.0,,0.0,
PNHdefense-Website traffic-Search-2,23888858069,Ad group 1,196283052145,817156208814,Enabled,Excellent,Headline,Text,Pending information,Telehealth Across MN & WI,yes,0,0,0.0,,0.0,
PNHdefense-Website traffic-Search-2,23888858069,Ad group 1,196283052145,817156208814,Enabled,Excellent,Headline,Text,Pending information,Trusted Family Care Since 2018,yes,0,0,0.0,,0.0,
