DayofweekWithNum,Hour,Impressions,Clicks,Cost,Ctr,Conversions,CostPerConversion
1 Monday,00,1124,40,18.0411,0.035587,24.0,0.7517
1 Monday,01,581,26,20.2011,0.04475,7.0,2.8859
1 Monday,02,353,12,6.4253,0.033994,1.0,6.4253
1 Monday,03,214,15,5.0707,0.070093,1.0,5.0707
1 Monday,04,114,3,1.9287,0.026316,0.0,
1 Monday,05,127,6,6.3785,0.047244,1.0,6.3785
1 Monday,06,137,8,21.2951,0.058394,6.0,3.5492
1 Monday,07,230,9,12.8638,0.03913,2.0,6.4319
1 Monday,08,336,19,32.7706,0.056548,1.0,32.7706
1 Monday,09,397,19,53.7189,0.047859,23.0,2.3356
1 Monday,10,966,37,64.2742,0.038302,5.02,12.8036
1 Monday,11,1581,53,61.1749,0.033523,9.0,6.7972
1 Monday,12,1819,86,79.6344,0.047279,5.0,15.9269
1 Monday,13,2350,64,46.2107,0.027234,8.0,5.7763
1 Monday,14,938,43,74.2292,0.045842,9.0,8.2477
1 Monday,15,332,23,46.9714,0.069277,7.0,6.7102
1 Monday,16,249,9,12.154,0.036145,2.0,6.077
1 Monday,17,327,14,17.673,0.042813,3.0,5.891
1 Monday,18,145,7,13.337,0.048276,3.0,4.4457
1 Monday,19,129,2,4.3975,0.015504,2.0,2.1987
1 Monday,20,201,7,9.6442,0.034826,1.0,9.6442
1 Monday,21,401,19,12.7351,0.047382,8.0,1.5919
1 Monday,22,1251,36,8.7258,0.028777,32.0,0.2727
1 Monday,23,1663,51,7.8282,0.030667,52.0,0.1505
2 Tuesday,00,1921,78,20.6126,0.040604,56.0,0.3681
2 Tuesday,01,1605,67,20.1111,0.041745,35.0,0.5746
2 Tuesday,02,1089,46,8.7838,0.042241,26.0,0.3378
2 Tuesday,03,612,15,6.0052,0.02451,9.0,0.6672
2 Tuesday,04,753,34,9.4866,0.045153,10.51,0.9026
2 Tuesday,05,647,26,18.7986,0.040185,10.0,1.8799
2 Tuesday,06,719,26,25.7627,0.036161,10.51,2.4513
2 Tuesday,07,1018,50,58.6792,0.049116,8.0,7.3349
2 Tuesday,08,1314,69,50.8434,0.052511,22.98,2.2125
2 Tuesday,09,1233,51,64.1645,0.041363,5.0,12.8329
2 Tuesday,10,1835,99,86.7466,0.053951,19.02,4.5608
2 Tuesday,11,1619,72,50.4022,0.044472,21.0,2.4001
2 Tuesday,12,1590,61,44.9917,0.038365,13.02,3.4556
2 Tuesday,13,1612,56,32.3601,0.034739,13.98,2.3147
2 Tuesday,14,1363,57,45.3343,0.04182,7.0,6.4763
2 Tuesday,15,551,28,38.9448,0.050817,7.98,4.8803
2 Tuesday,16,229,11,28.56,0.048035,6.0,4.76
2 Tuesday,17,131,7,11.3406,0.053435,2.0,5.6703
2 Tuesday,18,119,10,19.1425,0.084034,1.0,19.1425
2 Tuesday,19,86,3,5.2198,0.034884,1.0,5.2198
2 Tuesday,20,137,13,32.105,0.094891,1.0,32.105
2 Tuesday,21,131,4,6.6328,0.030534,3.0,2.2109
2 Tuesday,22,117,6,17.6322,0.051282,6.0,2.9387
2 Tuesday,23,38,1,0.0931,0.026316,1.0,0.0931
3 Wednesday,00,1294,61,22.3243,0.047141,73.0,0.3058
3 Wednesday,01,997,27,9.2809,0.027081,22.0,0.4219
3 Wednesday,02,395,20,10.9296,0.050633,10.0,1.093
3 Wednesday,03,204,8,9.277,0.039216,2.0,4.6385
3 Wednesday,04,198,9,13.3582,0.045455,5.0,2.6716
3 Wednesday,05,201,8,12.7708,0.039801,1.0,12.7708
3 Wednesday,06,256,15,26.2512,0.058594,5.0,5.2502
3 Wednesday,07,412,27,49.6364,0.065534,5.0,9.9273
3 Wednesday,08,442,18,28.9176,0.040724,2.98,9.7039
3 Wednesday,09,608,22,42.4705,0.036184,4.0,10.6176
3 Wednesday,10,795,31,65.1625,0.038994,4.0,16.2906
3 Wednesday,11,505,23,51.0076,0.045545,6.0,8.5013
3 Wednesday,12,779,32,55.4406,0.041078,7.0,7.9201
3 Wednesday,13,875,24,24.0792,0.027429,9.02,2.6695
3 Wednesday,14,881,31,36.5145,0.035187,10.0,3.6514
3 Wednesday,15,703,22,39.4402,0.031294,7.0,5.6343
3 Wednesday,16,601,19,32.8021,0.031614,4.23,7.7546
3 Wednesday,17,373,13,21.1972,0.034853,4.0,5.2993
3 Wednesday,18,345,21,22.382,0.06087,2.0,11.191
3 Wednesday,19,455,11,12.3059,0.024176,7.0,1.758
3 Wednesday,20,474,28,17.4616,0.059072,16.0,1.0914
3 Wednesday,21,456,17,6.8747,0.037281,15.0,0.4583
3 Wednesday,22,583,33,11.3782,0.056604,30.0,0.3793
3 Wednesday,23,745,31,6.1376,0.041611,23.0,0.2669
4 Thursday,00,1116,37,6.874,0.033154,24.02,0.2862
4 Thursday,01,1064,38,6.9349,0.035714,17.0,0.4079
4 Thursday,02,476,10,3.1529,0.021008,4.0,0.7882
4 Thursday,03,363,7,5.2171,0.019284,0.0,
4 Thursday,04,266,5,2.1156,0.018797,3.0,0.7052
4 Thursday,05,312,13,12.2652,0.041667,2.0,6.1326
4 Thursday,06,331,16,21.0421,0.048338,3.0,7.014
4 Thursday,07,440,16,19.0904,0.036364,2.0,9.5452
4 Thursday,08,464,24,52.3848,0.051724,3.0,17.4616
4 Thursday,09,590,13,23.3976,0.022034,6.98,3.3521
4 Thursday,10,703,23,23.1996,0.032717,16.0,1.45
4 Thursday,11,517,20,24.7298,0.038685,5.98,4.1354
4 Thursday,12,550,19,30.3387,0.034545,5.0,6.0677
4 Thursday,13,569,24,31.9571,0.042179,5.0,6.3914
4 Thursday,14,531,15,18.936,0.028249,2.0,9.468
4 Thursday,15,577,20,33.6825,0.034662,2.0,16.8412
4 Thursday,16,526,26,34.2661,0.04943,9.0,3.8073
4 Thursday,17,269,15,20.5048,0.055762,1.98,10.356
4 Thursday,18,198,9,16.1605,0.045455,1.0,16.1605
4 Thursday,19,158,10,13.9019,0.063291,2.0,6.9509
4 Thursday,20,315,12,22.23,0.038095,0.0,
4 Thursday,21,394,12,9.2584,0.030457,4.04,2.2917
4 Thursday,22,599,17,10.1692,0.028381,5.0,2.0338
4 Thursday,23,373,13,10.2218,0.034853,1.98,5.1625
5 Friday,00,666,28,11.683,0.042042,8.98,1.301
5 Friday,01,492,15,26.3565,0.030488,6.0,4.3927
5 Friday,02,277,7,8.6232,0.025271,0.5,17.2464
5 Friday,03,203,13,10.2072,0.064039,9.0,1.1341
5 Friday,04,146,6,3.0855,0.041096,1.0,3.0855
5 Friday,05,112,5,3.9989,0.044643,0.0,
5 Friday,06,123,7,18.1849,0.056911,1.0,18.1849
5 Friday,07,220,10,25.3826,0.045455,2.0,12.6913
5 Friday,08,355,14,22.367,0.039437,6.0,3.7278
5 Friday,09,538,20,47.2403,0.037175,16.0,2.9525
5 Friday,10,653,32,37.4491,0.049005,10.0,3.7449
5 Friday,11,794,35,37.3194,0.044081,14.0,2.6657
5 Friday,12,762,33,42.9883,0.043307,11.0,3.908
5 Friday,13,1056,37,47.99,0.035038,26.0,1.8458
5 Friday,14,1126,41,41.2482,0.036412,21.0,1.9642
5 Friday,15,1127,35,36.8756,0.031056,23.0,1.6033
5 Friday,16,1157,39,15.0585,0.033708,26.0,0.5792
5 Friday,17,1258,47,17.1546,0.037361,23.0,0.7459
5 Friday,18,1188,66,33.6669,0.055556,36.27,0.9282
5 Friday,19,1211,50,24.3382,0.041288,45.0,0.5408
5 Friday,20,1145,59,16.2788,0.051528,37.0,0.44
5 Friday,21,1047,26,11.6544,0.024833,28.0,0.4162
5 Friday,22,2162,67,24.8417,0.03099,57.0,0.4358
5 Friday,23,4396,133,30.5137,0.030255,129.0,0.2365
6 Saturday,00,4860,165,53.7155,0.033951,113.0,0.4754
6 Saturday,01,3998,110,28.5785,0.027514,64.5,0.4431
6 Saturday,02,2769,75,22.8009,0.027086,20.0,1.14
6 Saturday,03,1857,62,17.9134,0.033387,22.0,0.8142
6 Saturday,04,1301,44,14.5014,0.03382,13.0,1.1155
6 Saturday,05,1465,40,14.6452,0.027304,6.0,2.4409
6 Saturday,06,1452,42,27.1486,0.028926,10.0,2.7149
6 Saturday,07,1417,46,34.4859,0.032463,14.0,2.4633
6 Saturday,08,1417,47,45.3894,0.033169,7.0,6.4842
6 Saturday,09,821,26,40.9999,0.031669,7.0,5.8571
6 Saturday,10,806,32,56.2824,0.039702,12.0,4.6902
6 Saturday,11,613,27,35.2248,0.044046,4.0,8.8062
6 Saturday,12,506,27,46.7497,0.05336,3.0,15.5832
6 Saturday,13,355,14,22.9882,0.039437,1.0,22.9882
6 Saturday,14,197,11,17.2828,0.055838,5.0,3.4566
6 Saturday,15,188,6,13.7195,0.031915,0.0,
6 Saturday,16,121,9,17.4297,0.07438,2.0,8.7149
6 Saturday,17,159,12,24.3646,0.075472,10.0,2.4365
6 Saturday,18,105,10,24.2544,0.095238,7.0,3.4649
6 Saturday,19,116,10,19.7029,0.086207,1.0,19.7029
6 Saturday,20,162,15,30.8582,0.092593,0.0,
6 Saturday,21,129,6,11.1739,0.046512,3.0,3.7246
6 Saturday,22,150,6,13.7263,0.04,1.0,13.7263
6 Saturday,23,32,5,9.5332,0.15625,0.0,
0 Sunday,00,798,38,17.2771,0.047619,44.0,0.3927
0 Sunday,01,628,31,14.6373,0.049363,33.73,0.434
0 Sunday,02,459,25,24.0213,0.054466,20.0,1.2011
0 Sunday,03,463,19,15.7616,0.041037,11.0,1.4329
0 Sunday,04,329,11,3.1605,0.033435,9.0,0.3512
0 Sunday,05,198,7,0.8828,0.035354,4.0,0.2207
0 Sunday,06,213,10,18.1812,0.046948,2.0,9.0906
0 Sunday,07,303,14,27.4642,0.046205,5.0,5.4928
0 Sunday,08,409,14,25.1618,0.03423,6.0,4.1936
0 Sunday,09,682,22,27.9257,0.032258,15.03,1.858
0 Sunday,10,971,37,64.5657,0.038105,17.0,3.798
0 Sunday,11,1432,48,19.3165,0.03352,23.0,0.8398
0 Sunday,12,1515,91,57.4261,0.060066,23.98,2.3947
0 Sunday,13,1051,48,41.1095,0.045671,25.0,1.6444
0 Sunday,14,870,34,47.8733,0.03908,17.0,2.8161
0 Sunday,15,747,28,28.1246,0.037483,14.0,2.0089
0 Sunday,16,625,29,32.1723,0.0464,16.0,2.0108
0 Sunday,17,511,24,11.9284,0.046967,14.0,0.852
0 Sunday,18,468,28,28.1633,0.059829,15.0,1.8776
0 Sunday,19,496,24,27.0871,0.048387,22.0,1.2312
0 Sunday,20,564,24,36.0068,0.042553,15.0,2.4005
0 Sunday,21,648,25,20.8391,0.03858,25.0,0.8336
0 Sunday,22,1062,50,30.7518,0.047081,42.0,0.7322
0 Sunday,23,392,19,6.646,0.048469,14.0,0.4747
