Campaignname,CampaignID,Level,Adgroupname,NegativeKeyword,MatchType
Leads-Search-1,22767146837,campaign,,practice management,PHRASE
Leads-Search-1,22767146837,campaign,,animals,PHRASE
Leads-Search-1,22767146837,campaign,,animal,PHRASE
Leads-Search-1,22767146837,campaign,,do it yourself,PHRASE
Leads-Search-1,22767146837,campaign,,family practice,PHRASE
Leads-Search-1,22767146837,campaign,,contraception,PHRASE
Leads-Search-1,22767146837,campaign,,contraceptive,PHRASE
Leads-Search-1,22767146837,campaign,,prostate cancer,PHRASE
Leads-Search-1,22767146837,campaign,,software,PHRASE
Leads-Search-1,22767146837,campaign,,free report,PHRASE
Leads-Search-1,22767146837,campaign,,energy healing,PHRASE
Leads-Search-1,22767146837,campaign,,clinica,PHRASE
Leads-Search-1,22767146837,campaign,,ginecologo,PHRASE
Leads-Search-1,22767146837,campaign,,chinese,PHRASE
Leads-Search-1,22767146837,campaign,,penis,PHRASE
Leads-Search-1,22767146837,campaign,,the pill,PHRASE
Leads-Search-1,22767146837,campaign,,reiki,PHRASE
Leads-Search-1,22767146837,campaign,,chakra,PHRASE
Leads-Search-1,22767146837,campaign,,ayurveda,PHRASE
Leads-Search-1,22767146837,campaign,,supplement,PHRASE
Leads-Search-1,22767146837,campaign,,insurance,PHRASE
Leads-Search-1,22767146837,campaign,,puppy,PHRASE
Leads-Search-1,22767146837,campaign,,life coach,PHRASE
Leads-Search-1,22767146837,campaign,,holistic,EXACT
Leads-Search-1,22767146837,campaign,,how to,PHRASE
Leads-Search-1,22767146837,campaign,,ed,PHRASE
Leads-Search-1,22767146837,campaign,,for sale,PHRASE
Leads-Search-1,22767146837,campaign,,accredited,BROAD
Leads-Search-1,22767146837,campaign,,what is,PHRASE
Leads-Search-1,22767146837,campaign,,new york,PHRASE
Leads-Search-1,22767146837,campaign,,resume,PHRASE
Leads-Search-1,22767146837,campaign,,college,PHRASE
Leads-Search-1,22767146837,campaign,,hormone replacement,PHRASE
Leads-Search-1,22767146837,campaign,,cats,PHRASE
Leads-Search-1,22767146837,campaign,,equine,PHRASE
Leads-Search-1,22767146837,campaign,,curriculum,PHRASE
Leads-Search-1,22767146837,campaign,,relief,PHRASE
Leads-Search-1,22767146837,campaign,,stories,PHRASE
Leads-Search-1,22767146837,campaign,,hard on,PHRASE
Leads-Search-1,22767146837,campaign,,public health,PHRASE
Leads-Search-1,22767146837,campaign,,training,PHRASE
Leads-Search-1,22767146837,campaign,,spa,PHRASE
Leads-Search-1,22767146837,campaign,,wholesale,PHRASE
Leads-Search-1,22767146837,campaign,,discount,PHRASE
Leads-Search-1,22767146837,campaign,,fake,PHRASE
Leads-Search-1,22767146837,campaign,,buffalo,PHRASE
Leads-Search-1,22767146837,campaign,,horse,PHRASE
Leads-Search-1,22767146837,campaign,,horses,PHRASE
Leads-Search-1,22767146837,campaign,,low cost,PHRASE
Leads-Search-1,22767146837,campaign,,distributor,PHRASE
Leads-Search-1,22767146837,campaign,,estrogen replacement,PHRASE
Leads-Search-1,22767146837,campaign,,vitamin shoppe,PHRASE
Leads-Search-1,22767146837,campaign,,promo code,PHRASE
Leads-Search-1,22767146837,campaign,,walmart,PHRASE
Leads-Search-1,22767146837,campaign,,medication,PHRASE
Leads-Search-1,22767146837,campaign,,medications,PHRASE
Leads-Search-1,22767146837,campaign,,over the counter,PHRASE
Leads-Search-1,22767146837,campaign,,crystal,PHRASE
Leads-Search-1,22767146837,campaign,,ebay,PHRASE
Leads-Search-1,22767146837,campaign,,scam,PHRASE
Leads-Search-1,22767146837,campaign,,coupons,PHRASE
Leads-Search-1,22767146837,campaign,,coupon,PHRASE
Leads-Search-1,22767146837,campaign,,pennis,PHRASE
Leads-Search-1,22767146837,campaign,,india,PHRASE
Leads-Search-1,22767146837,campaign,,university,PHRASE
Leads-Search-1,22767146837,campaign,,download,PHRASE
Leads-Search-1,22767146837,campaign,,canada,PHRASE
Leads-Search-1,22767146837,campaign,,texas,PHRASE
Leads-Search-1,22767146837,campaign,,career,PHRASE
Leads-Search-1,22767146837,campaign,,job,PHRASE
Leads-Search-1,22767146837,campaign,,careers,PHRASE
Leads-Search-1,22767146837,campaign,,jobs,PHRASE
Leads-Search-1,22767146837,campaign,,chiropractic,PHRASE
Leads-Search-1,22767146837,campaign,,chiropractor,PHRASE
Leads-Search-1,22767146837,campaign,,aids,PHRASE
Leads-Search-1,22767146837,campaign,,drugs,PHRASE
Leads-Search-1,22767146837,campaign,,infusion,PHRASE
Leads-Search-1,22767146837,campaign,,hospital,PHRASE
Leads-Search-1,22767146837,campaign,,pets,PHRASE
Leads-Search-1,22767146837,campaign,,dentist,PHRASE
Leads-Search-1,22767146837,campaign,,dentists,PHRASE
Leads-Search-1,22767146837,campaign,,vitamins,PHRASE
Leads-Search-1,22767146837,campaign,,cheap,PHRASE
Leads-Search-1,22767146837,campaign,,pet,PHRASE
Leads-Search-1,22767146837,campaign,,health coach,PHRASE
Leads-Search-1,22767146837,campaign,,free sample,PHRASE
Leads-Search-1,22767146837,campaign,,supplements,PHRASE
Leads-Search-1,22767146837,campaign,,pills,PHRASE
Leads-Search-1,22767146837,campaign,,tarot,PHRASE
Leads-Search-1,22767146837,campaign,,crystals,PHRASE
Leads-Search-1,22767146837,campaign,,woodwinds,PHRASE
Leads-Search-1,22767146837,campaign,,advice,PHRASE
Leads-Search-1,22767146837,campaign,,cat,PHRASE
Leads-Search-1,22767146837,campaign,,kitten,PHRASE
Leads-Search-1,22767146837,campaign,,dog,PHRASE
Leads-Search-1,22767146837,campaign,,nurse,PHRASE
Leads-Search-1,22767146837,campaign,,colon hydrotherapy,PHRASE
Leads-Search-1,22767146837,campaign,,colon cleanse,PHRASE
Leads-Search-1,22767146837,campaign,,nurse practitioner,PHRASE
Leads-Search-1,22767146837,campaign,,dogs,PHRASE
Leads-Search-1,22767146837,campaign,,charity,PHRASE
Leads-Search-1,22767146837,campaign,,dentistry,PHRASE
Leads-Search-1,22767146837,campaign,,botox,PHRASE
Leads-Search-1,22767146837,campaign,,cure,PHRASE
Leads-Search-1,22767146837,campaign,,veterinary,PHRASE
Leads-Search-1,22767146837,campaign,,veterinarians,PHRASE
Leads-Search-1,22767146837,campaign,,veterinarian,PHRASE
Leads-Search-1,22767146837,campaign,,massage,PHRASE
Leads-Search-1,22767146837,campaign,,discounts,PHRASE
Leads-Search-1,22767146837,campaign,,school,PHRASE
Leads-Search-1,22767146837,campaign,,psychic,PHRASE
Leads-Search-1,22767146837,campaign,,financial assistance,PHRASE
Leads-Search-1,22767146837,campaign,,program,PHRASE
Leads-Search-1,22767146837,campaign,,shaman,PHRASE
Leads-Search-1,22767146837,campaign,,grants,PHRASE
Leads-Search-1,22767146837,campaign,,supplier,PHRASE
Leads-Search-1,22767146837,campaign,,erectile,PHRASE
Leads-Search-1,22767146837,campaign,,erection,PHRASE
Leads-Search-1,22767146837,campaign,,ehr,PHRASE
Leads-Search-1,22767146837,campaign,,australia,PHRASE
Leads-Search-1,22767146837,campaign,,chicago,PHRASE
Leads-Search-1,22767146837,campaign,,amazon,PHRASE
Leads-Search-1,22767146837,campaign,,miracle,PHRASE
Leads-Search-1,22767146837,campaign,,how can i,PHRASE
Leads-Search-1,22767146837,campaign,,insurances,PHRASE
Leads-Search-1,22767146837,campaign,,urgent care,PHRASE
Leads-Search-1,22767146837,campaign,,cancer cure,PHRASE
Leads-Search-1,22767146837,campaign,,otc,PHRASE
Leads-Search-1,22767146837,campaign,,diy,PHRASE
Leads-Search-1,22767146837,campaign,,home remedies,PHRASE
Leads-Search-1,22767146837,campaign,,pro bono,PHRASE
Leads-Search-1,22767146837,campaign,,dental,PHRASE
Leads-Search-1,22767146837,campaign,,medicare,PHRASE
Leads-Search-1,22767146837,campaign,,colorado,PHRASE
Leads-Search-1,22767146837,campaign,,denver,PHRASE
Leads-Search-1,22767146837,campaign,,scams,PHRASE
Leads-Search-1,22767146837,campaign,,certificate,PHRASE
Leads-Search-1,22767146837,campaign,,target,PHRASE
Leads-Search-1,22767146837,campaign,,pharmacy,PHRASE
Leads-Search-1,22767146837,campaign,,acupuncture,PHRASE
Leads-Search-1,22767146837,campaign,,define,PHRASE
Leads-Search-1,22767146837,campaign,,ketamine,PHRASE
Leads-Search-1,22767146837,campaign,,salary,PHRASE
Leads-Search-1,22767146837,campaign,,ayurvedic,PHRASE
Leads-Search-1,22767146837,campaign,,wellness center,PHRASE
Leads-Search-1,22767146837,campaign,,mayo clinic,PHRASE
Leads-Search-1,22767146837,campaign,,contraceptives,PHRASE
Leads-Search-1,22767146837,campaign,,birth control,PHRASE
Leads-Search-1,22767146837,campaign,,vet,PHRASE
Leads-Search-1,22767146837,campaign,,grant,PHRASE
Leads-Search-1,22767146837,campaign,,remedy,PHRASE
Leads-Search-1,22767146837,campaign,,hiring,PHRASE
Leads-Search-1,22767146837,campaign,,drug,PHRASE
Leads-Search-1,22767146837,campaign,,costco,PHRASE
Leads-Search-1,22767146837,campaign,,colleges,PHRASE
Leads-Search-1,22767146837,campaign,,programs,PHRASE
Leads-Search-1,22767146837,campaign,,fraud,PHRASE
Leads-Search-1,22767146837,campaign,,portland,PHRASE
Leads-Search-1,22767146837,campaign,,california,PHRASE
Leads-Search-1,22767146837,campaign,,tricks,PHRASE
Leads-Search-1,22767146837,campaign,,phoenix,PHRASE
Leads-Search-1,22767146837,campaign,,canine,PHRASE
Leads-Search-1,22767146837,campaign,,emr,PHRASE
Leads-Search-1,22767146837,campaign,,oregon,PHRASE
Leads-Search-1,22767146837,campaign,,definition,PHRASE
Leads-Search-1,22767146837,campaign,,course,PHRASE
Leads-Search-1,22767146837,campaign,,courses,PHRASE
Leads-Search-1,22767146837,campaign,,schools,PHRASE
Leads-Search-1,22767146837,campaign,,vets,PHRASE
Leads-Search-1,22767146837,campaign,,fairview,PHRASE
Leads-Search-1,22767146837,campaign,,allina,PHRASE
Leads-Search-1,22767146837,campaign,,park nicollet,PHRASE
Leads-Search-1,22767146837,campaign,,hormone therapy,PHRASE
Leads-Search-1,22767146837,campaign,,florida,PHRASE
Leads-Search-1,22767146837,campaign,,poop,EXACT
Leads-Search-1,22767146837,campaign,,erections,PHRASE
Leads-Search-1,22767146837,campaign,,payment plan,PHRASE
Leads-Search-1,22767146837,campaign,,blue cross,PHRASE
Leads-Search-1,22767146837,campaign,,deductible,PHRASE
Leads-Search-1,22767146837,campaign,,vinegar,PHRASE
Leads-Search-1,22767146837,campaign,,enlargement,PHRASE
Leads-Search-1,22767146837,campaign,,enhancement,PHRASE
Leads-Search-1,22767146837,campaign,,salaries,PHRASE
Leads-Search-1,22767146837,campaign,,fillers,PHRASE
Leads-Search-1,22767146837,campaign,,psychiatrist,PHRASE
Leads-Search-1,22767146837,campaign,,class,PHRASE
Leads-Search-1,22767146837,campaign,,enema,PHRASE
Leads-Search-1,22767146837,campaign,,seattle,PHRASE
Leads-Search-1,22767146837,campaign,,remedies,PHRASE
Leads-Search-1,22767146837,campaign,,log in,PHRASE
Leads-Search-1,22767146837,campaign,,sign in,PHRASE
Leads-Search-1,22767146837,campaign,,degree,PHRASE
Leads-Search-1,22767146837,campaign,,degrees,PHRASE
Leads-Search-1,22767146837,campaign,,gynecologist,PHRASE
Leads-Search-1,22767146837,campaign,,gnc,PHRASE
Leads-Search-1,22767146837,campaign,,trick,PHRASE
Leads-Search-1,22767146837,campaign,,health partners,PHRASE
Leads-Search-1,22767146837,campaign,,cheapest,PHRASE
Leads-Search-1,22767146837,campaign,,feline,PHRASE
Leads-Search-1,22767146837,campaign,,ob gyn,PHRASE
Leads-Search-1,22767146837,campaign,,obgyn,PHRASE
Leads-Search-1,22767146837,campaign,,reviews,PHRASE
Leads-Search-1,22767146837,campaign,,classes,PHRASE
Leads-Search-1,22767146837,campaign,,girth,PHRASE
Leads-Search-1,22767146837,campaign,,filler,PHRASE
Leads-Search-1,22767146837,campaign,,certification,PHRASE
Leads-Search-1,22767146837,campaign,,bcbs,PHRASE
Leads-Search-1,22767146837,campaign,,catalyst,PHRASE
Leads-Search-1,22767146837,campaign,,internship,PHRASE
Leads-Search-1,22767146837,campaign,,home remedy,PHRASE
Leads-Search-1,22767146837,campaign,,tattoo,PHRASE
Leads-Search-1,22767146837,campaign,,optimum health,PHRASE
Leads-Search-1,22767146837,campaign,,pap smear,PHRASE
Leads-Search-1,22767146837,campaign,,medicaid,PHRASE
Leads-Search-1,22767146837,campaign,,salon,PHRASE
Leads-Search-1,22767146837,campaign,,gameday,PHRASE
Leads-Search-1,22767146837,campaign,,ncbi,PHRASE
Leads-Search-1,22767146837,campaign,,tuition,PHRASE
Leads-Search-1,22767146837,campaign,,billing service,PHRASE
Leads-Search-1,22767146837,campaign,,hrt,PHRASE
Leads-Search-1,22767146837,campaign,,abbott,PHRASE
Leads-Search-1,22767146837,campaign,,prp,PHRASE
Leads-Search-1,22767146837,campaign,,quest,PHRASE
Leads-Search-1,22767146837,campaign,,arizona,PHRASE
Leads-Search-1,22767146837,campaign,,esthetician,PHRASE
Leads-Search-1,22767146837,campaign,,guaranteed,PHRASE
Leads-Search-1,22767146837,campaign,,instant,PHRASE
Leads-Search-1,22767146837,campaign,,meaning,PHRASE
Leads-Search-1,22767146837,campaign,,quack,PHRASE
Leads-Search-1,22767146837,campaign,,bluestone,PHRASE
Leads-Search-1,22767146837,campaign,,true north,PHRASE
Leads-Search-1,22767146837,campaign,,how to become,PHRASE
Leads-Search-1,22767146837,campaign,,rife,PHRASE
Leads-Search-1,22767146837,campaign,,medspa,PHRASE
Leads-Search-1,22767146837,campaign,,colonic,PHRASE
Leads-Search-1,22767146837,campaign,,medica,PHRASE
Leads-Search-1,22767146837,campaign,,free supplements,PHRASE
Leads-Search-1,22767146837,campaign,,masseuse,PHRASE
Leads-Search-1,22767146837,campaign,,free testing,PHRASE
Leads-Search-1,22767146837,campaign,,bioresonance,PHRASE
Leads-Search-1,22767146837,campaign,,colonics,PHRASE
Leads-Search-1,22767146837,campaign,,get hard,PHRASE
Leads-Search-1,22767146837,campaign,,endocrinologist,PHRASE
Leads-Search-1,22767146837,campaign,,home kit,PHRASE
Leads-Search-1,22767146837,campaign,,acupuncturist,PHRASE
Leads-Search-1,22767146837,campaign,,med spa,PHRASE
Leads-Search-1,22767146837,campaign,,co pay,PHRASE
Leads-Search-1,22767146837,campaign,,what is a,PHRASE
Leads-Search-1,22767146837,campaign,,cure for,PHRASE
Leads-Search-1,22767146837,campaign,,penile,PHRASE
Leads-Search-1,22767146837,campaign,,quick fix,PHRASE
Leads-Search-1,22767146837,campaign,,free clinic,PHRASE
Leads-Search-1,22767146837,campaign,,cures,PHRASE
Leads-Search-1,22767146837,campaign,,enlarge,PHRASE
Leads-Search-1,22767146837,campaign,,mayo,PHRASE
Leads-Search-1,22767146837,campaign,,osteopathic,PHRASE
Leads-Search-1,22767146837,campaign,,somali,PHRASE
Leads-Search-1,22767146837,campaign,,baking soda,PHRASE
Leads-Search-1,22767146837,campaign,,in network,PHRASE
Leads-Search-1,22767146837,campaign,,practice for sale,PHRASE
Leads-Search-1,22767146837,campaign,,become a,PHRASE
Leads-Search-1,22767146837,campaign,,residency,PHRASE
Leads-Search-1,22767146837,campaign,,gynecologists,PHRASE
Leads-Search-1,22767146837,campaign,,how to cure,PHRASE
Leads-Search-1,22767146837,campaign,,sliding scale,PHRASE
Leads-Search-1,22767146837,campaign,,copay,PHRASE
Leads-Search-1,22767146837,campaign,,reimbursement,PHRASE
Leads-Search-1,22767146837,campaign,,does it work,PHRASE
Leads-Search-1,22767146837,campaign,,uptodate,PHRASE
Leads-Search-1,22767146837,campaign,,menopausia,PHRASE
Leads-Search-1,22767146837,campaign,,login,PHRASE
Leads-Search-1,22767146837,campaign,,how do you,PHRASE
Leads-Search-1,22767146837,campaign,,where can i,PHRASE
Leads-Search-1,22767146837,campaign,,symptoms of,PHRASE
Leads-Search-1,22767146837,campaign,,healthpartners,PHRASE
Leads-Search-1,22767146837,campaign,,soundwave,PHRASE
Leads-Search-1,22767146837,campaign,,primary care physician,PHRASE
Leads-Search-1,22767146837,campaign,,linkedin,PHRASE
Leads-Search-1,22767146837,campaign,,licensure,PHRASE
Leads-Search-1,22767146837,campaign,,burnsville,PHRASE
Leads-Search-1,22767146837,campaign,,ridgeview,PHRASE
Leads-Search-1,22767146837,campaign,,wikipedia,PHRASE
Leads-Search-1,22767146837,campaign,,iherb,PHRASE
Leads-Search-1,22767146837,campaign,,primary care physicians,PHRASE
Leads-Search-1,22767146837,campaign,,glassdoor,BROAD
Leads-Search-1,22767146837,campaign,,lip filler,PHRASE
Leads-Search-1,22767146837,campaign,,iud,PHRASE
Leads-Search-1,22767146837,campaign,,quora,PHRASE
Leads-Search-1,22767146837,campaign,,wiki,PHRASE
Leads-Search-1,22767146837,campaign,,podcast,PHRASE
Leads-Search-1,22767146837,campaign,,iv therapy,PHRASE
Leads-Search-1,22767146837,campaign,,children's clinic,PHRASE
Leads-Search-1,22767146837,campaign,,self test,PHRASE
Leads-Search-1,22767146837,campaign,,debunked,PHRASE
Leads-Search-1,22767146837,campaign,,oak street,PHRASE
Leads-Search-1,22767146837,campaign,,endocrinologists,PHRASE
Leads-Search-1,22767146837,campaign,,indeed,PHRASE
Leads-Search-1,22767146837,campaign,,north point,PHRASE
Leads-Search-1,22767146837,campaign,,ucare,PHRASE
Leads-Search-1,22767146837,campaign,,lakeville,PHRASE
Leads-Search-1,22767146837,campaign,,medical medium,PHRASE
Leads-Search-1,22767146837,campaign,,heather stone,PHRASE
Leads-Search-1,22767146837,campaign,,stage 4,PHRASE
Leads-Search-1,22767146837,campaign,,sonoran,PHRASE
Leads-Search-1,22767146837,campaign,,ramsey county,PHRASE
Leads-Search-1,22767146837,campaign,,iv drip,PHRASE
Leads-Search-1,22767146837,campaign,,youtube,PHRASE
Leads-Search-1,22767146837,campaign,,is it possible,PHRASE
Leads-Search-1,22767146837,campaign,,vitamins for,PHRASE
Leads-Search-1,22767146837,campaign,,weight loss shots,PHRASE
Leads-Search-1,22767146837,campaign,,seo for,PHRASE
Leads-Search-1,22767146837,campaign,,weight loss injection,PHRASE
Leads-Search-1,22767146837,campaign,,labcorp,PHRASE
Leads-Search-1,22767146837,campaign,,primary physician,PHRASE
Leads-Search-1,22767146837,campaign,,bastyr,PHRASE
Leads-Search-1,22767146837,campaign,,community health center,PHRASE
Leads-Search-1,22767146837,campaign,,weight loss injections,PHRASE
Leads-Search-1,22767146837,campaign,,weight loss shot,PHRASE
Leads-Search-1,22767146837,campaign,,etsy,PHRASE
Leads-Search-1,22767146837,campaign,,does insurance cover,PHRASE
Leads-Search-1,22767146837,campaign,,children clinic,PHRASE
Leads-Search-1,22767146837,campaign,,takes insurance,PHRASE
Leads-Search-1,22767146837,campaign,,accepts insurance,PHRASE
Leads-Search-1,22767146837,campaign,,microneedling,PHRASE
Leads-Search-1,22767146837,campaign,,reddit,PHRASE
Leads-Search-1,22767146837,campaign,,primary physicians,PHRASE
Leads-Search-1,22767146837,campaign,,is it normal,PHRASE
Leads-Search-1,22767146837,campaign,,risks of,PHRASE
Leads-Search-1,22767146837,campaign,,what helps,PHRASE
Leads-Search-1,22767146837,campaign,,what to take,PHRASE
Leads-Search-1,22767146837,campaign,,livingood,PHRASE
Leads-Search-1,22767146837,campaign,,josh axe,PHRASE
Leads-Search-1,22767146837,campaign,,coolsculpting,PHRASE
Leads-Search-1,22767146837,campaign,,campus drive,PHRASE
Leads-Search-1,22767146837,campaign,,ziprecruiter,PHRASE
Leads-Search-1,22767146837,campaign,,dr axe,PHRASE
Leads-Search-1,22767146837,campaign,,is it dangerous,PHRASE
Leads-Search-1,22767146837,campaign,,pediatric clinic near me,EXACT
Leads-Search-1,22767146837,campaign,,regenerative medicine,PHRASE
Leads-Search-1,22767146837,campaign,,pubmed,PHRASE
Leads-Search-1,22767146837,campaign,,cupping near me,PHRASE
Leads-Search-1,22767146837,campaign,,buy a practice,PHRASE
Leads-Search-1,22767146837,campaign,,obgyns,PHRASE
Leads-Search-1,22767146837,campaign,,scared of,PHRASE
Leads-Search-1,22767146837,campaign,,home test,PHRASE
Leads-Search-1,22767146837,campaign,,covered by insurance,PHRASE
Leads-Search-1,22767146837,campaign,,preferred one,PHRASE
Leads-Search-1,22767146837,campaign,,biocharger,PHRASE
Leads-Search-1,22767146837,campaign,,why am i,PHRASE
Leads-Search-1,22767146837,campaign,,dexa scan near me,EXACT
Leads-Search-1,22767146837,campaign,,board exam,PHRASE
Leads-Search-1,22767146837,campaign,,cure cancer,PHRASE
Leads-Search-1,22767146837,campaign,,glp 1,PHRASE
Leads-Search-1,22767146837,campaign,,partners in pediatrics,PHRASE
Leads-Search-1,22767146837,campaign,,electrodermal,PHRASE
Leads-Search-1,22767146837,campaign,,foods to,PHRASE
Leads-Search-1,22767146837,campaign,,quackery,PHRASE
Leads-Search-1,22767146837,campaign,,southdale pediatrics,PHRASE
Leads-Search-1,22767146837,campaign,,vitamin drip,PHRASE
Leads-Search-1,22767146837,campaign,,target clinic,PHRASE
Leads-Search-1,22767146837,campaign,,vacuum therapy,PHRASE
Leads-Search-1,22767146837,campaign,,curis,PHRASE
Leads-Search-1,22767146837,campaign,,licensing requirements,PHRASE
Leads-Search-1,22767146837,campaign,,marketing for,PHRASE
Leads-Search-1,22767146837,campaign,,glp-1,PHRASE
Leads-Search-1,22767146837,campaign,,iridology,PHRASE
Leads-Search-1,22767146837,campaign,,gold ivy,PHRASE
Leads-Search-1,22767146837,campaign,,broadway clinic,PHRASE
Leads-Search-1,22767146837,campaign,,thrive wellness,PHRASE
Leads-Search-1,22767146837,campaign,,ccnm,PHRASE
Leads-Search-1,22767146837,campaign,,create fertility,PHRASE
Leads-Search-1,22767146837,campaign,,hennepin health,PHRASE
Leads-Search-1,22767146837,campaign,,routine check up,PHRASE
Leads-Search-1,22767146837,campaign,,cerca de mi,PHRASE
Leads-Search-1,22767146837,campaign,,wholesome health,PHRASE
Leads-Search-1,22767146837,campaign,,sexual supplements,PHRASE
Leads-Search-1,22767146837,campaign,,almara,PHRASE
Leads-Search-1,22767146837,campaign,,oppitz,PHRASE
Leads-Search-1,22767146837,campaign,,penny george,PHRASE
Leads-Search-1,22767146837,campaign,,defy medical,PHRASE
Leads-Search-1,22767146837,campaign,,lakeview clinic,PHRASE
Leads-Search-1,22767146837,campaign,,prime west,PHRASE
Leads-Search-1,22767146837,campaign,,primewest,PHRASE
Leads-Search-1,22767146837,campaign,,pediatric offices near me,EXACT
Leads-Search-1,22767146837,campaign,,iridologist,PHRASE
Leads-Search-1,22767146837,campaign,,hijama near me,PHRASE
Leads-Search-1,22767146837,campaign,,pediatric clinics near me,EXACT
Leads-Search-1,22767146837,campaign,,grow pediatrics,PHRASE
Leads-Search-1,22767146837,campaign,,new kingdom,PHRASE
Leads-Search-1,22767146837,campaign,,free labs,PHRASE
Leads-Search-1,22767146837,campaign,,premier women's health,PHRASE
Leads-Search-1,22767146837,campaign,,colon cleansing near me,EXACT
Leads-Search-1,22767146837,campaign,,what do i take,PHRASE
Leads-Search-1,22767146837,campaign,,nurture fertility,PHRASE
Leads-Search-1,22767146837,campaign,,m health,PHRASE
Leads-Search-1,22767146837,campaign,,children's minnesota,PHRASE
Leads-Search-1,22767146837,campaign,,mn women's care,PHRASE
Leads-Search-1,22767146837,campaign,,restore wellness,PHRASE
Leads-Search-1,22767146837,campaign,,specialty center,PHRASE
Leads-Search-1,22767146837,campaign,,healing frequency,PHRASE
Leads-Search-1,22767146837,campaign,,napro,PHRASE
Leads-Search-1,22767146837,campaign,,moxibustion near me,PHRASE
Leads-Search-1,22767146837,campaign,,hcmc,PHRASE
Leads-Search-1,22767146837,campaign,,eboo,PHRASE
Leads-Search-1,22767146837,campaign,,south lake pediatrics,PHRASE
Leads-Search-1,22767146837,campaign,,pseudoscience,PHRASE
Leads-Search-1,22767146837,campaign,,scnm,PHRASE
Leads-Search-1,22767146837,campaign,,minnesota women's care,PHRASE
Leads-Search-1,22767146837,campaign,,william li,PHRASE
Leads-Search-1,22767146837,campaign,,hydrocolonic,PHRASE
Leads-Search-1,22767146837,campaign,,oak street health,PHRASE
Leads-Search-1,22767146837,campaign,,livea,PHRASE
Leads-Search-1,22767146837,campaign,,estrogen patches,PHRASE
Leads-Search-1,22767146837,campaign,,voyage healthcare,PHRASE
Leads-Search-1,22767146837,campaign,,indian health board,PHRASE
Leads-Search-1,22767146837,campaign,,ozempic prescription,PHRASE
Leads-Search-1,22767146837,campaign,,prescription for ozempic,PHRASE
Leads-Search-1,22767146837,campaign,,alina healthcare,EXACT
Leads-Search-1,22767146837,campaign,,low acth,EXACT
Leads-Search-1,22767146837,campaign,,bobby price,PHRASE
Leads-Search-1,22767146837,campaign,,what is the most effective,PHRASE
Leads-Search-1,22767146837,campaign,,nrt testing,PHRASE
Leads-Search-1,22767146837,campaign,,function health,PHRASE
Leads-Search-1,22767146837,campaign,,casey means,PHRASE
Leads-Search-1,22767146837,campaign,,emsculpt,PHRASE
Leads-Search-1,22767146837,campaign,,buy ozempic,PHRASE
Leads-Search-1,22767146837,campaign,,hopkins health and wellness,PHRASE
Leads-Search-1,22767146837,campaign,,crown medical,PHRASE
Leads-Search-1,22767146837,campaign,,first choice wellness,PHRASE
Leads-Search-1,22767146837,campaign,,be well natural medicine,EXACT
Leads-Search-1,22767146837,campaign,,nunm,PHRASE
Leads-Search-1,22767146837,campaign,,rebecca doege,PHRASE
Leads-Search-1,22767146837,campaign,,hennepin healthcare,PHRASE
Leads-Search-1,22767146837,campaign,,ozempic cost,PHRASE
Leads-Search-1,22767146837,campaign,,ozempic coupon,PHRASE
Leads-Search-1,22767146837,campaign,,womb healing,PHRASE
Leads-Search-1,22767146837,campaign,,silvia hugec,PHRASE
Leads-Search-1,22767146837,campaign,,mngi,PHRASE
Leads-Search-1,22767146837,campaign,,restore hyper,PHRASE
Leads-Search-1,22767146837,campaign,,warshowsky,PHRASE
Leads-Search-1,22767146837,campaign,,independent pediatrician near me,EXACT
Leads-Search-1,22767146837,campaign,,semaglutide online,PHRASE
Leads-Search-1,22767146837,campaign,,new kingdom healthcare,PHRASE
Leads-Search-1,22767146837,campaign,,guarantee results,PHRASE
Leads-Search-1,22767146837,campaign,,buy semaglutide,PHRASE
Leads-Search-1,22767146837,campaign,,gominak,PHRASE
Leads-Search-1,22767146837,campaign,,get ozempic,PHRASE
Leads-Search-1,22767146837,campaign,,ozempic near me,PHRASE
Leads-Search-1,22767146837,campaign,,nplex,PHRASE
Leads-Search-1,22767146837,campaign,,hennepin clinic,PHRASE
Leads-Search-1,22767146837,campaign,,curve crest,PHRASE
Leads-Search-1,22767146837,campaign,,compounded semaglutide,PHRASE
Leads-Search-1,22767146837,campaign,,wayzata children,PHRASE
Leads-Search-1,22767146837,campaign,,dr bob zajac,PHRASE
Leads-Search-1,22767146837,campaign,,mystic clinic,PHRASE
Leads-Search-1,22767146837,campaign,,ways to well,PHRASE
Leads-Search-1,22767146837,campaign,,midi health,PHRASE
Leads-Search-1,22767146837,campaign,,herself health,PHRASE
Leads-Search-1,22767146837,campaign,,prescribe ozempic,PHRASE
Leads-Search-1,22767146837,campaign,,telehealth ozempic,PHRASE
Leads-Search-1,22767146837,campaign,,belief code,PHRASE
Leads-Search-1,22767146837,campaign,,one simple trick,PHRASE
Leads-Search-1,22767146837,campaign,,elevated integrative wellness,PHRASE
Leads-Search-1,22767146837,campaign,,instead of chemo,PHRASE
Leads-Search-1,22767146837,campaign,,menopause renewal,PHRASE
Leads-Search-1,22767146837,campaign,,pituitary gland healing,PHRASE
PNHdefense-Website traffic-Search-2,23888858069,campaign,,portal,PHRASE
PNHdefense-Website traffic-Search-2,23888858069,campaign,,career,PHRASE
PNHdefense-Website traffic-Search-2,23888858069,campaign,,job,PHRASE
PNHdefense-Website traffic-Search-2,23888858069,campaign,,careers,PHRASE
PNHdefense-Website traffic-Search-2,23888858069,campaign,,jobs,PHRASE
PNHdefense-Website traffic-Search-2,23888858069,campaign,,sign in,BROAD
PNHdefense-Website traffic-Search-2,23888858069,campaign,,salary,PHRASE
PNHdefense-Website traffic-Search-2,23888858069,campaign,,hiring,PHRASE
PNHdefense-Website traffic-Search-2,23888858069,campaign,,patient portal,PHRASE
PNHdefense-Website traffic-Search-2,23888858069,campaign,,log in,PHRASE
PNHdefense-Website traffic-Search-2,23888858069,campaign,,login,PHRASE
Campaign #1,22625352639,campaign,,free,BROAD
Campaign #1,22625352639,campaign,,insurance,BROAD
Campaign #1,22625352639,campaign,,jobs,BROAD
Campaign #1,22625352639,campaign,,school,BROAD
Campaign #1,22625352639,campaign,,cheap,BROAD
Campaign #1,22625352639,campaign,,training,BROAD
Campaign #1,22625352639,campaign,,animal,BROAD
Campaign #1,22625352639,campaign,,reviews,BROAD
Campaign #1,22625352639,campaign,,certification,BROAD
Campaign #1,22625352639,campaign,,career,BROAD
Campaign #1,22625352639,campaign,,veterinary,BROAD
Campaign #1,22625352639,campaign,,salary,BROAD
Campaign #1,22625352639,campaign,,vet,BROAD
Campaign #1,22625352639,campaign,,natural treatment,EXACT
Campaign #1,22625352639,campaign,,acupuncture near me,EXACT
Campaign #1,22625352639,campaign,,acupuncture minneapolis,EXACT
Campaign #1,22625352639,campaign,,qué es bueno para el estrés,EXACT
Campaign #1,22625352639,campaign,,acupuncture minneapolis mn,EXACT
Campaign #1,22625352639,campaign,,acupuncturist near me,EXACT
Campaign #1,22625352639,campaign,,acupuncture stillwater mn,EXACT
Campaign #1,22625352639,campaign,,naturopath muscle testing,EXACT
Campaign #1,22625352639,campaign,,functional medicine fargo nd,EXACT
Campaign #1,22625352639,campaign,,panka natural health,EXACT
Campaign #1,22625352639,campaign,,acupuncture minnetonka,EXACT
Campaign #1,22625352639,campaign,,acupuncture northfield mn,EXACT
Campaign #1,22625352639,campaign,,acupuncture hutchinson mn,EXACT
Campaign #1,22625352639,campaign,,acupuncture forest lake mn,EXACT
Campaign #1,22625352639,campaign,,alternative medicine health practitioners stevens point wi,EXACT
Campaign #1,22625352639,campaign,,alternative medicine health practitioners sioux falls sd,EXACT
