yearMonth,deviceCategory,newVsReturning,sessionDefaultChannelGrouping,sessions,totalUsers,newUsers,engagedSessions,engagementRate,bounceRate,conversions,screenPageViews
2023|02,desktop,(not set),Direct,2,2,0,0,0,1,0,1
2023|02,desktop,(not set),Organic Search,2,2,0,0,0,1,0,0
2023|02,desktop,new,Direct,85,85,85,13,0.1529,0.8471,0,122
2023|02,desktop,new,Organic Search,15,15,15,14,0.9333,0.0667,0,46
2023|02,desktop,new,Organic Social,2,2,1,1,0.5,0.5,0,2
2023|02,desktop,new,Referral,3,3,3,1,0.3333,0.6667,0,11
2023|02,desktop,new,Unassigned,5,5,0,0,0,1,0,0
2023|02,desktop,returning,Direct,45,9,0,25,0.5556,0.4444,0,207
2023|02,desktop,returning,Organic Search,4,4,0,0,0,1,0,1
2023|02,desktop,returning,Referral,4,2,0,3,0.75,0.25,0,11
2023|02,desktop,returning,Unassigned,1,1,0,0,0,1,0,0
2023|02,mobile,(not set),Direct,2,1,0,0,0,1,0,2
2023|02,mobile,(not set),Organic Search,3,3,0,0,0,1,0,2
2023|02,mobile,new,Direct,66,66,66,7,0.1061,0.8939,0,72
2023|02,mobile,new,Organic Search,13,13,13,9,0.6923,0.3077,0,31
2023|02,mobile,new,Organic Social,1,1,1,1,1,0,0,1
2023|02,mobile,new,Referral,1,1,1,1,1,0,0,6
2023|02,mobile,returning,Direct,3,2,0,2,0.6667,0.3333,0,6
2023|02,mobile,returning,Organic Search,9,1,0,7,0.7778,0.2222,0,46
2023|02,tablet,new,Direct,4,4,4,0,0,1,0,4
2023|03,desktop,(not set),Direct,21,5,0,0,0,1,0,18
2023|03,desktop,(not set),Organic Search,2,1,0,0,0,1,0,2
2023|03,desktop,(not set),Paid Search,4,2,0,0,0,1,0,4
2023|03,desktop,(not set),Referral,3,3,0,0,0,1,0,1
2023|03,desktop,new,Direct,97,96,97,39,0.4021,0.5979,0,192
2023|03,desktop,new,Organic Search,48,48,48,40,0.8333,0.1667,0,139
2023|03,desktop,new,Organic Social,1,1,0,0,0,1,0,0
2023|03,desktop,new,Paid Search,28,28,29,19,0.6786,0.3214,0,72
2023|03,desktop,new,Referral,15,15,15,12,0.8,0.2,0,48
2023|03,desktop,new,Unassigned,7,7,0,0,0,1,0,0
2023|03,desktop,returning,Direct,24,14,0,11,0.4583,0.5417,0,27
2023|03,desktop,returning,Organic Search,21,13,0,17,0.8095,0.1905,0,50
2023|03,desktop,returning,Paid Search,5,4,0,2,0.4,0.6,0,3
2023|03,desktop,returning,Referral,21,6,0,13,0.619,0.381,0,74
2023|03,mobile,(not set),Direct,7,5,0,0,0,1,0,7
2023|03,mobile,(not set),Organic Search,6,6,0,0,0,1,0,6
2023|03,mobile,(not set),Paid Search,13,9,0,1,0.0769,0.9231,0,13
2023|03,mobile,(not set),Referral,1,1,0,0,0,1,0,1
2023|03,mobile,new,Direct,69,69,69,43,0.6232,0.3768,0,147
2023|03,mobile,new,Organic Search,32,32,32,27,0.8438,0.1563,0,105
2023|03,mobile,new,Organic Social,10,10,10,8,0.8,0.2,0,16
2023|03,mobile,new,Paid Search,427,426,427,120,0.281,0.719,0,523
2023|03,mobile,new,Referral,13,13,13,8,0.6154,0.3846,0,40
2023|03,mobile,returning,Direct,15,10,0,7,0.4667,0.5333,0,17
2023|03,mobile,returning,Organic Search,24,10,0,14,0.5833,0.4167,0,62
2023|03,mobile,returning,Paid Search,31,27,0,5,0.1613,0.8387,0,29
2023|03,mobile,returning,Referral,4,3,0,3,0.75,0.25,0,4
2023|03,tablet,(not set),Organic Search,10,2,0,1,0.1,0.9,0,9
2023|03,tablet,(not set),Paid Search,3,3,0,0,0,1,0,3
2023|03,tablet,new,Organic Search,4,4,4,4,1,0,0,18
2023|03,tablet,new,Paid Search,34,35,35,16,0.4706,0.5294,0,46
2023|03,tablet,new,Referral,1,1,1,1,1,0,0,2
2023|03,tablet,returning,Organic Search,8,1,0,4,0.5,0.5,0,12
2023|03,tablet,returning,Paid Search,3,3,0,1,0.3333,0.6667,0,2
2023|04,desktop,(not set),Direct,17,6,0,0,0,1,0,15
2023|04,desktop,(not set),Organic Search,8,5,0,0,0,1,0,4
2023|04,desktop,(not set),Referral,1,1,0,0,0,1,0,1
2023|04,desktop,(not set),Unassigned,1,1,0,0,0,1,0,0
2023|04,desktop,new,Direct,41,41,41,12,0.2927,0.7073,0,50
2023|04,desktop,new,Organic Search,30,30,30,27,0.9,0.1,0,117
2023|04,desktop,new,Organic Social,5,5,1,0,0,1,0,1
2023|04,desktop,new,Paid Search,30,30,30,18,0.6,0.4,0,49
2023|04,desktop,new,Referral,14,14,14,9,0.6429,0.3571,0,46
2023|04,desktop,returning,Direct,6,3,0,4,0.6667,0.3333,0,10
2023|04,desktop,returning,Organic Search,23,14,0,17,0.7391,0.2609,0,49
2023|04,desktop,returning,Referral,7,2,0,4,0.5714,0.4286,0,15
2023|04,mobile,(not set),Direct,2,2,0,0,0,1,0,1
2023|04,mobile,(not set),Organic Search,6,5,0,0,0,1,0,6
2023|04,mobile,(not set),Organic Social,1,1,0,0,0,1,0,1
2023|04,mobile,(not set),Paid Search,19,16,0,0,0,1,0,17
2023|04,mobile,new,Direct,55,55,55,29,0.5273,0.4727,0,114
2023|04,mobile,new,Organic Search,29,29,29,24,0.8276,0.1724,0,82
2023|04,mobile,new,Organic Social,10,10,10,7,0.7,0.3,0,13
2023|04,mobile,new,Paid Search,397,397,397,134,0.3375,0.6625,0,477
2023|04,mobile,new,Referral,8,8,8,6,0.75,0.25,0,22
2023|04,mobile,returning,Direct,9,8,0,6,0.6667,0.3333,0,18
2023|04,mobile,returning,Organic Search,19,10,0,8,0.4211,0.5789,0,26
2023|04,mobile,returning,Paid Search,22,18,0,5,0.2273,0.7727,0,24
2023|04,mobile,returning,Referral,1,1,0,0,0,1,0,1
2023|04,smart tv,new,Paid Search,1,1,1,0,0,1,0,1
2023|04,tablet,(not set),Organic Search,26,1,0,6,0.2308,0.7692,0,26
2023|04,tablet,new,Organic Search,1,1,1,1,1,0,0,3
2023|04,tablet,new,Paid Search,32,32,32,10,0.3125,0.6875,0,35
2023|04,tablet,new,Referral,1,1,1,1,1,0,0,13
2023|04,tablet,returning,Organic Search,9,1,0,2,0.2222,0.7778,0,12
2023|04,tablet,returning,Paid Search,2,2,0,0,0,1,0,2
2023|05,desktop,(not set),Direct,14,3,0,0,0,1,0,14
2023|05,desktop,(not set),Organic Search,7,6,0,0,0,1,0,2
2023|05,desktop,(not set),Paid Search,3,2,0,0,0,1,0,1
2023|05,desktop,(not set),Referral,2,2,0,0,0,1,0,2
2023|05,desktop,(not set),Unassigned,1,1,0,0,0,1,0,0
2023|05,desktop,new,Direct,41,41,41,12,0.2927,0.7073,0,60
2023|05,desktop,new,Organic Search,39,39,38,33,0.8462,0.1538,0,147
2023|05,desktop,new,Paid Search,21,21,21,17,0.8095,0.1905,0,46
2023|05,desktop,new,Referral,6,6,6,4,0.6667,0.3333,0,15
2023|05,desktop,returning,Direct,37,5,0,21,0.5676,0.4324,0,86
2023|05,desktop,returning,Organic Search,12,8,0,11,0.9167,0.0833,0,27
2023|05,desktop,returning,Paid Search,4,3,0,2,0.5,0.5,0,5
2023|05,desktop,returning,Referral,3,2,0,3,1,0,0,10
2023|05,mobile,(not set),Direct,7,5,0,0,0,1,0,7
2023|05,mobile,(not set),Organic Search,5,5,0,0,0,1,0,5
2023|05,mobile,(not set),Paid Search,31,28,0,0,0,1,0,29
2023|05,mobile,(not set),Referral,1,1,0,0,0,1,0,1
2023|05,mobile,(not set),Unassigned,1,1,0,0,0,1,0,0
2023|05,mobile,new,Direct,86,86,86,38,0.4419,0.5581,0,142
2023|05,mobile,new,Organic Search,36,36,36,31,0.8611,0.1389,0,119
2023|05,mobile,new,Organic Social,4,4,4,1,0.25,0.75,0,6
2023|05,mobile,new,Paid Search,716,714,714,212,0.2961,0.7039,0,877
2023|05,mobile,new,Referral,6,6,6,3,0.5,0.5,0,12
2023|05,mobile,returning,Direct,14,11,0,4,0.2857,0.7143,0,19
2023|05,mobile,returning,Organic Search,21,12,0,11,0.5238,0.4762,0,31
2023|05,mobile,returning,Organic Social,2,1,0,1,0.5,0.5,0,4
2023|05,mobile,returning,Paid Search,43,38,0,18,0.4186,0.5814,0,50
2023|05,mobile,returning,Referral,2,1,0,0,0,1,0,2
2023|05,tablet,(not set),Paid Search,1,1,0,0,0,1,0,1
2023|05,tablet,new,Direct,1,1,1,1,1,0,0,3
2023|05,tablet,new,Organic Search,1,1,1,1,1,0,0,2
2023|05,tablet,new,Paid Search,31,31,31,13,0.4194,0.5806,0,36
2023|05,tablet,returning,Paid Search,1,1,0,0,0,1,0,0
2023|06,desktop,(not set),Direct,16,2,0,0,0,1,0,14
2023|06,desktop,(not set),Organic Search,1,1,0,0,0,1,0,1
2023|06,desktop,(not set),Paid Search,1,1,0,0,0,1,0,1
2023|06,desktop,new,Direct,45,45,45,14,0.3111,0.6889,0,73
2023|06,desktop,new,Organic Search,26,26,26,24,0.9231,0.0769,0,103
2023|06,desktop,new,Paid Search,18,18,18,13,0.7222,0.2778,0,32
2023|06,desktop,new,Referral,3,3,3,3,1,0,0,16
2023|06,desktop,returning,Direct,21,9,0,14,0.6667,0.3333,0,37
2023|06,desktop,returning,Organic Search,14,8,0,10,0.7143,0.2857,0,48
2023|06,desktop,returning,Paid Search,2,1,0,0,0,1,0,2
2023|06,desktop,returning,Referral,2,2,0,2,1,0,0,9
2023|06,mobile,(not set),Direct,3,3,0,0,0,1,0,3
2023|06,mobile,(not set),Organic Search,5,4,0,0,0,1,0,5
2023|06,mobile,(not set),Paid Search,8,6,0,0,0,1,0,7
2023|06,mobile,(not set),Referral,3,1,0,0,0,1,0,3
2023|06,mobile,new,Direct,45,45,45,16,0.3556,0.6444,0,62
2023|06,mobile,new,Organic Search,36,36,36,32,0.8889,0.1111,0,87
2023|06,mobile,new,Organic Social,12,12,12,6,0.5,0.5,0,19
2023|06,mobile,new,Paid Search,298,298,298,113,0.3792,0.6208,0,387
2023|06,mobile,new,Referral,12,12,12,7,0.5833,0.4167,0,21
2023|06,mobile,returning,Direct,6,5,0,2,0.3333,0.6667,0,8
2023|06,mobile,returning,Organic Search,21,13,0,11,0.5238,0.4762,0,34
2023|06,mobile,returning,Paid Search,30,23,0,11,0.3667,0.6333,0,47
2023|06,mobile,returning,Referral,2,2,0,2,1,0,0,5
2023|06,tablet,new,Direct,1,1,1,1,1,0,0,3
2023|06,tablet,new,Organic Search,1,1,1,1,1,0,0,4
2023|06,tablet,new,Paid Search,19,19,19,4,0.2105,0.7895,0,23
2023|06,tablet,returning,Organic Search,4,1,0,2,0.5,0.5,0,3
2023|06,tablet,returning,Paid Search,1,1,0,0,0,1,0,0
2023|07,desktop,(not set),Direct,13,3,0,0,0,1,0,12
2023|07,desktop,(not set),Organic Search,3,3,0,0,0,1,0,0
2023|07,desktop,(not set),Paid Search,1,1,0,0,0,1,0,0
2023|07,desktop,new,Direct,59,59,59,13,0.2203,0.7797,0,84
2023|07,desktop,new,Organic Search,34,34,34,32,0.9412,0.0588,0,107
2023|07,desktop,new,Organic Social,3,3,3,0,0,1,0,3
2023|07,desktop,new,Paid Search,26,26,26,23,0.8846,0.1154,0,63
2023|07,desktop,new,Referral,3,3,3,3,1,0,0,8
2023|07,desktop,returning,Direct,18,6,0,12,0.6667,0.3333,0,28
2023|07,desktop,returning,Organic Search,12,8,0,7,0.5833,0.4167,0,36
2023|07,desktop,returning,Paid Search,4,2,0,2,0.5,0.5,0,6
2023|07,mobile,(not set),Direct,5,3,0,0,0,1,0,4
2023|07,mobile,(not set),Organic Search,7,4,0,0,0,1,0,7
2023|07,mobile,(not set),Paid Search,16,11,0,0,0,1,0,15
2023|07,mobile,(not set),Unassigned,1,1,0,0,0,1,0,0
2023|07,mobile,new,Direct,45,45,45,16,0.3556,0.6444,0,72
2023|07,mobile,new,Organic Search,30,30,30,26,0.8667,0.1333,0,67
2023|07,mobile,new,Organic Social,4,4,4,3,0.75,0.25,0,11
2023|07,mobile,new,Paid Search,346,346,346,121,0.3497,0.6503,0,457
2023|07,mobile,new,Referral,6,6,6,3,0.5,0.5,0,12
2023|07,mobile,returning,Direct,11,4,0,6,0.5455,0.4545,0,16
2023|07,mobile,returning,Organic Search,15,9,0,8,0.5333,0.4667,0,30
2023|07,mobile,returning,Paid Search,18,16,0,4,0.2222,0.7778,0,31
2023|07,mobile,returning,Referral,1,1,0,1,1,0,0,1
2023|07,mobile,returning,Unassigned,1,1,0,0,0,1,0,0
2023|07,tablet,new,Organic Search,1,1,1,1,1,0,0,1
2023|07,tablet,new,Paid Search,8,8,8,4,0.5,0.5,0,10
2023|08,desktop,(not set),Direct,8,1,0,0,0,1,0,8
2023|08,desktop,(not set),Organic Search,9,7,0,1,0.1111,0.8889,0,6
2023|08,desktop,(not set),Referral,3,3,0,1,0.3333,0.6667,0,3
2023|08,desktop,new,Direct,50,50,50,13,0.26,0.74,0,68
2023|08,desktop,new,Organic Search,42,42,42,37,0.881,0.119,0,88
2023|08,desktop,new,Paid Search,3,3,3,2,0.6667,0.3333,0,4
2023|08,desktop,new,Referral,12,12,12,11,0.9167,0.0833,0,48
2023|08,desktop,returning,Direct,23,5,0,15,0.6522,0.3478,0,224
2023|08,desktop,returning,Organic Search,14,9,0,7,0.5,0.5,0,15
2023|08,desktop,returning,Referral,17,3,0,13,0.7647,0.2353,0,57
2023|08,mobile,(not set),Direct,5,4,0,0,0,1,0,5
2023|08,mobile,(not set),Organic Search,10,4,0,0,0,1,0,10
2023|08,mobile,(not set),Paid Search,13,4,0,0,0,1,0,13
2023|08,mobile,new,Direct,43,43,43,22,0.5116,0.4884,0,73
2023|08,mobile,new,Organic Search,29,29,29,24,0.8276,0.1724,0,74
2023|08,mobile,new,Paid Search,113,113,113,44,0.3894,0.6106,0,146
2023|08,mobile,new,Referral,3,3,3,1,0.3333,0.6667,0,3
2023|08,mobile,returning,Direct,19,9,0,10,0.5263,0.4737,0,47
2023|08,mobile,returning,Organic Search,13,9,0,7,0.5385,0.4615,0,25
2023|08,mobile,returning,Paid Search,10,9,0,4,0.4,0.6,0,10
2023|08,tablet,new,Paid Search,3,3,3,0,0,1,0,3
2023|09,desktop,(not set),Direct,9,2,0,0,0,1,0,9
2023|09,desktop,(not set),Organic Search,1,1,0,0,0,1,0,1
2023|09,desktop,(not set),Referral,1,1,0,0,0,1,0,0
2023|09,desktop,new,Direct,49,49,49,16,0.3265,0.6735,0,79
2023|09,desktop,new,Organic Search,28,28,28,23,0.8214,0.1786,0,81
2023|09,desktop,new,Organic Social,1,1,1,1,1,0,0,4
2023|09,desktop,new,Referral,7,7,7,7,1,0,0,30
2023|09,desktop,new,Unassigned,1,1,0,0,0,1,0,0
2023|09,desktop,returning,Direct,22,6,0,15,0.6818,0.3182,0,94
2023|09,desktop,returning,Organic Search,19,10,0,9,0.4737,0.5263,0,24
2023|09,desktop,returning,Referral,12,2,0,12,1,0,0,46
2023|09,mobile,(not set),Direct,6,5,0,0,0,1,0,6
2023|09,mobile,(not set),Organic Search,6,4,0,0,0,1,0,6
2023|09,mobile,(not set),Organic Social,1,1,0,0,0,1,0,1
2023|09,mobile,new,Direct,50,50,50,20,0.4,0.6,0,90
2023|09,mobile,new,Organic Search,28,28,28,23,0.8214,0.1786,0,78
2023|09,mobile,new,Organic Social,8,8,8,5,0.625,0.375,0,17
2023|09,mobile,new,Paid Search,2,2,2,0,0,1,0,2
2023|09,mobile,new,Referral,9,9,9,8,0.8889,0.1111,0,30
2023|09,mobile,returning,Direct,43,12,0,19,0.4419,0.5581,0,71
2023|09,mobile,returning,Organic Search,17,8,0,4,0.2353,0.7647,0,32
2023|09,mobile,returning,Referral,2,2,0,2,1,0,0,9
2023|09,tablet,(not set),Organic Search,1,1,0,0,0,1,0,1
2023|09,tablet,new,Organic Search,1,1,1,1,1,0,0,11
2023|10,desktop,(not set),Direct,20,5,0,0,0,1,0,18
2023|10,desktop,(not set),Referral,1,1,0,0,0,1,0,0
2023|10,desktop,new,Direct,58,58,58,22,0.3793,0.6207,0,80
2023|10,desktop,new,Organic Search,33,33,33,32,0.9697,0.0303,0,99
2023|10,desktop,new,Referral,9,9,9,6,0.6667,0.3333,0,16
2023|10,desktop,returning,Direct,13,8,0,8,0.6154,0.3846,0,36
2023|10,desktop,returning,Organic Search,16,10,0,7,0.4375,0.5625,0,25
2023|10,desktop,returning,Referral,14,2,0,10,0.7143,0.2857,0,24
2023|10,mobile,(not set),Direct,10,3,0,0,0,1,0,9
2023|10,mobile,(not set),Organic Search,2,2,0,0,0,1,0,2
2023|10,mobile,(not set),Referral,2,1,0,0,0,1,0,1
2023|10,mobile,new,Direct,31,31,31,11,0.3548,0.6452,0,52
2023|10,mobile,new,Organic Search,41,41,41,33,0.8049,0.1951,0,114
2023|10,mobile,new,Organic Social,2,2,2,1,0.5,0.5,0,3
2023|10,mobile,new,Referral,5,5,5,4,0.8,0.2,0,15
2023|10,mobile,returning,Direct,8,4,0,3,0.375,0.625,0,16
2023|10,mobile,returning,Organic Search,18,12,0,13,0.7222,0.2778,0,34
2023|10,tablet,new,Direct,1,1,1,0,0,1,0,1
2023|10,tablet,new,Organic Search,4,4,4,4,1,0,0,21
2023|10,tablet,returning,Organic Search,1,1,0,0,0,1,0,0
2023|11,desktop,(not set),Direct,9,2,0,0,0,1,0,8
2023|11,desktop,(not set),Organic Search,1,1,0,0,0,1,0,0
2023|11,desktop,(not set),Referral,2,2,0,0,0,1,0,2
2023|11,desktop,new,Direct,39,39,39,22,0.5641,0.4359,0,76
2023|11,desktop,new,Organic Search,29,29,29,23,0.7931,0.2069,0,103
2023|11,desktop,new,Organic Social,1,1,1,1,1,0,0,1
2023|11,desktop,new,Referral,9,9,9,9,1,0,0,39
2023|11,desktop,returning,Direct,13,7,0,6,0.4615,0.5385,0,50
2023|11,desktop,returning,Organic Search,14,9,0,11,0.7857,0.2143,0,28
2023|11,desktop,returning,Organic Social,1,1,0,0,0,1,0,0
2023|11,desktop,returning,Referral,3,2,0,3,1,0,0,22
2023|11,mobile,(not set),Direct,1,1,0,0,0,1,0,1
2023|11,mobile,(not set),Referral,3,2,0,0,0,1,0,3
2023|11,mobile,new,Direct,23,23,23,7,0.3043,0.6957,0,31
2023|11,mobile,new,Organic Search,27,27,27,20,0.7407,0.2593,0,74
2023|11,mobile,new,Organic Social,1,1,1,0,0,1,0,1
2023|11,mobile,new,Referral,9,9,9,7,0.7778,0.2222,0,23
2023|11,mobile,returning,Direct,3,2,0,1,0.3333,0.6667,0,4
2023|11,mobile,returning,Organic Search,9,8,0,5,0.5556,0.4444,0,27
2023|11,mobile,returning,Referral,11,4,0,3,0.2727,0.7273,0,15
2023|11,tablet,new,Organic Search,1,1,1,1,1,0,0,2
2023|12,desktop,(not set),Direct,7,3,0,0,0,1,0,6
2023|12,desktop,(not set),Organic Search,3,3,0,0,0,1,0,0
2023|12,desktop,new,Direct,56,56,56,19,0.3393,0.6607,1,104
2023|12,desktop,new,Organic Search,31,31,31,29,0.9355,0.0645,0,95
2023|12,desktop,new,Referral,9,9,9,6,0.6667,0.3333,0,28
2023|12,desktop,returning,Direct,19,4,0,12,0.6316,0.3684,1,40
2023|12,desktop,returning,Organic Search,7,5,0,5,0.7143,0.2857,0,23
2023|12,desktop,returning,Referral,9,3,0,8,0.8889,0.1111,0,57
2023|12,mobile,(not set),Direct,7,4,0,0,0,1,0,7
2023|12,mobile,(not set),Organic Search,2,2,0,0,0,1,0,2
2023|12,mobile,(not set),Referral,1,1,0,0,0,1,0,1
2023|12,mobile,new,Direct,27,27,27,13,0.4815,0.5185,1,49
2023|12,mobile,new,Organic Search,24,24,24,15,0.625,0.375,0,63
2023|12,mobile,new,Referral,4,4,4,3,0.75,0.25,0,6
2023|12,mobile,returning,Direct,11,6,0,9,0.8182,0.1818,0,47
2023|12,mobile,returning,Organic Search,7,3,0,2,0.2857,0.7143,0,10
2023|12,mobile,returning,Referral,8,3,0,4,0.5,0.5,0,17
2023|12,tablet,new,Direct,1,1,1,0,0,1,0,1
2024|01,desktop,(not set),Direct,12,7,0,0,0,1,0,7
2024|01,desktop,(not set),Organic Search,3,3,0,0,0,1,0,0
2024|01,desktop,(not set),Organic Social,2,1,0,0,0,1,0,0
2024|01,desktop,(not set),Referral,1,1,0,0,0,1,0,1
2024|01,desktop,(not set),Unassigned,0,1,0,0,,0,8,0
2024|01,desktop,new,Direct,72,72,72,26,0.3611,0.6389,0,114
2024|01,desktop,new,Organic Search,43,43,43,41,0.9535,0.0465,0,127
2024|01,desktop,new,Organic Social,7,7,7,7,1,0,0,20
2024|01,desktop,new,Referral,6,6,6,4,0.6667,0.3333,0,16
2024|01,desktop,returning,Direct,46,13,0,27,0.587,0.413,0,116
2024|01,desktop,returning,Organic Search,43,16,0,30,0.6977,0.3023,0,96
2024|01,desktop,returning,Referral,28,4,0,19,0.6786,0.3214,0,92
2024|01,mobile,(not set),Direct,7,7,0,0,0,1,0,7
2024|01,mobile,(not set),Organic Search,3,3,0,0,0,1,0,3
2024|01,mobile,(not set),Referral,2,1,0,0,0,1,0,2
2024|01,mobile,new,Direct,34,34,34,17,0.5,0.5,0,60
2024|01,mobile,new,Organic Search,37,37,37,32,0.8649,0.1351,0,82
2024|01,mobile,new,Organic Social,9,9,9,3,0.3333,0.6667,0,10
2024|01,mobile,new,Referral,3,3,3,2,0.6667,0.3333,0,6
2024|01,mobile,returning,Direct,9,8,0,6,0.6667,0.3333,0,32
2024|01,mobile,returning,Organic Search,9,8,0,3,0.3333,0.6667,0,9
2024|01,mobile,returning,Referral,7,1,0,4,0.5714,0.4286,0,8
2024|01,tablet,new,Direct,1,1,1,0,0,1,0,1
2024|02,desktop,(not set),Direct,28,6,0,0,0,1,0,24
2024|02,desktop,(not set),Organic Search,11,7,0,0,0,1,0,5
2024|02,desktop,(not set),Referral,1,1,0,0,0,1,0,1
2024|02,desktop,(not set),Unassigned,0,1,0,0,,0,22,0
2024|02,desktop,new,Direct,55,55,55,23,0.4182,0.5818,1,114
2024|02,desktop,new,Organic Search,34,34,34,31,0.9118,0.0882,0,131
2024|02,desktop,new,Organic Social,5,5,5,5,1,0,0,19
2024|02,desktop,new,Paid Search,47,47,47,29,0.617,0.383,0,132
2024|02,desktop,new,Referral,843,844,844,1,0.0012,0.9988,0,844
2024|02,desktop,returning,Direct,36,7,0,31,0.8611,0.1389,0,116
2024|02,desktop,returning,Organic Search,52,17,0,37,0.7115,0.2885,0,149
2024|02,desktop,returning,Organic Social,2,1,0,1,0.5,0.5,0,2
2024|02,desktop,returning,Paid Search,6,4,0,4,0.6667,0.3333,0,20
2024|02,desktop,returning,Referral,3,3,0,1,0.3333,0.6667,0,2
2024|02,mobile,(not set),Direct,6,6,0,0,0,1,0,6
2024|02,mobile,(not set),Organic Search,6,5,0,0,0,1,0,6
2024|02,mobile,(not set),Paid Search,9,6,0,1,0.1111,0.8889,0,9
2024|02,mobile,(not set),Referral,1,1,0,0,0,1,0,1
2024|02,mobile,new,Direct,61,61,61,35,0.5738,0.4262,0,101
2024|02,mobile,new,Organic Search,37,37,37,30,0.8108,0.1892,0,98
2024|02,mobile,new,Organic Social,6,6,6,3,0.5,0.5,0,8
2024|02,mobile,new,Paid Search,433,433,433,150,0.3464,0.6536,0,538
2024|02,mobile,new,Referral,2,2,2,2,1,0,0,3
2024|02,mobile,returning,Direct,16,8,0,9,0.5625,0.4375,0,24
2024|02,mobile,returning,Organic Search,11,7,0,6,0.5455,0.4545,0,22
2024|02,mobile,returning,Paid Search,22,16,0,6,0.2727,0.7273,0,27
2024|02,mobile,returning,Referral,9,3,0,6,0.6667,0.3333,0,24
2024|02,tablet,new,Direct,3,3,3,2,0.6667,0.3333,0,3
2024|02,tablet,new,Organic Search,3,3,3,2,0.6667,0.3333,0,5
2024|02,tablet,new,Paid Search,22,22,22,7,0.3182,0.6818,0,27
2024|03,desktop,(not set),Direct,27,5,0,1,0.037,0.963,0,26
2024|03,desktop,(not set),Organic Search,10,7,0,0,0,1,0,8
2024|03,desktop,(not set),Paid Search,1,1,0,0,0,1,0,0
2024|03,desktop,(not set),Referral,6,2,0,0,0,1,0,3
2024|03,desktop,(not set),Unassigned,3,4,0,0,0,1,24,12
2024|03,desktop,new,Direct,53,53,53,31,0.5849,0.4151,0,186
2024|03,desktop,new,Organic Search,35,35,35,32,0.9143,0.0857,0,130
2024|03,desktop,new,Organic Social,7,7,7,4,0.5714,0.4286,0,16
2024|03,desktop,new,Paid Search,35,35,35,26,0.7429,0.2571,0,72
2024|03,desktop,new,Referral,83,83,83,6,0.0723,0.9277,0,94
2024|03,desktop,returning,Direct,32,10,0,21,0.6563,0.3438,0,127
2024|03,desktop,returning,Organic Search,48,15,0,35,0.7292,0.2708,0,108
2024|03,desktop,returning,Organic Social,3,3,0,1,0.3333,0.6667,0,1
2024|03,desktop,returning,Paid Search,5,3,0,4,0.8,0.2,0,17
2024|03,desktop,returning,Referral,16,4,0,11,0.6875,0.3125,0,29
2024|03,mobile,(not set),Direct,20,10,0,0,0,1,0,20
2024|03,mobile,(not set),Organic Search,7,4,0,0,0,1,0,7
2024|03,mobile,(not set),Paid Search,7,7,0,0,0,1,0,7
2024|03,mobile,new,Direct,75,75,75,23,0.3067,0.6933,0,104
2024|03,mobile,new,Organic Search,47,47,47,33,0.7021,0.2979,0,123
2024|03,mobile,new,Organic Social,11,11,11,8,0.7273,0.2727,0,20
2024|03,mobile,new,Paid Search,429,428,428,150,0.3497,0.6503,0,547
2024|03,mobile,new,Referral,7,7,7,4,0.5714,0.4286,0,10
2024|03,mobile,returning,Direct,13,11,0,8,0.6154,0.3846,0,30
2024|03,mobile,returning,Organic Search,39,15,0,22,0.5641,0.4359,0,95
2024|03,mobile,returning,Organic Social,2,2,0,0,0,1,0,2
2024|03,mobile,returning,Paid Search,15,15,0,5,0.3333,0.6667,0,16
2024|03,mobile,returning,Referral,1,1,0,0,0,1,0,0
2024|03,tablet,(not set),Organic Search,2,1,0,0,0,1,0,2
2024|03,tablet,new,Organic Search,3,3,3,3,1,0,0,13
2024|03,tablet,new,Paid Search,9,9,9,5,0.5556,0.4444,0,16
2024|03,tablet,returning,Organic Search,1,1,0,0,0,1,0,0
2024|04,desktop,(not set),Direct,21,4,0,0,0,1,0,20
2024|04,desktop,(not set),Organic Search,7,4,0,0,0,1,0,3
2024|04,desktop,(not set),Organic Social,1,1,0,0,0,1,0,1
2024|04,desktop,(not set),Paid Search,5,4,0,1,0.2,0.8,0,3
2024|04,desktop,(not set),Referral,3,1,0,0,0,1,0,2
2024|04,desktop,(not set),Unassigned,10,11,0,0,0,1,11,1
2024|04,desktop,new,Direct,36,36,36,18,0.5,0.5,0,74
2024|04,desktop,new,Organic Search,55,55,55,49,0.8909,0.1091,0,140
2024|04,desktop,new,Organic Social,9,9,9,8,0.8889,0.1111,0,20
2024|04,desktop,new,Paid Search,22,22,22,16,0.7273,0.2727,0,48
2024|04,desktop,new,Referral,11,11,11,7,0.6364,0.3636,0,29
2024|04,desktop,new,Unassigned,0,1,0,0,,0,1,0
2024|04,desktop,returning,Direct,23,9,0,14,0.6087,0.3913,0,58
2024|04,desktop,returning,Organic Search,24,14,0,17,0.7083,0.2917,0,46
2024|04,desktop,returning,Organic Social,1,1,0,0,0,1,0,0
2024|04,desktop,returning,Paid Search,2,2,0,1,0.5,0.5,0,1
2024|04,desktop,returning,Referral,24,3,0,16,0.6667,0.3333,0,42
2024|04,desktop,returning,Unassigned,2,1,0,0,0,1,0,2
2024|04,mobile,(not set),Direct,7,5,0,0,0,1,0,7
2024|04,mobile,(not set),Organic Search,13,9,0,0,0,1,0,13
2024|04,mobile,(not set),Paid Search,3,3,0,0,0,1,0,3
2024|04,mobile,new,Direct,99,99,99,24,0.2424,0.7576,0,145
2024|04,mobile,new,Organic Search,39,39,39,34,0.8718,0.1282,0,108
2024|04,mobile,new,Organic Social,7,7,7,5,0.7143,0.2857,0,9
2024|04,mobile,new,Paid Search,181,181,181,67,0.3702,0.6298,0,241
2024|04,mobile,new,Referral,12,12,12,4,0.3333,0.6667,0,14
2024|04,mobile,returning,Direct,14,13,0,2,0.1429,0.8571,0,17
2024|04,mobile,returning,Organic Search,26,13,0,11,0.4231,0.5769,0,38
2024|04,mobile,returning,Paid Search,13,11,0,3,0.2308,0.7692,0,14
2024|04,mobile,returning,Referral,3,3,0,1,0.3333,0.6667,0,5
2024|04,tablet,new,Direct,2,2,2,2,1,0,0,4
2024|04,tablet,new,Organic Search,3,3,3,1,0.3333,0.6667,0,4
2024|04,tablet,new,Organic Social,1,1,1,1,1,0,0,2
2024|04,tablet,new,Paid Search,5,5,4,4,0.8,0.2,0,13
2024|05,desktop,(not set),Direct,21,2,0,1,0.0476,0.9524,0,19
2024|05,desktop,(not set),Organic Search,5,5,0,0,0,1,0,2
2024|05,desktop,(not set),Referral,2,1,0,0,0,1,0,0
2024|05,desktop,(not set),Unassigned,0,1,0,0,,0,16,0
2024|05,desktop,new,Direct,49,49,49,20,0.4082,0.5918,0,79
2024|05,desktop,new,Organic Search,30,30,30,26,0.8667,0.1333,0,119
2024|05,desktop,new,Organic Social,1,1,1,1,1,0,0,1
2024|05,desktop,new,Paid Search,41,41,41,30,0.7317,0.2683,0,111
2024|05,desktop,new,Referral,6,6,6,5,0.8333,0.1667,0,17
2024|05,desktop,returning,Direct,26,4,0,19,0.7308,0.2692,0,86
2024|05,desktop,returning,Organic Search,36,18,0,28,0.7778,0.2222,0,90
2024|05,desktop,returning,Paid Search,5,5,0,3,0.6,0.4,0,5
2024|05,desktop,returning,Referral,33,3,0,24,0.7273,0.2727,0,66
2024|05,desktop,returning,Unassigned,1,1,0,0,0,1,0,1
2024|05,mobile,(not set),Direct,13,7,0,0,0,1,0,12
2024|05,mobile,(not set),Organic Search,2,2,0,0,0,1,0,2
2024|05,mobile,(not set),Paid Search,1,1,0,0,0,1,0,1
2024|05,mobile,new,Direct,32,32,32,18,0.5625,0.4375,0,71
2024|05,mobile,new,Organic Search,33,33,33,25,0.7576,0.2424,0,96
2024|05,mobile,new,Organic Social,3,3,3,2,0.6667,0.3333,0,5
2024|05,mobile,new,Paid Search,155,156,156,54,0.3484,0.6516,0,193
2024|05,mobile,new,Referral,2,2,2,2,1,0,0,4
2024|05,mobile,returning,Direct,13,9,0,5,0.3846,0.6154,1,24
2024|05,mobile,returning,Organic Search,10,5,0,6,0.6,0.4,0,19
2024|05,mobile,returning,Organic Social,1,1,0,1,1,0,0,3
2024|05,mobile,returning,Paid Search,1,1,0,1,1,0,0,1
2024|05,tablet,(not set),Organic Search,1,1,0,0,0,1,0,1
2024|05,tablet,new,Organic Search,1,1,1,1,1,0,0,6
2024|05,tablet,new,Paid Search,22,22,22,5,0.2273,0.7727,0,23
2024|05,tablet,returning,Organic Search,1,1,0,0,0,1,0,0
2024|05,tablet,returning,Paid Search,1,1,0,0,0,1,0,1
2024|06,desktop,(not set),Direct,14,4,0,0,0,1,0,12
2024|06,desktop,(not set),Organic Search,7,7,0,0,0,1,0,1
2024|06,desktop,(not set),Organic Social,1,1,0,0,0,1,0,1
2024|06,desktop,(not set),Referral,6,5,0,0,0,1,0,3
2024|06,desktop,(not set),Unassigned,0,1,0,0,,0,21,0
2024|06,desktop,new,Direct,63,63,63,24,0.381,0.619,0,111
2024|06,desktop,new,Organic Search,39,39,39,36,0.9231,0.0769,0,134
2024|06,desktop,new,Paid Search,16,16,16,14,0.875,0.125,0,45
2024|06,desktop,new,Referral,9,9,9,8,0.8889,0.1111,0,20
2024|06,desktop,returning,Direct,40,8,0,25,0.625,0.375,0,110
2024|06,desktop,returning,Organic Search,23,11,0,15,0.6522,0.3478,0,110
2024|06,desktop,returning,Paid Search,4,4,0,0,0,1,0,1
2024|06,desktop,returning,Referral,28,4,0,20,0.7143,0.2857,0,47
2024|06,desktop,returning,Unassigned,1,1,0,0,0,1,0,2
2024|06,mobile,(not set),Direct,6,4,0,0,0,1,0,6
2024|06,mobile,(not set),Organic Search,5,4,0,0,0,1,0,5
2024|06,mobile,(not set),Paid Search,14,6,0,2,0.1429,0.8571,0,16
2024|06,mobile,(not set),Referral,2,2,0,0,0,1,0,2
2024|06,mobile,(not set),Unassigned,1,1,0,0,0,1,0,0
2024|06,mobile,new,Direct,41,41,41,22,0.5366,0.4634,0,77
2024|06,mobile,new,Organic Search,41,41,41,33,0.8049,0.1951,0,102
2024|06,mobile,new,Organic Social,4,4,4,2,0.5,0.5,0,21
2024|06,mobile,new,Paid Search,247,247,247,122,0.4939,0.5061,0,352
2024|06,mobile,new,Referral,2,2,2,1,0.5,0.5,0,3
2024|06,mobile,returning,Direct,15,6,0,8,0.5333,0.4667,0,23
2024|06,mobile,returning,Organic Search,19,11,0,8,0.4211,0.5789,0,37
2024|06,mobile,returning,Organic Social,2,1,0,1,0.5,0.5,0,2
2024|06,mobile,returning,Paid Search,15,15,0,2,0.1333,0.8667,0,12
2024|06,mobile,returning,Referral,1,1,0,0,0,1,0,1
2024|06,tablet,new,Direct,9,9,9,0,0,1,0,9
2024|06,tablet,new,Organic Search,1,1,1,1,1,0,0,6
2024|06,tablet,new,Paid Search,6,6,6,2,0.3333,0.6667,0,6
2024|06,tablet,new,Referral,2,2,2,2,1,0,0,2
2024|07,desktop,(not set),Direct,19,4,0,0,0,1,0,16
2024|07,desktop,(not set),Organic Search,3,3,0,0,0,1,0,2
2024|07,desktop,(not set),Organic Social,1,1,0,0,0,1,0,1
2024|07,desktop,(not set),Paid Search,1,1,0,0,0,1,0,0
2024|07,desktop,(not set),Referral,7,5,0,0,0,1,0,5
2024|07,desktop,(not set),Unassigned,0,1,0,0,,0,22,0
2024|07,desktop,new,Direct,44,44,44,11,0.25,0.75,0,54
2024|07,desktop,new,Organic Search,41,41,41,39,0.9512,0.0488,0,119
2024|07,desktop,new,Organic Social,1,1,1,1,1,0,0,5
2024|07,desktop,new,Paid Search,14,14,14,10,0.7143,0.2857,0,36
2024|07,desktop,new,Referral,11,11,11,8,0.7273,0.2727,0,25
2024|07,desktop,returning,Direct,22,5,0,14,0.6364,0.3636,0,61
2024|07,desktop,returning,Organic Search,26,14,0,17,0.6538,0.3462,0,48
2024|07,desktop,returning,Paid Search,1,1,0,0,0,1,0,0
2024|07,desktop,returning,Referral,28,6,0,20,0.7143,0.2857,0,51
2024|07,desktop,returning,Unassigned,2,2,0,0,0,1,0,2
2024|07,mobile,(not set),Direct,8,4,0,1,0.125,0.875,0,8
2024|07,mobile,(not set),Organic Search,1,1,0,0,0,1,0,1
2024|07,mobile,(not set),Paid Search,3,3,0,0,0,1,0,2
2024|07,mobile,(not set),Referral,5,2,0,0,0,1,0,5
2024|07,mobile,new,Direct,37,37,37,17,0.4595,0.5405,1,65
2024|07,mobile,new,Organic Search,28,28,28,23,0.8214,0.1786,0,66
2024|07,mobile,new,Organic Social,2,2,2,1,0.5,0.5,0,2
2024|07,mobile,new,Paid Search,118,118,118,42,0.3559,0.6441,0,148
2024|07,mobile,new,Referral,5,5,5,2,0.4,0.6,0,9
2024|07,mobile,new,Unassigned,1,1,0,0,0,1,0,5
2024|07,mobile,returning,Direct,8,8,0,4,0.5,0.5,0,11
2024|07,mobile,returning,Organic Search,19,8,0,13,0.6842,0.3158,0,37
2024|07,mobile,returning,Paid Search,6,6,0,4,0.6667,0.3333,0,9
2024|07,mobile,returning,Referral,6,2,0,2,0.3333,0.6667,0,15
2024|07,tablet,new,Direct,4,4,4,0,0,1,0,4
2024|07,tablet,new,Organic Search,1,1,1,1,1,0,0,1
2024|07,tablet,new,Paid Search,3,3,3,0,0,1,0,3
2024|08,desktop,(not set),Direct,10,3,0,1,0.1,0.9,0,11
2024|08,desktop,(not set),Organic Search,7,5,0,0,0,1,0,4
2024|08,desktop,(not set),Referral,2,1,0,0,0,1,0,2
2024|08,desktop,(not set),Unassigned,0,1,0,0,,0,10,0
2024|08,desktop,new,Direct,34,34,34,12,0.3529,0.6471,0,45
2024|08,desktop,new,Organic Search,34,34,34,31,0.9118,0.0882,0,117
2024|08,desktop,new,Organic Social,5,5,5,4,0.8,0.2,0,16
2024|08,desktop,new,Paid Search,1,1,1,1,1,0,0,1
2024|08,desktop,new,Referral,8,8,8,6,0.75,0.25,0,19
2024|08,desktop,returning,Direct,27,7,0,16,0.5926,0.4074,0,75
2024|08,desktop,returning,Organic Search,30,13,0,21,0.7,0.3,0,65
2024|08,desktop,returning,Organic Social,3,2,0,1,0.3333,0.6667,0,3
2024|08,desktop,returning,Referral,18,5,0,13,0.7222,0.2778,0,32
2024|08,mobile,(not set),Direct,1,1,0,0,0,1,0,1
2024|08,mobile,(not set),Organic Search,8,4,0,0,0,1,0,8
2024|08,mobile,(not set),Paid Search,1,1,0,0,0,1,0,1
2024|08,mobile,new,Direct,32,32,32,11,0.3438,0.6563,0,62
2024|08,mobile,new,Organic Search,34,34,34,27,0.7941,0.2059,0,90
2024|08,mobile,new,Organic Social,1,1,1,1,1,0,0,1
2024|08,mobile,new,Paid Search,6,6,6,3,0.5,0.5,0,6
2024|08,mobile,new,Referral,3,3,3,3,1,0,0,5
2024|08,mobile,returning,Direct,28,10,0,18,0.6429,0.3571,0,51
2024|08,mobile,returning,Organic Search,15,14,0,8,0.5333,0.4667,0,27
2024|08,tablet,new,Direct,1,1,1,0,0,1,0,1
2024|08,tablet,new,Organic Search,3,3,3,3,1,0,0,12
2024|08,tablet,new,Organic Social,1,1,1,1,1,0,0,1
2024|08,tablet,new,Referral,1,1,1,1,1,0,0,2
2024|09,desktop,(not set),Direct,24,5,0,0,0,1,0,23
2024|09,desktop,(not set),Organic Search,5,4,0,0,0,1,0,2
2024|09,desktop,(not set),Paid Search,1,1,0,0,0,1,0,0
2024|09,desktop,(not set),Referral,4,4,0,0,0,1,0,2
2024|09,desktop,(not set),Unassigned,0,1,0,0,,0,13,0
2024|09,desktop,new,Direct,82,82,81,23,0.2805,0.7195,0,120
2024|09,desktop,new,Organic Search,49,49,49,37,0.7551,0.2449,1,129
2024|09,desktop,new,Organic Social,5,5,5,4,0.8,0.2,0,5
2024|09,desktop,new,Paid Search,26,26,26,23,0.8846,0.1154,0,63
2024|09,desktop,new,Referral,18,18,18,11,0.6111,0.3889,0,47
2024|09,desktop,returning,Direct,20,7,0,13,0.65,0.35,1,67
2024|09,desktop,returning,Organic Search,22,13,0,14,0.6364,0.3636,0,26
2024|09,desktop,returning,Organic Social,2,1,0,2,1,0,0,4
2024|09,desktop,returning,Paid Search,3,2,0,1,0.3333,0.6667,0,2
2024|09,desktop,returning,Referral,31,6,0,20,0.6452,0.3548,0,66
2024|09,mobile,(not set),Direct,4,4,0,0,0,1,0,4
2024|09,mobile,(not set),Organic Search,8,6,0,0,0,1,0,7
2024|09,mobile,(not set),Paid Search,7,2,0,0,0,1,0,7
2024|09,mobile,new,Direct,55,55,55,27,0.4909,0.5091,0,115
2024|09,mobile,new,Organic Search,37,36,37,24,0.6486,0.3514,0,72
2024|09,mobile,new,Organic Social,29,29,29,13,0.4483,0.5517,0,41
2024|09,mobile,new,Paid Search,200,199,200,65,0.325,0.675,0,260
2024|09,mobile,new,Referral,6,6,6,5,0.8333,0.1667,0,12
2024|09,mobile,returning,Direct,18,14,0,7,0.3889,0.6111,0,23
2024|09,mobile,returning,Organic Search,19,14,0,9,0.4737,0.5263,0,34
2024|09,mobile,returning,Paid Search,19,12,0,11,0.5789,0.4211,0,46
2024|09,mobile,returning,Referral,3,3,0,0,0,1,0,2
2024|09,tablet,new,Direct,11,11,11,1,0.0909,0.9091,0,13
2024|09,tablet,new,Organic Search,1,1,1,1,1,0,0,2
2024|09,tablet,new,Organic Social,1,1,1,1,1,0,0,1
2024|09,tablet,new,Paid Search,11,11,11,4,0.3636,0.6364,0,14
2024|10,desktop,(not set),Direct,14,4,0,0,0,1,0,14
2024|10,desktop,(not set),Organic Search,3,3,0,0,0,1,0,0
2024|10,desktop,(not set),Organic Social,2,2,0,0,0,1,0,2
2024|10,desktop,(not set),Paid Search,1,1,0,0,0,1,0,0
2024|10,desktop,(not set),Referral,9,6,0,0,0,1,0,4
2024|10,desktop,(not set),Unassigned,0,1,0,0,,0,20,0
2024|10,desktop,new,Direct,53,53,54,19,0.3585,0.6415,0,105
2024|10,desktop,new,Organic Search,67,67,67,29,0.4328,0.5672,0,108
2024|10,desktop,new,Organic Social,5,5,5,2,0.4,0.6,0,5
2024|10,desktop,new,Paid Search,21,21,21,11,0.5238,0.4762,0,33
2024|10,desktop,new,Referral,8,8,8,8,1,0,0,17
2024|10,desktop,returning,Direct,32,5,0,22,0.6875,0.3125,0,184
2024|10,desktop,returning,Organic Search,28,12,0,21,0.75,0.25,0,75
2024|10,desktop,returning,Organic Social,2,2,0,2,1,0,0,3
2024|10,desktop,returning,Referral,38,7,0,28,0.7368,0.2632,0,148
2024|10,desktop,returning,Unassigned,1,1,0,0,0,1,0,13
2024|10,mobile,(not set),Direct,3,3,0,0,0,1,0,3
2024|10,mobile,(not set),Organic Search,13,6,0,0,0,1,0,12
2024|10,mobile,(not set),Paid Search,7,6,0,0,0,1,0,7
2024|10,mobile,(not set),Referral,3,2,0,0,0,1,0,3
2024|10,mobile,new,Direct,37,37,37,19,0.5135,0.4865,0,67
2024|10,mobile,new,Organic Search,44,44,44,37,0.8409,0.1591,0,124
2024|10,mobile,new,Organic Social,22,22,22,7,0.3182,0.6818,0,34
2024|10,mobile,new,Paid Search,175,175,175,59,0.3371,0.6629,0,211
2024|10,mobile,new,Referral,7,7,7,5,0.7143,0.2857,0,25
2024|10,mobile,new,Unassigned,1,1,1,1,1,0,0,1
2024|10,mobile,returning,Direct,12,6,0,8,0.6667,0.3333,1,20
2024|10,mobile,returning,Organic Search,40,17,0,22,0.55,0.45,0,114
2024|10,mobile,returning,Paid Search,16,15,0,5,0.3125,0.6875,0,20
2024|10,mobile,returning,Referral,3,3,0,2,0.6667,0.3333,0,7
2024|10,tablet,new,Direct,24,24,24,0,0,1,0,24
2024|10,tablet,new,Organic Search,1,1,1,0,0,1,0,1
2024|10,tablet,new,Paid Search,6,6,6,2,0.3333,0.6667,0,7
2024|10,tablet,new,Referral,1,1,1,1,1,0,0,13
2024|11,desktop,(not set),Direct,15,2,0,0,0,1,0,15
2024|11,desktop,(not set),Organic Search,11,7,0,0,0,1,0,6
2024|11,desktop,(not set),Referral,3,2,0,0,0,1,0,2
2024|11,desktop,(not set),Unassigned,0,1,0,0,,0,12,0
2024|11,desktop,new,Direct,60,60,61,13,0.2167,0.7833,3,77
2024|11,desktop,new,Organic Search,38,38,38,30,0.7895,0.2105,0,108
2024|11,desktop,new,Organic Social,15,15,14,11,0.7333,0.2667,0,15
2024|11,desktop,new,Paid Search,31,31,31,14,0.4516,0.5484,0,46
2024|11,desktop,new,Referral,7,7,7,6,0.8571,0.1429,0,14
2024|11,desktop,returning,Direct,30,4,0,24,0.8,0.2,0,204
2024|11,desktop,returning,Organic Search,20,11,0,14,0.7,0.3,0,38
2024|11,desktop,returning,Paid Search,4,4,0,1,0.25,0.75,0,4
2024|11,desktop,returning,Referral,40,4,0,27,0.675,0.325,0,185
2024|11,mobile,(not set),Direct,4,4,0,0,0,1,0,4
2024|11,mobile,(not set),Organic Search,11,8,0,0,0,1,0,10
2024|11,mobile,(not set),Paid Search,5,5,0,0,0,1,0,4
2024|11,mobile,new,Direct,41,41,41,15,0.3659,0.6341,0,75
2024|11,mobile,new,Organic Search,43,43,43,33,0.7674,0.2326,0,101
2024|11,mobile,new,Organic Social,32,32,32,13,0.4063,0.5938,0,35
2024|11,mobile,new,Paid Search,195,195,195,70,0.359,0.641,0,249
2024|11,mobile,new,Referral,4,4,4,2,0.5,0.5,0,9
2024|11,mobile,new,Unassigned,1,1,0,0,0,1,0,0
2024|11,mobile,returning,Direct,19,6,0,14,0.7368,0.2632,0,43
2024|11,mobile,returning,Organic Search,24,8,0,13,0.5417,0.4583,0,39
2024|11,mobile,returning,Paid Search,16,14,0,7,0.4375,0.5625,0,23
2024|11,mobile,returning,Referral,2,2,0,1,0.5,0.5,0,2
2024|11,mobile,returning,Unassigned,1,1,0,0,0,1,0,3
2024|11,smart tv,new,Direct,1,1,1,0,0,1,0,1
2024|11,tablet,new,Direct,7,7,7,2,0.2857,0.7143,0,9
2024|11,tablet,new,Paid Search,13,13,13,6,0.4615,0.5385,0,13
2024|11,tablet,returning,Paid Search,1,1,0,0,0,1,0,1
2024|12,desktop,(not set),Direct,16,7,0,0,0,1,0,15
2024|12,desktop,(not set),Organic Search,3,2,0,0,0,1,0,2
2024|12,desktop,(not set),Referral,6,4,0,0,0,1,0,4
2024|12,desktop,new,Direct,65,65,65,25,0.3846,0.6154,5,98
2024|12,desktop,new,Organic Search,39,39,39,33,0.8462,0.1538,5,98
2024|12,desktop,new,Organic Social,11,11,11,6,0.5455,0.4545,0,12
2024|12,desktop,new,Paid Search,13,13,13,5,0.3846,0.6154,0,20
2024|12,desktop,new,Referral,11,11,11,9,0.8182,0.1818,3,32
2024|12,desktop,new,Unassigned,1,1,0,0,0,1,1,1
2024|12,desktop,returning,Direct,16,8,0,9,0.5625,0.4375,1,46
2024|12,desktop,returning,Organic Search,17,10,0,8,0.4706,0.5294,3,30
2024|12,desktop,returning,Paid Search,2,2,0,1,0.5,0.5,0,2
2024|12,desktop,returning,Referral,18,7,0,8,0.4444,0.5556,0,36
2024|12,mobile,(not set),Direct,7,6,0,0,0,1,0,5
2024|12,mobile,(not set),Organic Search,6,3,0,0,0,1,0,6
2024|12,mobile,(not set),Paid Search,9,2,0,0,0,1,0,9
2024|12,mobile,(not set),Referral,1,1,0,0,0,1,0,1
2024|12,mobile,new,Direct,33,33,33,12,0.3636,0.6364,2,49
2024|12,mobile,new,Organic Search,33,33,33,23,0.697,0.303,1,61
2024|12,mobile,new,Organic Social,4,4,4,4,1,0,0,19
2024|12,mobile,new,Paid Search,115,115,115,48,0.4174,0.5826,0,149
2024|12,mobile,new,Referral,3,3,3,1,0.3333,0.6667,1,7
2024|12,mobile,returning,Direct,14,11,0,8,0.5714,0.4286,1,19
2024|12,mobile,returning,Organic Search,23,11,0,17,0.7391,0.2609,2,51
2024|12,mobile,returning,Paid Search,11,10,0,5,0.4545,0.5455,0,13
2024|12,tablet,new,Direct,8,8,8,0,0,1,0,8
2024|12,tablet,new,Organic Search,1,1,1,1,1,0,0,2
2024|12,tablet,new,Paid Search,12,12,12,4,0.3333,0.6667,0,12
2024|12,tablet,returning,Organic Search,1,1,0,0,0,1,0,0
2025|01,desktop,(not set),Direct,21,5,0,1,0.0476,0.9524,1,20
2025|01,desktop,(not set),Organic Search,6,6,0,0,0,1,0,1
2025|01,desktop,(not set),Referral,11,3,0,0,0,1,0,9
2025|01,desktop,new,Direct,56,56,56,21,0.375,0.625,4,80
2025|01,desktop,new,Organic Search,53,53,53,41,0.7736,0.2264,5,114
2025|01,desktop,new,Organic Social,26,26,26,19,0.7308,0.2692,0,29
2025|01,desktop,new,Paid Search,3,3,3,3,1,0,0,7
2025|01,desktop,new,Referral,12,12,12,12,1,0,2,50
2025|01,desktop,returning,Direct,34,10,0,22,0.6471,0.3529,1,105
2025|01,desktop,returning,Organic Search,35,17,0,21,0.6,0.4,1,72
2025|01,desktop,returning,Organic Social,1,1,0,1,1,0,1,2
2025|01,desktop,returning,Paid Search,1,1,0,0,0,1,0,0
2025|01,desktop,returning,Referral,21,5,0,14,0.6667,0.3333,1,44
2025|01,desktop,returning,Unassigned,2,1,0,0,0,1,0,7
2025|01,mobile,(not set),Direct,6,4,0,0,0,1,0,6
2025|01,mobile,(not set),Organic Search,17,12,0,0,0,1,0,17
2025|01,mobile,(not set),Organic Social,1,1,0,0,0,1,0,1
2025|01,mobile,new,Direct,32,32,32,12,0.375,0.625,0,45
2025|01,mobile,new,Organic Search,51,51,51,38,0.7451,0.2549,0,118
2025|01,mobile,new,Organic Social,19,19,19,11,0.5789,0.4211,1,38
2025|01,mobile,new,Paid Search,43,43,43,15,0.3488,0.6512,1,60
2025|01,mobile,new,Paid Social,27,27,27,5,0.1852,0.8148,0,31
2025|01,mobile,new,Referral,4,4,4,4,1,0,0,18
2025|01,mobile,returning,Direct,11,9,0,6,0.5455,0.4545,0,20
2025|01,mobile,returning,Organic Search,26,15,0,14,0.5385,0.4615,1,57
2025|01,mobile,returning,Organic Social,1,1,0,1,1,0,0,3
2025|01,mobile,returning,Paid Search,3,3,0,0,0,1,0,2
2025|01,mobile,returning,Paid Social,1,1,0,0,0,1,0,1
2025|01,tablet,new,Direct,1,1,1,1,1,0,0,2
2025|01,tablet,new,Organic Search,1,1,1,1,1,0,0,1
2025|01,tablet,new,Paid Social,3,3,3,2,0.6667,0.3333,0,12
2025|02,desktop,(not set),Direct,15,4,0,0,0,1,0,13
2025|02,desktop,(not set),Organic Search,4,2,0,0,0,1,0,2
2025|02,desktop,(not set),Organic Social,5,3,0,0,0,1,0,0
2025|02,desktop,(not set),Referral,2,1,0,0,0,1,0,1
2025|02,desktop,new,Direct,56,56,56,25,0.4464,0.5536,9,101
2025|02,desktop,new,Organic Search,39,39,39,35,0.8974,0.1026,6,95
2025|02,desktop,new,Organic Social,21,21,21,10,0.4762,0.5238,0,21
2025|02,desktop,new,Paid Search,7,7,7,2,0.2857,0.7143,0,8
2025|02,desktop,new,Referral,7,7,7,6,0.8571,0.1429,0,19
2025|02,desktop,returning,Direct,43,10,0,32,0.7442,0.2558,1,141
2025|02,desktop,returning,Organic Search,31,16,0,18,0.5806,0.4194,1,45
2025|02,desktop,returning,Organic Social,4,1,0,4,1,0,0,17
2025|02,desktop,returning,Referral,23,5,0,16,0.6957,0.3043,2,67
2025|02,mobile,(not set),Direct,18,5,0,1,0.0556,0.9444,1,18
2025|02,mobile,(not set),Organic Search,10,7,0,0,0,1,0,10
2025|02,mobile,(not set),Referral,5,2,0,2,0.4,0.6,0,5
2025|02,mobile,(not set),Unassigned,3,3,0,0,0,1,0,5
2025|02,mobile,new,Direct,31,31,31,22,0.7097,0.2903,2,51
2025|02,mobile,new,Organic Search,47,47,47,39,0.8298,0.1702,3,141
2025|02,mobile,new,Organic Social,20,20,20,15,0.75,0.25,0,28
2025|02,mobile,new,Paid Search,45,45,45,18,0.4,0.6,0,49
2025|02,mobile,new,Referral,9,9,9,9,1,0,0,24
2025|02,mobile,returning,Direct,23,11,0,10,0.4348,0.5652,1,29
2025|02,mobile,returning,Organic Search,46,16,0,31,0.6739,0.3261,4,138
2025|02,mobile,returning,Referral,8,2,0,5,0.625,0.375,0,16
2025|02,tablet,new,Organic Search,2,2,2,2,1,0,0,7
2025|02,tablet,new,Referral,1,1,1,1,1,0,0,1
2025|03,desktop,(not set),Direct,26,8,0,1,0.0385,0.9615,1,21
2025|03,desktop,(not set),Organic Search,16,9,0,0,0,1,0,4
2025|03,desktop,(not set),Referral,4,4,0,0,0,1,0,1
2025|03,desktop,new,Direct,51,51,51,23,0.451,0.549,8,68
2025|03,desktop,new,Organic Search,56,56,56,47,0.8393,0.1607,6,153
2025|03,desktop,new,Organic Social,12,12,12,8,0.6667,0.3333,0,12
2025|03,desktop,new,Paid Search,3,3,3,0,0,1,0,3
2025|03,desktop,new,Referral,11,11,11,10,0.9091,0.0909,2,23
2025|03,desktop,returning,Direct,49,9,0,32,0.6531,0.3469,0,129
2025|03,desktop,returning,Organic Search,63,15,0,47,0.746,0.254,1,148
2025|03,desktop,returning,Referral,25,4,0,17,0.68,0.32,2,87
2025|03,mobile,(not set),Direct,18,8,0,0,0,1,0,18
2025|03,mobile,(not set),Organic Search,13,8,0,1,0.0769,0.9231,0,13
2025|03,mobile,(not set),Referral,1,1,0,0,0,1,0,1
2025|03,mobile,(not set),Unassigned,6,6,0,0,0,1,0,10
2025|03,mobile,new,Direct,45,45,45,18,0.4,0.6,0,69
2025|03,mobile,new,Organic Search,48,48,48,37,0.7708,0.2292,1,139
2025|03,mobile,new,Organic Social,23,23,23,13,0.5652,0.4348,0,43
2025|03,mobile,new,Paid Search,6,6,6,3,0.5,0.5,0,6
2025|03,mobile,new,Referral,3,3,3,2,0.6667,0.3333,0,3
2025|03,mobile,returning,Direct,19,9,0,6,0.3158,0.6842,0,25
2025|03,mobile,returning,Organic Search,28,12,0,16,0.5714,0.4286,0,57
2025|03,mobile,returning,Organic Social,1,1,0,0,0,1,0,0
2025|03,mobile,returning,Referral,10,2,0,4,0.4,0.6,2,22
2025|03,tablet,new,Paid Search,1,1,1,1,1,0,0,1
2025|04,desktop,(not set),Direct,21,5,0,1,0.0476,0.9524,0,18
2025|04,desktop,(not set),Organic Search,10,6,0,0,0,1,0,4
2025|04,desktop,(not set),Referral,11,5,0,0,0,1,0,7
2025|04,desktop,(not set),Unassigned,3,3,0,0,0,1,0,1
2025|04,desktop,new,Direct,48,48,48,22,0.4583,0.5417,5,107
2025|04,desktop,new,Organic Search,50,50,50,39,0.78,0.22,4,120
2025|04,desktop,new,Organic Social,8,8,8,4,0.5,0.5,0,8
2025|04,desktop,new,Referral,8,8,8,7,0.875,0.125,0,25
2025|04,desktop,returning,Direct,40,8,0,30,0.75,0.25,2,186
2025|04,desktop,returning,Organic Search,34,18,0,19,0.5588,0.4412,5,80
2025|04,desktop,returning,Referral,44,10,0,32,0.7273,0.2727,3,134
2025|04,desktop,returning,Unassigned,1,1,0,0,0,1,0,1
2025|04,mobile,(not set),Direct,11,8,0,1,0.0909,0.9091,0,11
2025|04,mobile,(not set),Organic Search,15,7,0,0,0,1,0,14
2025|04,mobile,(not set),Unassigned,3,3,0,0,0,1,0,6
2025|04,mobile,new,Direct,34,34,34,14,0.4118,0.5882,0,48
2025|04,mobile,new,Organic Search,50,50,50,35,0.7,0.3,2,118
2025|04,mobile,new,Organic Social,11,11,11,8,0.7273,0.2727,0,23
2025|04,mobile,new,Referral,3,3,3,2,0.6667,0.3333,0,4
2025|04,mobile,returning,Direct,8,5,0,1,0.125,0.875,0,6
2025|04,mobile,returning,Organic Search,28,14,0,18,0.6429,0.3571,0,49
2025|04,mobile,returning,Referral,7,2,0,5,0.7143,0.2857,0,17
2025|04,tablet,new,Organic Search,1,1,1,0,0,1,0,1
2025|05,desktop,(not set),Direct,20,4,0,0,0,1,0,19
2025|05,desktop,(not set),Organic Search,10,8,0,0,0,1,0,4
2025|05,desktop,(not set),Referral,6,5,0,0,0,1,0,2
2025|05,desktop,new,Direct,96,96,96,23,0.2396,0.7604,5,122
2025|05,desktop,new,Organic Search,44,44,44,34,0.7727,0.2273,2,93
2025|05,desktop,new,Organic Social,14,14,14,10,0.7143,0.2857,1,16
2025|05,desktop,new,Referral,10,10,10,7,0.7,0.3,2,46
2025|05,desktop,returning,Direct,26,10,0,18,0.6923,0.3077,1,67
2025|05,desktop,returning,Organic Search,33,13,0,24,0.7273,0.2727,2,62
2025|05,desktop,returning,Referral,10,5,0,6,0.6,0.4,0,11
2025|05,mobile,(not set),Direct,8,5,0,0,0,1,0,7
2025|05,mobile,(not set),Organic Search,17,12,0,1,0.0588,0.9412,0,15
2025|05,mobile,(not set),Referral,2,2,0,0,0,1,0,1
2025|05,mobile,(not set),Unassigned,2,2,0,0,0,1,1,4
2025|05,mobile,new,Direct,41,41,41,13,0.3171,0.6829,0,54
2025|05,mobile,new,Organic Search,50,50,50,39,0.78,0.22,0,107
2025|05,mobile,new,Organic Social,5,5,5,3,0.6,0.4,0,11
2025|05,mobile,new,Referral,5,5,5,2,0.4,0.6,0,5
2025|05,mobile,returning,Direct,15,9,0,6,0.4,0.6,0,18
2025|05,mobile,returning,Organic Search,14,11,0,11,0.7857,0.2143,3,31
2025|05,mobile,returning,Referral,10,4,0,6,0.6,0.4,0,22
2025|05,mobile,returning,Unassigned,1,1,0,0,0,1,0,0
2025|06,desktop,(not set),Direct,22,7,0,1,0.0455,0.9545,0,21
2025|06,desktop,(not set),Organic Search,10,8,0,0,0,1,0,5
2025|06,desktop,(not set),Referral,5,2,0,0,0,1,0,2
2025|06,desktop,(not set),Unassigned,1,1,0,0,0,1,0,1
2025|06,desktop,new,Direct,125,124,137,65,0.52,0.48,7,216
2025|06,desktop,new,Organic Search,47,47,47,43,0.9149,0.0851,9,109
2025|06,desktop,new,Organic Social,19,19,19,13,0.6842,0.3158,0,21
2025|06,desktop,new,Paid Search,30,30,30,22,0.7333,0.2667,1,79
2025|06,desktop,new,Referral,8,8,8,7,0.875,0.125,2,25
2025|06,desktop,returning,Direct,44,6,0,25,0.5682,0.4318,1,160
2025|06,desktop,returning,Organic Search,42,14,0,27,0.6429,0.3571,3,186
2025|06,desktop,returning,Organic Social,1,1,0,1,1,0,1,1
2025|06,desktop,returning,Paid Search,6,5,0,4,0.6667,0.3333,1,9
2025|06,desktop,returning,Referral,41,7,0,32,0.7805,0.2195,8,141
2025|06,mobile,(not set),Direct,5,3,0,0,0,1,0,5
2025|06,mobile,(not set),Organic Search,22,11,0,0,0,1,0,22
2025|06,mobile,(not set),Paid Search,4,4,0,1,0.25,0.75,0,3
2025|06,mobile,(not set),Unassigned,1,1,0,0,0,1,0,2
2025|06,mobile,new,Direct,70,70,70,14,0.2,0.8,2,81
2025|06,mobile,new,Organic Search,43,43,43,35,0.814,0.186,0,103
2025|06,mobile,new,Organic Social,9,9,9,7,0.7778,0.2222,0,13
2025|06,mobile,new,Paid Search,231,231,231,66,0.2857,0.7143,2,298
2025|06,mobile,new,Referral,2,2,2,1,0.5,0.5,0,3
2025|06,mobile,returning,Direct,15,9,0,8,0.5333,0.4667,1,26
2025|06,mobile,returning,Organic Search,19,11,0,12,0.6316,0.3684,0,33
2025|06,mobile,returning,Organic Social,1,1,0,1,1,0,0,6
2025|06,mobile,returning,Paid Search,13,10,0,3,0.2308,0.7692,0,13
2025|06,tablet,new,Paid Search,7,7,7,0,0,1,0,7
2025|07,desktop,(not set),Cross-network,2,1,0,0,0,1,0,1
2025|07,desktop,(not set),Direct,35,8,0,1,0.0286,0.9714,0,32
2025|07,desktop,(not set),Organic Search,4,4,0,0,0,1,0,1
2025|07,desktop,(not set),Paid Search,3,3,0,0,0,1,0,0
2025|07,desktop,(not set),Referral,7,3,0,0,0,1,0,3
2025|07,desktop,(not set),Unassigned,1,1,0,0,0,1,0,0
2025|07,desktop,new,Cross-network,6,6,6,3,0.5,0.5,1,16
2025|07,desktop,new,Direct,106,103,117,58,0.5472,0.4528,6,179
2025|07,desktop,new,Organic Search,74,74,74,62,0.8378,0.1622,6,185
2025|07,desktop,new,Organic Social,19,19,19,14,0.7368,0.2632,0,19
2025|07,desktop,new,Paid Search,76,76,77,52,0.6842,0.3158,2,145
2025|07,desktop,new,Referral,10,10,10,7,0.7,0.3,1,32
2025|07,desktop,returning,Direct,33,15,0,20,0.6061,0.3939,1,98
2025|07,desktop,returning,Organic Search,19,16,0,13,0.6842,0.3158,3,49
2025|07,desktop,returning,Paid Search,5,5,0,2,0.4,0.6,0,8
2025|07,desktop,returning,Referral,28,7,0,16,0.5714,0.4286,2,55
2025|07,mobile,(not set),Cross-network,12,10,0,2,0.1667,0.8333,0,11
2025|07,mobile,(not set),Direct,11,11,0,1,0.0909,0.9091,0,11
2025|07,mobile,(not set),Organic Search,28,12,0,1,0.0357,0.9643,0,26
2025|07,mobile,(not set),Paid Search,78,66,0,2,0.0256,0.9744,0,72
2025|07,mobile,(not set),Unassigned,17,17,0,0,0,1,0,39
2025|07,mobile,new,Cross-network,283,283,283,56,0.1979,0.8021,1,316
2025|07,mobile,new,Direct,35,35,35,16,0.4571,0.5429,3,59
2025|07,mobile,new,Organic Search,62,62,62,44,0.7097,0.2903,2,103
2025|07,mobile,new,Organic Social,6,6,6,4,0.6667,0.3333,1,14
2025|07,mobile,new,Paid Search,2355,2342,2352,263,0.1117,0.8883,1,2650
2025|07,mobile,new,Paid Social,1,1,1,0,0,1,0,1
2025|07,mobile,new,Referral,9,9,9,2,0.2222,0.7778,1,6
2025|07,mobile,new,Unassigned,3,3,3,3,1,0,1,10
2025|07,mobile,returning,Cross-network,19,17,0,6,0.3158,0.6842,0,12
2025|07,mobile,returning,Direct,13,7,0,6,0.4615,0.5385,2,20
2025|07,mobile,returning,Organic Search,43,25,0,19,0.4419,0.5581,2,79
2025|07,mobile,returning,Paid Search,134,119,0,23,0.1716,0.8284,1,125
2025|07,mobile,returning,Referral,1,1,0,1,1,0,0,1
2025|07,mobile,returning,Unassigned,1,1,0,0,0,1,0,1
2025|07,tablet,new,Cross-network,1,1,1,1,1,0,0,1
2025|07,tablet,new,Paid Search,10,10,10,4,0.4,0.6,0,12
2025|08,desktop,(not set),Direct,32,8,0,0,0,1,0,28
2025|08,desktop,(not set),Organic Search,7,6,0,0,0,1,0,3
2025|08,desktop,(not set),Referral,3,2,0,0,0,1,0,1
2025|08,desktop,new,Direct,93,93,93,48,0.5161,0.4839,8,136
2025|08,desktop,new,Organic Search,57,57,57,46,0.807,0.193,3,189
2025|08,desktop,new,Organic Social,5,5,5,4,0.8,0.2,0,5
2025|08,desktop,new,Paid Search,62,62,62,51,0.8226,0.1774,2,138
2025|08,desktop,new,Referral,5,5,5,2,0.4,0.6,0,14
2025|08,desktop,returning,Direct,16,8,0,14,0.875,0.125,0,31
2025|08,desktop,returning,Organic Search,29,18,0,19,0.6552,0.3448,1,73
2025|08,desktop,returning,Paid Search,5,5,0,2,0.4,0.6,0,12
2025|08,desktop,returning,Referral,22,6,0,10,0.4545,0.5455,0,41
2025|08,desktop,returning,Unassigned,1,1,0,0,0,1,0,8
2025|08,mobile,(not set),Cross-network,1,1,0,0,0,1,0,1
2025|08,mobile,(not set),Direct,12,5,0,0,0,1,0,10
2025|08,mobile,(not set),Organic Search,19,11,0,0,0,1,0,18
2025|08,mobile,(not set),Paid Search,5,3,0,0,0,1,0,5
2025|08,mobile,(not set),Unassigned,2,2,0,0,0,1,0,4
2025|08,mobile,new,Cross-network,8,8,8,2,0.25,0.75,0,17
2025|08,mobile,new,Direct,41,41,41,19,0.4634,0.5366,1,71
2025|08,mobile,new,Organic Search,63,63,63,56,0.8889,0.1111,2,144
2025|08,mobile,new,Paid Search,139,139,139,102,0.7338,0.2662,3,284
2025|08,mobile,new,Referral,7,7,7,3,0.4286,0.5714,0,8
2025|08,mobile,new,Unassigned,2,2,2,2,1,0,0,2
2025|08,mobile,returning,Direct,8,7,0,2,0.25,0.75,0,12
2025|08,mobile,returning,Organic Search,29,17,0,16,0.5517,0.4483,0,64
2025|08,mobile,returning,Paid Search,22,13,0,9,0.4091,0.5909,2,33
2025|08,tablet,new,Direct,1,1,1,1,1,0,0,1
2025|08,tablet,new,Paid Search,2,2,2,1,0.5,0.5,0,2
2025|09,desktop,(not set),Direct,22,6,0,0,0,1,0,20
2025|09,desktop,(not set),Organic Search,11,9,0,1,0.0909,0.9091,0,6
2025|09,desktop,(not set),Referral,4,3,0,0,0,1,0,1
2025|09,desktop,(not set),Unassigned,2,2,0,0,0,1,0,0
2025|09,desktop,new,Cross-network,1,1,1,1,1,0,0,8
2025|09,desktop,new,Direct,76,76,76,44,0.5789,0.4211,11,166
2025|09,desktop,new,Organic Search,58,58,58,55,0.9483,0.0517,8,191
2025|09,desktop,new,Organic Social,6,6,6,4,0.6667,0.3333,0,8
2025|09,desktop,new,Referral,16,16,16,12,0.75,0.25,3,45
2025|09,desktop,returning,Direct,19,9,0,16,0.8421,0.1579,2,46
2025|09,desktop,returning,Organic Search,55,32,0,36,0.6545,0.3455,2,149
2025|09,desktop,returning,Referral,17,6,0,10,0.5882,0.4118,0,20
2025|09,mobile,(not set),Direct,5,4,0,0,0,1,0,5
2025|09,mobile,(not set),Organic Search,10,8,0,0,0,1,0,10
2025|09,mobile,(not set),Referral,2,1,0,0,0,1,0,0
2025|09,mobile,new,Direct,34,34,34,15,0.4412,0.5588,1,67
2025|09,mobile,new,Organic Search,50,50,50,32,0.64,0.36,0,91
2025|09,mobile,new,Organic Social,5,5,5,5,1,0,1,13
2025|09,mobile,new,Paid Search,1,1,1,1,1,0,0,5
2025|09,mobile,new,Referral,3,3,3,2,0.6667,0.3333,0,4
2025|09,mobile,new,Unassigned,2,2,2,2,1,0,0,2
2025|09,mobile,returning,Direct,10,9,0,2,0.2,0.8,0,10
2025|09,mobile,returning,Organic Search,36,17,0,19,0.5278,0.4722,0,53
2025|09,mobile,returning,Referral,3,3,0,2,0.6667,0.3333,1,6
2025|10,desktop,(not set),Direct,26,10,0,0,0,1,0,21
2025|10,desktop,(not set),Organic Search,10,7,0,0,0,1,0,8
2025|10,desktop,(not set),Referral,3,2,0,0,0,1,0,2
2025|10,desktop,new,Direct,112,112,112,33,0.2946,0.7054,9,206
2025|10,desktop,new,Organic Search,55,55,55,48,0.8727,0.1273,8,138
2025|10,desktop,new,Organic Social,5,5,5,4,0.8,0.2,0,5
2025|10,desktop,new,Referral,118,118,118,114,0.9661,0.0339,0,221
2025|10,desktop,returning,Direct,56,11,0,31,0.5536,0.4464,1,91
2025|10,desktop,returning,Organic Search,56,27,0,42,0.75,0.25,3,133
2025|10,desktop,returning,Referral,9,3,0,6,0.6667,0.3333,0,37
2025|10,mobile,(not set),Direct,6,6,0,0,0,1,0,6
2025|10,mobile,(not set),Organic Search,16,8,0,0,0,1,0,14
2025|10,mobile,(not set),Referral,1,1,0,0,0,1,0,1
2025|10,mobile,new,Cross-network,1,1,1,1,1,0,0,1
2025|10,mobile,new,Direct,28,28,28,14,0.5,0.5,1,45
2025|10,mobile,new,Organic Search,49,50,50,32,0.6531,0.3469,0,97
2025|10,mobile,new,Organic Social,9,9,9,2,0.2222,0.7778,0,10
2025|10,mobile,new,Paid Search,2,2,2,1,0.5,0.5,0,2
2025|10,mobile,new,Referral,444,443,443,441,0.9932,0.0068,0,842
2025|10,mobile,new,Unassigned,2,2,1,1,0.5,0.5,0,3
2025|10,mobile,returning,Direct,29,11,0,19,0.6552,0.3448,3,55
2025|10,mobile,returning,Organic Search,37,23,0,21,0.5676,0.4324,2,65
2025|10,mobile,returning,Organic Social,2,2,0,2,1,0,0,4
2025|10,mobile,returning,Referral,1,1,0,0,0,1,0,0
2025|10,mobile,returning,Unassigned,1,1,0,0,0,1,0,1
2025|10,smart tv,new,Referral,5,5,5,5,1,0,0,9
2025|10,tablet,new,Organic Search,1,1,1,1,1,0,0,5
2025|10,tablet,new,Referral,7,7,7,7,1,0,0,13
2025|11,desktop,(not set),Direct,33,6,0,0,0,1,0,30
2025|11,desktop,(not set),Organic Search,10,8,0,0,0,1,0,7
2025|11,desktop,(not set),Organic Social,1,1,0,0,0,1,0,0
2025|11,desktop,(not set),Referral,3,1,0,0,0,1,0,3
2025|11,desktop,new,Direct,143,143,144,46,0.3217,0.6783,12,241
2025|11,desktop,new,Organic Search,36,36,36,33,0.9167,0.0833,4,115
2025|11,desktop,new,Organic Social,10,10,10,7,0.7,0.3,0,14
2025|11,desktop,new,Referral,13,13,13,6,0.4615,0.5385,2,38
2025|11,desktop,new,Unassigned,3,3,0,0,0,1,0,7
2025|11,desktop,returning,Direct,50,15,0,40,0.8,0.2,4,275
2025|11,desktop,returning,Organic Search,29,19,0,18,0.6207,0.3793,2,47
2025|11,desktop,returning,Organic Social,3,1,0,0,0,1,0,2
2025|11,desktop,returning,Referral,41,13,0,30,0.7317,0.2683,8,158
2025|11,desktop,returning,Unassigned,1,1,0,1,1,0,0,13
2025|11,mobile,(not set),Direct,5,4,0,0,0,1,0,4
2025|11,mobile,(not set),Organic Search,21,11,0,3,0.1429,0.8571,2,20
2025|11,mobile,(not set),Referral,1,1,0,0,0,1,0,1
2025|11,mobile,new,Direct,41,41,41,30,0.7317,0.2683,0,80
2025|11,mobile,new,Organic Search,60,60,60,44,0.7333,0.2667,0,112
2025|11,mobile,new,Organic Social,16,16,16,4,0.25,0.75,0,18
2025|11,mobile,new,Referral,5,5,5,4,0.8,0.2,0,9
2025|11,mobile,new,Unassigned,3,3,0,0,0,1,0,6
2025|11,mobile,returning,Direct,25,10,0,12,0.48,0.52,0,46
2025|11,mobile,returning,Organic Search,39,22,0,20,0.5128,0.4872,1,74
2025|11,mobile,returning,Organic Social,1,1,0,0,0,1,0,1
2025|11,mobile,returning,Referral,4,3,0,2,0.5,0.5,1,9
2025|11,mobile,returning,Unassigned,1,1,0,0,0,1,0,1
2025|11,tablet,(not set),Direct,1,1,0,0,0,1,0,0
2025|11,tablet,(not set),Organic Search,1,1,0,0,0,1,0,1
2025|11,tablet,new,Direct,1,1,1,1,1,0,1,7
2025|11,tablet,new,Organic Search,1,1,1,1,1,0,0,4
2025|11,tablet,returning,Direct,1,1,0,1,1,0,0,2
2025|11,tablet,returning,Organic Search,2,1,0,1,0.5,0.5,0,2
2025|12,desktop,(not set),Direct,3,2,0,0,0,1,0,3
2025|12,desktop,(not set),Organic Search,6,5,0,0,0,1,0,4
2025|12,desktop,(not set),Referral,3,2,0,0,0,1,0,1
2025|12,desktop,new,Direct,91,91,91,18,0.1978,0.8022,5,137
2025|12,desktop,new,Organic Search,42,42,42,39,0.9286,0.0714,3,87
2025|12,desktop,new,Organic Social,2,2,2,1,0.5,0.5,0,2
2025|12,desktop,new,Referral,14,14,14,9,0.6429,0.3571,1,26
2025|12,desktop,new,Unassigned,4,4,0,0,0,1,0,0
2025|12,desktop,returning,Direct,14,7,0,9,0.6429,0.3571,0,18
2025|12,desktop,returning,Organic Search,24,11,0,13,0.5417,0.4583,2,50
2025|12,desktop,returning,Referral,23,6,0,11,0.4783,0.5217,0,34
2025|12,desktop,returning,Unassigned,1,1,0,0,0,1,0,1
2025|12,mobile,(not set),Direct,7,6,0,1,0.1429,0.8571,0,7
2025|12,mobile,(not set),Organic Search,13,7,0,0,0,1,0,12
2025|12,mobile,(not set),Referral,2,2,0,0,0,1,0,2
2025|12,mobile,new,Direct,26,26,26,10,0.3846,0.6154,0,39
2025|12,mobile,new,Organic Search,54,54,54,41,0.7593,0.2407,0,101
2025|12,mobile,new,Organic Social,8,8,8,3,0.375,0.625,1,19
2025|12,mobile,new,Referral,4,4,4,1,0.25,0.75,0,8
2025|12,mobile,new,Unassigned,3,3,1,1,0.3333,0.6667,1,6
2025|12,mobile,returning,Direct,20,10,0,14,0.7,0.3,1,34
2025|12,mobile,returning,Organic Search,18,13,0,10,0.5556,0.4444,1,32
2025|12,mobile,returning,Organic Social,1,1,0,0,0,1,0,1
2025|12,mobile,returning,Referral,2,2,0,0,0,1,0,2
2025|12,tablet,(not set),Direct,1,1,0,0,0,1,0,1
2025|12,tablet,(not set),Organic Search,1,1,0,0,0,1,0,1
2025|12,tablet,new,Direct,1,1,1,1,1,0,0,6
2025|12,tablet,new,Organic Search,3,3,3,1,0.3333,0.6667,0,13
2025|12,tablet,new,Organic Social,1,1,1,0,0,1,0,1
2025|12,tablet,returning,Direct,1,1,0,1,1,0,0,3
2026|01,desktop,(not set),Direct,2,2,0,0,0,1,0,0
2026|01,desktop,(not set),Organic Search,18,6,0,0,0,1,0,15
2026|01,desktop,(not set),Referral,7,4,0,0,0,1,0,2
2026|01,desktop,new,Direct,254,254,254,25,0.0984,0.9016,9,327
2026|01,desktop,new,Organic Search,51,51,51,47,0.9216,0.0784,9,138
2026|01,desktop,new,Organic Social,3,3,3,2,0.6667,0.3333,0,4
2026|01,desktop,new,Referral,7,7,7,5,0.7143,0.2857,2,15
2026|01,desktop,new,Unassigned,1,1,0,0,0,1,0,0
2026|01,desktop,returning,Direct,13,8,0,3,0.2308,0.7692,0,11
2026|01,desktop,returning,Organic Search,51,20,0,36,0.7059,0.2941,8,80
2026|01,desktop,returning,Referral,21,4,0,13,0.619,0.381,0,33
2026|01,mobile,(not set),Direct,3,2,0,0,0,1,0,2
2026|01,mobile,(not set),Organic Search,12,9,0,0,0,1,0,12
2026|01,mobile,(not set),Organic Social,2,2,0,0,0,1,0,2
2026|01,mobile,(not set),Referral,3,2,0,0,0,1,0,2
2026|01,mobile,(not set),Unassigned,1,1,0,0,0,1,0,1
2026|01,mobile,new,Direct,33,33,33,15,0.4545,0.5455,1,53
2026|01,mobile,new,Organic Search,77,77,77,64,0.8312,0.1688,4,162
2026|01,mobile,new,Organic Social,9,9,9,5,0.5556,0.4444,0,12
2026|01,mobile,new,Paid Search,1,1,1,0,0,1,0,1
2026|01,mobile,new,Referral,2,2,2,2,1,0,0,9
2026|01,mobile,new,Unassigned,4,4,2,1,0.25,0.75,0,16
2026|01,mobile,returning,Direct,11,5,0,5,0.4545,0.5455,0,11
2026|01,mobile,returning,Organic Search,47,22,0,23,0.4894,0.5106,3,79
2026|01,mobile,returning,Referral,7,5,0,4,0.5714,0.4286,1,14
2026|01,mobile,returning,Unassigned,1,1,0,0,0,1,0,0
2026|02,desktop,(not set),Direct,4,4,0,0,0,1,0,2
2026|02,desktop,(not set),Organic Search,9,6,0,0,0,1,0,4
2026|02,desktop,(not set),Referral,2,1,0,1,0.5,0.5,0,2
2026|02,desktop,new,Direct,188,188,188,31,0.1649,0.8351,18,304
2026|02,desktop,new,Organic Search,56,56,56,47,0.8393,0.1607,3,153
2026|02,desktop,new,Organic Social,10,10,10,8,0.8,0.2,0,11
2026|02,desktop,new,Referral,5,5,5,4,0.8,0.2,0,22
2026|02,desktop,new,Unassigned,2,2,0,0,0,1,0,0
2026|02,desktop,returning,Direct,12,6,0,10,0.8333,0.1667,3,36
2026|02,desktop,returning,Organic Search,35,23,0,21,0.6,0.4,1,57
2026|02,desktop,returning,Referral,18,6,0,16,0.8889,0.1111,2,43
2026|02,mobile,(not set),Direct,5,5,0,0,0,1,0,5
2026|02,mobile,(not set),Organic Search,29,14,0,0,0,1,0,29
2026|02,mobile,new,Direct,24,24,24,14,0.5833,0.4167,3,74
2026|02,mobile,new,Organic Search,73,73,73,54,0.7397,0.2603,3,144
2026|02,mobile,new,Organic Social,14,14,14,10,0.7143,0.2857,0,17
2026|02,mobile,returning,Direct,4,4,0,2,0.5,0.5,0,4
2026|02,mobile,returning,Organic Search,25,17,0,9,0.36,0.64,1,31
2026|02,tablet,(not set),Direct,3,1,0,0,0,1,0,3
2026|02,tablet,new,Direct,1,1,1,1,1,0,0,1
2026|02,tablet,new,Organic Search,2,2,2,2,1,0,0,2
2026|02,tablet,new,Unassigned,1,1,0,0,0,1,0,2
2026|03,desktop,(not set),Direct,1,1,0,0,0,1,0,1
2026|03,desktop,(not set),Organic Search,11,9,0,0,0,1,0,3
2026|03,desktop,(not set),Referral,4,4,0,0,0,1,0,1
2026|03,desktop,(not set),Unassigned,0,6,0,0,,0,4,0
2026|03,desktop,new,Direct,188,188,188,27,0.1436,0.8564,10,266
2026|03,desktop,new,Organic Search,69,69,69,58,0.8406,0.1594,3,166
2026|03,desktop,new,Organic Social,8,8,8,7,0.875,0.125,0,14
2026|03,desktop,new,Referral,8,8,8,4,0.5,0.5,0,15
2026|03,desktop,new,Unassigned,3,3,0,0,0,1,0,3
2026|03,desktop,returning,Direct,16,5,0,14,0.875,0.125,1,36
2026|03,desktop,returning,Organic Search,33,21,0,21,0.6364,0.3636,3,66
2026|03,desktop,returning,Organic Social,1,1,0,1,1,0,0,1
2026|03,desktop,returning,Referral,6,3,0,4,0.6667,0.3333,0,10
2026|03,desktop,returning,Unassigned,1,1,0,0,0,1,0,2
2026|03,mobile,(not set),Direct,4,4,0,0,0,1,0,4
2026|03,mobile,(not set),Organic Search,51,13,0,0,0,1,0,51
2026|03,mobile,new,Direct,38,38,38,18,0.4737,0.5263,1,57
2026|03,mobile,new,Organic Search,105,105,105,76,0.7238,0.2762,8,260
2026|03,mobile,new,Organic Social,16,16,16,3,0.1875,0.8125,0,16
2026|03,mobile,new,Paid Search,1,1,1,0,0,1,0,1
2026|03,mobile,new,Referral,5,5,5,5,1,0,1,16
2026|03,mobile,new,Unassigned,3,3,2,1,0.3333,0.6667,0,9
2026|03,mobile,returning,Direct,9,6,0,5,0.5556,0.4444,0,22
2026|03,mobile,returning,Organic Search,55,28,0,28,0.5091,0.4909,0,106
2026|03,tablet,new,Organic Search,1,1,1,1,1,0,0,2
2026|03,tablet,returning,Organic Search,1,1,0,1,1,0,0,3
2026|04,desktop,(not set),Direct,3,1,0,0,0,1,0,3
2026|04,desktop,(not set),Organic Search,12,7,0,0,0,1,0,3
2026|04,desktop,(not set),Paid Search,1,1,0,0,0,1,0,1
2026|04,desktop,(not set),Referral,1,1,0,0,0,1,0,1
2026|04,desktop,(not set),Unassigned,0,36,0,0,,0,36,0
2026|04,desktop,new,Direct,164,164,164,28,0.1707,0.8293,10,217
2026|04,desktop,new,Organic Search,53,53,53,44,0.8302,0.1698,9,141
2026|04,desktop,new,Organic Social,9,9,9,7,0.7778,0.2222,0,9
2026|04,desktop,new,Paid Search,13,13,13,10,0.7692,0.2308,0,27
2026|04,desktop,new,Referral,10,10,10,9,0.9,0.1,7,58
2026|04,desktop,new,Unassigned,1,1,0,0,0,1,1,1
2026|04,desktop,returning,Direct,35,9,0,25,0.7143,0.2857,2,104
2026|04,desktop,returning,Organic Search,49,26,0,31,0.6327,0.3673,5,92
2026|04,desktop,returning,Organic Social,1,1,0,0,0,1,0,1
2026|04,desktop,returning,Paid Search,2,2,0,2,1,0,0,6
2026|04,desktop,returning,Referral,8,3,0,4,0.5,0.5,4,28
2026|04,desktop,returning,Unassigned,1,1,0,0,0,1,0,3
2026|04,mobile,(not set),Direct,5,3,0,0,0,1,0,5
2026|04,mobile,(not set),Organic Search,8,7,0,0,0,1,0,8
2026|04,mobile,(not set),Paid Search,1,1,0,0,0,1,0,1
2026|04,mobile,(not set),Referral,2,2,0,0,0,1,0,1
2026|04,mobile,new,Direct,34,34,34,13,0.3824,0.6176,1,42
2026|04,mobile,new,Organic Search,78,78,78,55,0.7051,0.2949,4,198
2026|04,mobile,new,Organic Social,5,5,5,2,0.4,0.6,0,10
2026|04,mobile,new,Paid Search,40,40,41,28,0.7,0.3,4,87
2026|04,mobile,new,Referral,5,5,5,4,0.8,0.2,1,20
2026|04,mobile,new,Unassigned,3,3,1,1,0.3333,0.6667,0,5
2026|04,mobile,returning,Direct,16,10,0,9,0.5625,0.4375,1,36
2026|04,mobile,returning,Organic Search,20,12,0,11,0.55,0.45,3,36
2026|04,mobile,returning,Paid Search,3,2,0,0,0,1,0,3
2026|04,mobile,returning,Referral,1,1,0,1,1,0,0,1
2026|04,tablet,new,Direct,1,1,1,0,0,1,0,1
2026|04,tablet,new,Organic Search,1,1,1,1,1,0,0,1
2026|04,tablet,returning,Direct,1,1,0,1,1,0,0,2
2026|05,desktop,(not set),Direct,3,1,0,0,0,1,0,3
2026|05,desktop,(not set),Organic Search,7,6,0,0,0,1,0,3
2026|05,desktop,(not set),Organic Social,1,1,0,0,0,1,0,0
2026|05,desktop,(not set),Paid Search,9,4,0,0,0,1,0,6
2026|05,desktop,(not set),Referral,3,3,0,0,0,1,0,1
2026|05,desktop,(not set),Unassigned,0,29,0,0,,0,12,0
2026|05,desktop,new,Direct,168,168,168,38,0.2262,0.7738,17,291
2026|05,desktop,new,Organic Search,51,51,51,45,0.8824,0.1176,9,132
2026|05,desktop,new,Organic Social,4,4,4,3,0.75,0.25,0,4
2026|05,desktop,new,Paid Search,20,20,20,15,0.75,0.25,4,71
2026|05,desktop,new,Referral,14,14,14,11,0.7857,0.2143,2,32
2026|05,desktop,returning,Direct,65,9,0,48,0.7385,0.2615,2,326
2026|05,desktop,returning,Organic Search,30,18,0,19,0.6333,0.3667,5,44
2026|05,desktop,returning,Paid Search,5,4,0,3,0.6,0.4,1,12
2026|05,desktop,returning,Referral,28,4,0,16,0.5714,0.4286,3,63
2026|05,mobile,(not set),Direct,14,7,0,0,0,1,0,13
2026|05,mobile,(not set),Organic Search,26,16,0,0,0,1,0,26
2026|05,mobile,(not set),Paid Search,4,1,0,0,0,1,0,4
2026|05,mobile,(not set),Referral,2,2,0,0,0,1,0,2
2026|05,mobile,(not set),Unassigned,1,1,0,0,0,1,0,1
2026|05,mobile,new,Cross-network,2,2,2,1,0.5,0.5,0,6
2026|05,mobile,new,Direct,49,49,49,25,0.5102,0.4898,6,91
2026|05,mobile,new,Organic Search,91,91,92,67,0.7363,0.2637,4,206
2026|05,mobile,new,Organic Social,32,32,32,14,0.4375,0.5625,0,33
2026|05,mobile,new,Paid Search,51,51,51,42,0.8235,0.1765,2,99
2026|05,mobile,new,Referral,4,4,4,4,1,0,0,12
2026|05,mobile,new,Unassigned,5,5,3,3,0.6,0.4,0,10
2026|05,mobile,returning,Direct,31,13,0,16,0.5161,0.4839,1,51
2026|05,mobile,returning,Organic Search,64,29,0,35,0.5469,0.4531,5,151
2026|05,mobile,returning,Paid Search,9,6,0,5,0.5556,0.4444,2,14
2026|05,tablet,new,Direct,1,1,1,0,0,1,0,1
2026|05,tablet,new,Organic Search,1,1,1,1,1,0,0,3
2026|05,tablet,returning,Organic Search,1,1,0,0,0,1,0,1
2026|06,desktop,(not set),Direct,9,3,0,0,0,1,0,5
2026|06,desktop,(not set),Organic Search,14,10,0,0,0,1,0,4
2026|06,desktop,(not set),Referral,1,1,0,0,0,1,0,0
2026|06,desktop,(not set),Unassigned,0,18,0,0,,0,21,0
2026|06,desktop,new,AI Assistant,1,1,1,1,1,0,1,2
2026|06,desktop,new,Direct,336,336,336,83,0.247,0.753,39,390
2026|06,desktop,new,Organic Search,49,49,48,41,0.8367,0.1633,8,162
2026|06,desktop,new,Organic Social,4,4,4,4,1,0,0,12
2026|06,desktop,new,Paid Search,15,15,15,10,0.6667,0.3333,5,28
2026|06,desktop,new,Referral,15,15,15,13,0.8667,0.1333,7,33
2026|06,desktop,new,Unassigned,1,1,0,0,0,1,0,0
2026|06,desktop,returning,Direct,68,7,0,50,0.7353,0.2647,32,417
2026|06,desktop,returning,Organic Search,36,12,0,24,0.6667,0.3333,10,59
2026|06,desktop,returning,Organic Social,3,1,0,0,0,1,0,0
2026|06,desktop,returning,Paid Search,8,7,0,5,0.625,0.375,4,15
2026|06,desktop,returning,Referral,46,6,0,38,0.8261,0.1739,40,138
2026|06,desktop,returning,Unassigned,1,1,0,0,0,1,2,7
2026|06,mobile,(not set),Direct,3,3,0,0,0,1,0,3
2026|06,mobile,(not set),Organic Search,11,9,0,0,0,1,0,11
2026|06,mobile,(not set),Paid Search,3,3,0,0,0,1,0,3
2026|06,mobile,(not set),Referral,1,1,0,0,0,1,0,0
2026|06,mobile,new,AI Assistant,1,1,1,0,0,1,0,1
2026|06,mobile,new,Direct,37,37,38,17,0.4595,0.5405,4,50
2026|06,mobile,new,Organic Search,68,68,68,44,0.6471,0.3529,10,123
2026|06,mobile,new,Organic Social,25,25,25,7,0.28,0.72,0,28
2026|06,mobile,new,Paid Search,20,20,19,12,0.6,0.4,0,31
2026|06,mobile,new,Referral,7,7,7,6,0.8571,0.1429,1,17
2026|06,mobile,new,Unassigned,2,2,0,0,0,1,1,2
2026|06,mobile,returning,Direct,13,7,0,8,0.6154,0.3846,4,26
2026|06,mobile,returning,Organic Search,37,18,0,25,0.6757,0.3243,18,75
2026|06,mobile,returning,Paid Search,8,4,0,5,0.625,0.375,3,14
2026|06,mobile,returning,Referral,4,3,0,3,0.75,0.25,2,13
2026|06,tablet,new,Organic Search,1,1,1,1,1,0,0,5
2026|07,desktop,(not set),Direct,11,6,0,0,0,1,0,9
2026|07,desktop,(not set),Organic Search,8,8,0,0,0,1,0,5
2026|07,desktop,(not set),Paid Search,6,4,0,0,0,1,0,5
2026|07,desktop,(not set),Referral,10,5,0,2,0.2,0.8,2,3
2026|07,desktop,(not set),Unassigned,0,17,0,0,,0,16,0
2026|07,desktop,new,AI Assistant,1,1,1,1,1,0,0,1
2026|07,desktop,new,Cross-network,1,1,1,0,0,1,0,1
2026|07,desktop,new,Direct,355,356,356,116,0.3268,0.6732,62,423
2026|07,desktop,new,Organic Search,56,56,56,49,0.875,0.125,19,119
2026|07,desktop,new,Organic Social,4,4,4,4,1,0,0,4
2026|07,desktop,new,Paid Search,74,74,73,56,0.7568,0.2432,23,208
2026|07,desktop,new,Referral,13,13,13,13,1,0,3,40
2026|07,desktop,new,Unassigned,1,1,0,0,0,1,0,0
2026|07,desktop,returning,Direct,53,13,0,42,0.7925,0.2075,18,101
2026|07,desktop,returning,Organic Search,39,10,0,21,0.5385,0.4615,28,71
2026|07,desktop,returning,Paid Search,22,14,0,14,0.6364,0.3636,11,40
2026|07,desktop,returning,Referral,37,6,0,23,0.6216,0.3784,7,87
2026|07,desktop,returning,Unassigned,5,2,0,0,0,1,0,6
2026|07,mobile,(not set),Direct,10,9,0,3,0.3,0.7,3,10
2026|07,mobile,(not set),Organic Search,10,9,0,2,0.2,0.8,2,10
2026|07,mobile,(not set),Paid Search,5,5,0,1,0.2,0.8,1,5
2026|07,mobile,(not set),Referral,3,3,0,0,0,1,0,1
2026|07,mobile,new,Cross-network,4,4,4,2,0.5,0.5,2,12
2026|07,mobile,new,Direct,83,83,83,36,0.4337,0.5663,14,144
2026|07,mobile,new,Organic Search,82,82,82,54,0.6585,0.3415,12,154
2026|07,mobile,new,Organic Social,9,9,9,7,0.7778,0.2222,1,22
2026|07,mobile,new,Paid Search,214,214,214,139,0.6495,0.3505,34,403
2026|07,mobile,new,Referral,19,19,19,14,0.7368,0.2632,4,32
2026|07,mobile,new,Unassigned,5,5,0,0,0,1,3,9
2026|07,mobile,returning,Direct,20,12,0,10,0.5,0.5,9,32
2026|07,mobile,returning,Organic Search,34,26,0,19,0.5588,0.4412,12,62
2026|07,mobile,returning,Paid Search,27,24,0,13,0.4815,0.5185,12,43
2026|07,mobile,returning,Referral,5,3,0,3,0.6,0.4,0,7
2026|07,tablet,(not set),Referral,1,1,0,0,0,1,0,0
2026|07,tablet,new,Organic Search,1,1,1,1,1,0,1,14
2026|07,tablet,new,Paid Search,4,4,4,2,0.5,0.5,1,6
2026|07,tablet,new,Referral,1,1,1,1,1,0,1,3
2026|07,tablet,returning,Organic Search,2,1,0,2,1,0,1,4
2026|08,desktop,(not set),Direct,6,5,0,3,0.5,0.5,3,5
2026|08,desktop,(not set),Organic Search,2,2,0,0,0,1,0,2
2026|08,desktop,(not set),Paid Search,5,4,0,0,0,1,0,2
2026|08,desktop,(not set),Referral,1,1,0,0,0,1,0,1
2026|08,desktop,(not set),Unassigned,0,24,0,0,,0,22,0
2026|08,desktop,new,AI Assistant,1,1,1,1,1,0,0,1
2026|08,desktop,new,Direct,291,291,291,119,0.4089,0.5911,62,364
2026|08,desktop,new,Organic Search,54,54,54,50,0.9259,0.0741,14,118
2026|08,desktop,new,Organic Social,6,6,5,3,0.5,0.5,0,5
2026|08,desktop,new,Paid Search,37,37,37,30,0.8108,0.1892,3,72
2026|08,desktop,new,Referral,8,8,8,6,0.75,0.25,1,19
2026|08,desktop,new,Unassigned,1,1,0,0,0,1,1,3
2026|08,desktop,returning,Direct,31,13,0,24,0.7742,0.2258,12,117
2026|08,desktop,returning,Organic Search,42,11,0,21,0.5,0.5,13,64
2026|08,desktop,returning,Paid Search,8,6,0,5,0.625,0.375,1,13
2026|08,desktop,returning,Referral,24,5,0,17,0.7083,0.2917,17,76
2026|08,desktop,returning,Unassigned,1,1,0,0,0,1,0,1
2026|08,mobile,(not set),Direct,10,7,0,1,0.1,0.9,1,10
2026|08,mobile,(not set),Organic Search,8,7,0,1,0.125,0.875,1,8
2026|08,mobile,(not set),Paid Search,5,4,0,1,0.2,0.8,1,4
2026|08,mobile,(not set),Referral,3,3,0,0,0,1,0,1
2026|08,mobile,new,AI Assistant,1,1,1,1,1,0,0,2
2026|08,mobile,new,Cross-network,3,3,3,2,0.6667,0.3333,3,16
2026|08,mobile,new,Direct,54,54,54,28,0.5185,0.4815,20,82
2026|08,mobile,new,Organic Search,90,90,90,68,0.7556,0.2444,7,213
2026|08,mobile,new,Organic Social,5,5,5,4,0.8,0.2,0,5
2026|08,mobile,new,Paid Search,214,214,216,122,0.5701,0.4299,24,349
2026|08,mobile,new,Referral,10,10,10,9,0.9,0.1,4,19
2026|08,mobile,new,Unassigned,2,2,0,0,0,1,0,5
2026|08,mobile,returning,Direct,20,12,0,12,0.6,0.4,10,34
2026|08,mobile,returning,Organic Search,50,31,0,35,0.7,0.3,24,84
2026|08,mobile,returning,Paid Search,15,14,0,5,0.3333,0.6667,0,18
2026|08,mobile,returning,Referral,4,2,0,3,0.75,0.25,1,6
2026|08,tablet,new,Organic Search,2,2,2,2,1,0,1,6
2026|08,tablet,new,Organic Social,1,1,1,1,1,0,0,1
2026|08,tablet,new,Paid Search,7,7,7,3,0.4286,0.5714,1,12
2026|08,tablet,new,Referral,1,1,1,0,0,1,0,0
2026|09,desktop,,Organic Search,1,1,0,0,0,1,0,0
2026|09,desktop,,Unassigned,0,2,0,0,,0,2,0
2026|09,desktop,(not set),AI Assistant,1,1,0,0,0,1,0,0
2026|09,desktop,(not set),Direct,1,1,0,0,0,1,0,1
2026|09,desktop,(not set),Organic Search,1,1,0,0,0,1,0,1
2026|09,desktop,(not set),Unassigned,0,4,0,0,,0,3,0
2026|09,desktop,new,AI Assistant,1,1,1,1,1,0,0,3
2026|09,desktop,new,Direct,35,35,35,16,0.4571,0.5429,8,41
2026|09,desktop,new,Organic Search,9,9,9,8,0.8889,0.1111,9,37
2026|09,desktop,new,Paid Search,4,4,4,4,1,0,3,16
2026|09,desktop,new,Referral,3,3,3,1,0.3333,0.6667,0,4
2026|09,desktop,returning,AI Assistant,1,1,0,1,1,0,1,12
2026|09,desktop,returning,Direct,10,6,1,7,0.7,0.3,6,24
2026|09,desktop,returning,Organic Search,2,2,0,0,0,1,0,0
2026|09,desktop,returning,Organic Social,1,1,0,1,1,0,0,1
2026|09,desktop,returning,Referral,3,3,0,3,1,0,0,5
2026|09,desktop,returning,Unassigned,1,1,0,0,0,1,0,1
2026|09,mobile,,Organic Search,1,1,0,0,0,1,0,1
2026|09,mobile,(not set),Direct,7,3,0,2,0.2857,0.7143,0,7
2026|09,mobile,(not set),Organic Search,4,3,0,1,0.25,0.75,1,4
2026|09,mobile,new,Direct,15,15,15,7,0.4667,0.5333,2,23
2026|09,mobile,new,Organic Search,24,24,24,16,0.6667,0.3333,3,50
2026|09,mobile,new,Organic Social,2,2,2,1,0.5,0.5,0,3
2026|09,mobile,new,Paid Search,32,32,32,17,0.5313,0.4688,1,48
2026|09,mobile,returning,Direct,2,2,0,1,0.5,0.5,0,2
2026|09,mobile,returning,Organic Search,10,8,0,5,0.5,0.5,2,10
2026|09,mobile,returning,Paid Search,1,1,0,0,0,1,0,1
2026|09,mobile,returning,Referral,1,1,0,0,0,1,0,0
