yearMonth,landingPage,sessions,engagedSessions,engagementRate,bounceRate,conversions,screenPageViews,totalUsers,newUsers
2023|02,,159,72,0.4528,0.5472,0,421,115,115
2023|02,(not set),25,0,0,1,0,0,20,0
2023|02,/blog,4,1,0.25,0.75,0,5,4,3
2023|02,/blog/2019/4/14/what-to-expect-from-a-naturopathic-doctor,2,0,0,1,0,2,2,2
2023|02,/blog/2022/10/26/naturopathic-first-aid-kit,1,1,1,0,0,1,1,1
2023|02,/cart,2,0,0,1,0,2,2,2
2023|02,/clinical-laboratory-tests,2,1,0.5,0.5,0,3,2,1
2023|02,/contact,4,1,0.25,0.75,0,4,4,4
2023|02,/dietary-supplements,2,1,0.5,0.5,0,17,2,1
2023|02,/meet-dr-haley,3,0,0,1,0,3,3,3
2023|02,/naturopathic-medicine,5,2,0.4,0.6,0,6,4,2
2023|02,/prepare-for-your-visit,51,0,0,1,0,51,51,51
2023|02,/schedule-an-appointment,8,4,0.5,0.5,0,14,6,4
2023|02,/test,1,1,1,0,0,42,1,0
2023|03,,761,299,0.3929,0.6071,0,1295,665,657
2023|03,(not set),54,4,0.0741,0.9259,0,0,42,0
2023|03,/blog,51,38,0.7451,0.2549,0,123,44,38
2023|03,/blog/2017/7/13/sugar-and-the-alternative-sweeteners,1,0,0,1,0,1,1,1
2023|03,/blog/2019/1/20/stimulating-the-vis-with-naturopathic-medicine,1,1,1,0,0,1,1,1
2023|03,/blog/2019/4/14/what-to-expect-from-a-naturopathic-doctor,1,1,1,0,0,7,1,1
2023|03,/blog/2021/1/4/how-to-achieve-your-daily-dietary-fiber-goal,1,0,0,1,0,1,1,1
2023|03,/blog/2022/10/26/naturopathic-first-aid-kit,1,0,0,1,0,1,1,1
2023|03,/blog/2022/3/7/health-alerts-eden-prairie-spring-water,5,4,0.8,0.2,0,8,5,5
2023|03,/blog/fiberfocus,13,10,0.7692,0.2308,0,22,11,8
2023|03,/blog/health-alerts-for-eden-prairie-spring-water,5,1,0.2,0.8,0,8,5,5
2023|03,/blog/lab-testing-looking-outside-the-reference-range,7,6,0.8571,0.1429,0,14,7,7
2023|03,/blog/naturopathic-first-aid-kit,3,1,0.3333,0.6667,0,3,3,1
2023|03,/blog/naturopathic-medicine-provides-a-holistic-approach,1,0,0,1,0,1,1,1
2023|03,/blog/what-to-expect-from-a-naturopathic-doctor,2,1,0.5,0.5,0,3,2,1
2023|03,/cart,1,0,0,1,0,1,1,1
2023|03,/clinical-laboratory-tests,28,14,0.5,0.5,0,52,26,21
2023|03,/contact,14,4,0.2857,0.7143,0,18,2,1
2023|03,/dietary-supplements,1,0,0,1,0,1,1,1
2023|03,/faq,4,0,0,1,0,4,3,2
2023|03,/meet-dr-haley,11,7,0.6364,0.3636,0,18,9,8
2023|03,/meet-dr-jacob,5,4,0.8,0.2,0,8,4,2
2023|03,/naturopathic-doctors,1,1,1,0,0,6,1,1
2023|03,/naturopathic-medicine,6,2,0.3333,0.6667,0,11,5,3
2023|03,/pnh-online-medicinary,1,1,1,0,0,1,1,1
2023|03,/prepare-for-your-visit,2,0,0,1,0,2,1,0
2023|03,/schedule-an-appointment,20,9,0.45,0.55,0,58,16,7
2023|03,/whypnh,9,8,0.8889,0.1111,0,24,6,4
2023|04,,676,281,0.4157,0.5843,0,1067,607,594
2023|04,(not set),25,0,0,1,0,0,23,0
2023|04,/blog,8,1,0.125,0.875,0,9,6,4
2023|04,/blog/2019/4/14/what-to-expect-from-a-naturopathic-doctor,1,1,1,0,0,2,1,1
2023|04,/blog/2021/3/22/heart-rate-monitoring-and-hiit,2,0,0,1,0,2,2,2
2023|04,/blog/2022/10/26/naturopathic-first-aid-kit,3,3,1,0,0,3,3,3
2023|04,/blog/2022/3/7/health-alerts-eden-prairie-spring-water,2,1,0.5,0.5,0,2,2,2
2023|04,/blog/fiberfocus,2,1,0.5,0.5,0,3,2,2
2023|04,/blog/health-alerts-for-eden-prairie-spring-water,8,4,0.5,0.5,0,12,5,5
2023|04,/cart,1,0,0,1,0,1,1,1
2023|04,/clinical-laboratory-tests,2,1,0.5,0.5,0,4,2,1
2023|04,/contact,37,8,0.2162,0.7838,0,40,3,2
2023|04,/dietary-supplements,1,1,1,0,0,2,1,1
2023|04,/faq,4,2,0.5,0.5,0,6,4,2
2023|04,/meet-dr-haley,13,7,0.5385,0.4615,0,27,13,11
2023|04,/meet-dr-jacob,8,4,0.5,0.5,0,12,8,6
2023|04,/naturopathic-medicine,6,1,0.1667,0.8333,0,9,5,1
2023|04,/oauth2/squarespace/loader,1,1,1,0,0,2,1,0
2023|04,/patient-portal,1,0,0,1,0,1,1,1
2023|04,/pnh-online-medicinary,2,2,1,0,0,4,2,0
2023|04,/prepare-for-your-visit,4,2,0.5,0.5,0,9,4,3
2023|04,/schedule-an-appointment,17,8,0.4706,0.5294,0,27,14,7
2023|04,/whypnh,5,1,0.2,0.8,0,7,3,1
2023|05,,1067,392,0.3674,0.6326,0,1586,950,935
2023|05,(not set),35,1,0.0286,0.9714,0,0,33,0
2023|05,/blog,4,2,0.5,0.5,0,6,4,4
2023|05,/blog/2021/3/22/heart-rate-monitoring-and-hiit,1,0,0,1,0,1,1,1
2023|05,/blog/2021/4/8/what-to-do-for-your-seasonal-allergies,1,1,1,0,0,1,1,1
2023|05,/blog/2022/3/7/health-alerts-eden-prairie-spring-water,1,1,1,0,0,3,1,1
2023|05,/blog/health-alerts-for-eden-prairie-spring-water,4,2,0.5,0.5,0,4,3,2
2023|05,/blog/lab-testing-looking-outside-the-reference-range,2,1,0.5,0.5,0,4,1,1
2023|05,/blog/what-to-expect-from-a-naturopathic-doctor,2,1,0.5,0.5,0,2,2,2
2023|05,/cart,2,0,0,1,0,2,2,2
2023|05,/clinical-laboratory-tests,4,2,0.5,0.5,0,12,4,1
2023|05,/contact,6,3,0.5,0.5,0,10,6,3
2023|05,/dietary-supplements,1,1,1,0,0,2,1,0
2023|05,/faq,2,1,0.5,0.5,0,2,2,1
2023|05,/meet-dr-haley,16,8,0.5,0.5,0,28,13,7
2023|05,/meet-dr-jacob,3,1,0.3333,0.6667,0,4,3,2
2023|05,/naturopathic-doctors,1,1,1,0,0,1,1,1
2023|05,/naturopathic-medicine,11,4,0.3636,0.6364,0,19,10,7
2023|05,/patient-portal,2,1,0.5,0.5,0,7,2,2
2023|05,/pnh-online-medicinary,1,0,0,1,0,1,1,1
2023|05,/prepare-for-your-visit,6,3,0.5,0.5,0,7,5,2
2023|05,/schedule-an-appointment,25,11,0.44,0.56,0,58,19,8
2023|05,/whypnh,1,1,1,0,0,1,1,1
2023|06,,559,256,0.458,0.542,0,928,490,477
2023|06,(not set),21,0,0,1,0,0,19,0
2023|06,/blog,3,0,0,1,0,3,3,2
2023|06,/blog/2022/3/7/health-alerts-eden-prairie-spring-water,1,0,0,1,0,1,1,1
2023|06,/blog/health-alerts-for-eden-prairie-spring-water,7,2,0.2857,0.7143,0,9,4,2
2023|06,/blog/what-to-expect-from-a-naturopathic-doctor,1,0,0,1,0,1,1,0
2023|06,/cart,2,0,0,1,0,2,2,2
2023|06,/clinical-laboratory-tests,4,4,1,0,0,14,4,0
2023|06,/contact,4,1,0.25,0.75,0,9,4,3
2023|06,/dietary-supplements,4,1,0.25,0.75,0,4,4,2
2023|06,/faq,3,0,0,1,0,3,3,1
2023|06,/meet-dr-haley,17,11,0.6471,0.3529,0,45,15,11
2023|06,/meet-dr-jacob,3,3,1,0,0,7,2,2
2023|06,/naturopathic-doctors,1,1,1,0,0,1,1,0
2023|06,/naturopathic-medicine,5,1,0.2,0.8,0,6,5,5
2023|06,/patient-portal,1,1,1,0,0,2,1,1
2023|06,/pnh-online-medicinary,1,0,0,1,0,1,1,1
2023|06,/prepare-for-your-visit,3,0,0,1,0,3,3,2
2023|06,/schedule-an-appointment,15,6,0.4,0.6,0,17,13,4
2023|06,/whypnh,1,0,0,1,0,1,1,0
2023|07,,41,14,0.3415,0.6585,0,57,39,34
2023|07,(not set),24,0,0,1,0,0,19,0
2023|07,/,553,236,0.4268,0.5732,0,870,498,486
2023|07,/blog,10,5,0.5,0.5,0,17,10,9
2023|07,/blog/health-alerts-for-eden-prairie-spring-water,2,0,0,1,0,2,1,0
2023|07,/blog/naturopathic-first-aid-kit,2,2,1,0,0,4,2,2
2023|07,/blog/what-to-expect-from-a-naturopathic-doctor,2,2,1,0,0,5,2,2
2023|07,/cart,2,0,0,1,0,2,2,2
2023|07,/clinical-laboratory-tests,4,1,0.25,0.75,0,24,3,0
2023|07,/contact,8,2,0.25,0.75,0,10,5,3
2023|07,/dietary-supplements,1,0,0,1,0,1,1,1
2023|07,/meet-dr-haley,10,6,0.6,0.4,0,21,10,8
2023|07,/meet-dr-jacob,2,2,1,0,0,7,2,2
2023|07,/naturopathic-medicine,7,3,0.4286,0.5714,0,16,6,3
2023|07,/patient-portal,1,0,0,1,0,1,1,1
2023|07,/pnh-online-medicinary,3,1,0.3333,0.6667,0,3,2,0
2023|07,/prepare-for-your-visit,1,0,0,1,0,1,1,0
2023|07,/schedule-an-appointment,11,7,0.6364,0.3636,0,25,11,4
2023|07,/tmp7j5pto71.html,1,0,0,1,0,1,1,1
2023|07,/tmpm_kcp05i.html,1,0,0,1,0,1,1,1
2023|07,/tmpwq5o2tt1.html,1,0,0,1,0,1,1,1
2023|07,/tmpybenk106.html,1,0,0,1,0,1,1,1
2023|07,/whypnh,4,4,1,0,0,11,4,4
2023|08,(not set),20,0,0,1,0,0,17,0
2023|08,/,331,162,0.4894,0.5106,0,744,258,245
2023|08,/blog,2,1,0.5,0.5,0,3,2,1
2023|08,/blog/2022/3/7/health-alerts-eden-prairie-spring-water,1,1,1,0,0,4,1,1
2023|08,/blog/what-to-expect-from-a-naturopathic-doctor,1,0,0,1,0,1,1,1
2023|08,/cart,1,0,0,1,0,1,1,1
2023|08,/clinical-laboratory-tests,11,2,0.1818,0.8182,0,16,9,6
2023|08,/contact,4,0,0,1,0,4,2,1
2023|08,/faq,2,1,0.5,0.5,0,2,2,0
2023|08,/meal-plans-and-recipe-books,2,1,0.5,0.5,0,3,1,0
2023|08,/meet-dr-haley,15,7,0.4667,0.5333,0,21,15,13
2023|08,/meet-dr-jacob,3,3,1,0,0,6,3,3
2023|08,/nail-fungus-relief,12,11,0.9167,0.0833,0,37,11,9
2023|08,/naturopathic-medicine,5,3,0.6,0.4,0,10,4,4
2023|08,/patient-portal,1,0,0,1,0,1,1,1
2023|08,/pnh-online-medicinary,2,2,1,0,0,5,2,1
2023|08,/prepare-for-your-visit,2,1,0.5,0.5,0,3,2,1
2023|08,/schedule-an-appointment,23,15,0.6522,0.3478,0,39,20,10
2023|08,/wellness-shop,1,1,1,0,0,22,1,0
2023|08,/wellness-shop/p/nail-fungus-relief,3,1,0.3333,0.6667,0,8,2,0
2023|09,(not set),16,0,0,1,0,0,12,0
2023|09,/,212,111,0.5236,0.4764,0,506,147,138
2023|09,/blog,4,2,0.5,0.5,0,19,4,1
2023|09,/blog/breaking-the-fast-your-guide-to-a-stellar-morning-meal,15,9,0.6,0.4,0,25,14,9
2023|09,/blog/health-alerts-for-eden-prairie-spring-water,1,1,1,0,0,6,1,1
2023|09,/cart,1,0,0,1,0,1,1,1
2023|09,/clinical-laboratory-tests,7,4,0.5714,0.4286,0,12,6,5
2023|09,/contact,2,1,0.5,0.5,0,2,2,2
2023|09,/dietary-supplements,2,1,0.5,0.5,0,3,2,0
2023|09,/events,1,1,1,0,0,7,1,0
2023|09,/events/event-one-339fw,1,0,0,1,0,1,1,0
2023|09,/events/natural-remedies-for-cold-and-flu-season,1,1,1,0,0,3,1,0
2023|09,/faq,2,1,0.5,0.5,0,5,2,0
2023|09,/meal-plans-and-recipe-books,1,1,1,0,0,3,1,0
2023|09,/meet-dr-haley,12,9,0.75,0.25,0,36,10,6
2023|09,/meet-dr-jacob,7,4,0.5714,0.4286,0,19,7,7
2023|09,/nail-fungus-relief,1,1,1,0,0,3,1,1
2023|09,/naturopathic-medicine,2,0,0,1,0,2,2,1
2023|09,/oauth2/squarespace/loader,1,1,1,0,0,2,1,0
2023|09,/patient-portal,1,0,0,1,0,1,1,1
2023|09,/pnh-online-medicinary,1,0,0,1,0,1,1,0
2023|09,/schedule-an-appointment,32,16,0.5,0.5,0,51,20,10
2023|09,/wellness-shop,1,1,1,0,0,14,1,0
2023|10,(not set),20,0,0,1,0,0,15,0
2023|10,/,167,107,0.6407,0.3593,0,409,123,114
2023|10,/blog,2,0,0,1,0,2,2,2
2023|10,/blog/2017/11/11/minerals-elements-of-health,1,0,0,1,0,1,1,1
2023|10,/blog/2019/4/14/what-to-expect-from-a-naturopathic-doctor,1,0,0,1,0,1,1,1
2023|10,/blog/2022/3/7/health-alerts-eden-prairie-spring-water,1,0,0,1,0,1,1,1
2023|10,/blog/breaking-the-fast-your-guide-to-a-stellar-morning-meal,3,0,0,1,0,3,2,1
2023|10,/blog/health-alerts-for-eden-prairie-spring-water,1,1,1,0,0,4,1,1
2023|10,/blog/lab-testing-looking-outside-the-reference-range,1,0,0,1,0,1,1,1
2023|10,/blog/naturopathic-medicine-provides-a-holistic-approach,4,0,0,1,0,4,4,4
2023|10,/cart,2,0,0,1,0,2,2,2
2023|10,/contact,10,5,0.5,0.5,0,11,9,8
2023|10,/events,18,11,0.6111,0.3889,0,32,18,16
2023|10,/events/halloween-in-hopkins,1,1,1,0,0,1,1,0
2023|10,/events/natural-remedies-for-cold-and-flu-season,1,1,1,0,0,7,1,0
2023|10,/faq,2,1,0.5,0.5,0,3,2,2
2023|10,/home,2,0,0,1,0,2,1,1
2023|10,/meet-dr-haley,17,10,0.5882,0.4118,0,24,16,13
2023|10,/meet-dr-jacob,3,3,1,0,0,5,3,3
2023|10,/naturopathic-medicine,8,5,0.625,0.375,0,16,8,5
2023|10,/patient-portal,8,3,0.375,0.625,0,8,5,3
2023|10,/prepare-for-your-visit,3,1,0.3333,0.6667,0,3,3,2
2023|10,/schedule-an-appointment,12,5,0.4167,0.5833,0,25,6,3
2023|10,/wellness-shop,1,0,0,1,0,1,1,0
2023|11,(not set),12,1,0.0833,0.9167,0,0,12,1
2023|11,/,142,84,0.5915,0.4085,0,368,107,102
2023|11,/blog,1,1,1,0,0,2,1,1
2023|11,/blog/breaking-the-fast-your-guide-to-a-stellar-morning-meal,1,0,0,1,0,1,1,1
2023|11,/blog/cGVyc29uYW,2,0,0,1,0,2,2,2
2023|11,/blog/personalized-fitness-know-your-heart-know-its-limits,2,1,0.5,0.5,0,30,1,0
2023|11,/blog/personalized-fitness-tailoring-your-workouts-with-target-heart-rate,8,6,0.75,0.25,0,23,8,6
2023|11,/cart,1,0,0,1,0,1,1,1
2023|11,/clinical-laboratory-tests,6,5,0.8333,0.1667,0,11,5,3
2023|11,/contact,5,4,0.8,0.2,0,5,5,5
2023|11,/dietary-supplements,1,1,1,0,0,1,1,1
2023|11,/faq,2,1,0.5,0.5,0,2,2,2
2023|11,/meet-dr-haley,10,7,0.7,0.3,0,23,10,6
2023|11,/meet-dr-jacob,5,3,0.6,0.4,0,11,5,4
2023|11,/naturopathic-medicine,2,0,0,1,0,2,2,1
2023|11,/patient-portal,2,0,0,1,0,2,2,0
2023|11,/schedule-an-appointment,4,4,1,0,0,22,4,2
2023|11,/wellness-shop,2,1,0.5,0.5,0,3,2,0
2023|11,/whypnh,1,0,0,1,0,1,1,1
2023|12,(not set),11,0,0,1,0,0,10,0
2023|12,/,126,80,0.6349,0.3651,0,361,97,89
2023|12,/blog,4,1,0.25,0.75,0,10,4,3
2023|12,/blog/breaking-the-fast-your-guide-to-a-stellar-morning-meal,2,1,0.5,0.5,0,2,2,1
2023|12,/blog/fiberfocus,1,1,1,0,0,1,1,0
2023|12,/blog/naturopathic-first-aid-kit,7,3,0.4286,0.5714,0,14,5,4
2023|12,/blog/naturopathic-medicine-provides-a-holistic-approach,1,0,0,1,0,1,1,1
2023|12,/blog/personalized-fitness-tailoring-your-workouts-with-target-heart-rate,1,0,0,1,0,1,1,1
2023|12,/blog/what-to-expect-from-a-naturopathic-doctor,1,0,0,1,0,1,1,1
2023|12,/cardiofocused-appointment,1,1,1,0,0,2,1,0
2023|12,/cart,3,1,0.3333,0.6667,1,4,3,2
2023|12,/clinical-laboratory-tests,1,0,0,1,0,1,1,1
2023|12,/contact,4,1,0.25,0.75,0,4,4,4
2023|12,/dietary-supplements,1,0,0,1,0,1,1,1
2023|12,/heart-health,1,1,1,0,0,1,1,0
2023|12,/home,3,0,0,1,0,3,1,0
2023|12,/meal-plans-and-recipe-books,1,1,1,0,0,4,1,1
2023|12,/meet-dr-haley,8,4,0.5,0.5,0,38,8,7
2023|12,/meet-dr-jacob,11,9,0.8182,0.1818,0,24,11,7
2023|12,/nail-fungus-relief,2,2,1,0,0,7,2,1
2023|12,/naturopathic-medicine,6,3,0.5,0.5,0,8,6,4
2023|12,/patient-portal,1,0,0,1,0,1,1,0
2023|12,/schedule-an-appointment,8,2,0.25,0.75,0,10,6,5
2023|12,/wellness-shop,11,8,0.7273,0.2727,1,23,11,11
2023|12,/wellness-shop/nail-fungus-relief,1,0,0,1,0,1,1,0
2023|12,/wellness-shop/p/21-day-healthy-plate-meal-plan-for-two,1,1,1,0,0,16,1,0
2023|12,/wellness-shop/p/bmFpbC1mdW,6,1,0.1667,0.8333,0,6,6,6
2023|12,/wellness-shop/p/nail-fungus-relief,8,3,0.375,0.625,1,10,5,1
2023|12,/whypnh,1,1,1,0,0,1,1,1
2024|01,(not set),35,0,0,1,8,0,26,0
2024|01,/,211,157,0.7441,0.2559,0,533,143,130
2024|01,/blog,4,1,0.25,0.75,0,13,4,3
2024|01,/blog/2019/4/14/what-to-expect-from-a-naturopathic-doctor,1,1,1,0,0,1,1,1
2024|01,/blog/breaking-the-fast-your-guide-to-a-stellar-morning-meal,1,0,0,1,0,1,1,1
2024|01,/blog/naturopathic-first-aid-kit,1,1,1,0,0,3,1,1
2024|01,/blog/what-to-expect-from-a-naturopathic-doctor,1,0,0,1,0,1,1,1
2024|01,/cardiovascular-wellness-program,17,7,0.4118,0.5882,0,25,8,6
2024|01,/cart,3,0,0,1,0,3,3,3
2024|01,/clinical-laboratory-tests,3,1,0.3333,0.6667,0,3,2,1
2024|01,/contact,6,0,0,1,0,6,6,6
2024|01,/dietary-supplements,3,1,0.3333,0.6667,0,10,3,1
2024|01,/events,13,7,0.5385,0.4615,0,29,9,7
2024|01,/events/what-is-naturopathic-medicine-live-qa-with-dr-jacob-panka,1,1,1,0,0,2,1,0
2024|01,/faq,1,0,0,1,0,1,1,1
2024|01,/heart-health,1,1,1,0,0,2,1,0
2024|01,/home,1,1,1,0,0,4,1,0
2024|01,/meal-plans-and-recipe-books,1,1,1,0,0,7,1,0
2024|01,/meet-dr-haley,18,7,0.3889,0.6111,0,27,16,14
2024|01,/meet-dr-jacob,5,4,0.8,0.2,0,9,5,4
2024|01,/nail-fungus-relief,1,1,1,0,0,11,1,0
2024|01,/naturopathic-medicine,13,8,0.6154,0.3846,0,42,12,7
2024|01,/patient-portal,4,2,0.5,0.5,0,7,3,1
2024|01,/prepare-for-your-visit,5,3,0.6,0.4,0,11,5,3
2024|01,/schedule-an-appointment,16,10,0.625,0.375,0,25,13,6
2024|01,/schedule.php,11,3,0.2727,0.7273,0,16,11,11
2024|01,/wellness-shop,2,2,1,0,0,5,2,2
2024|01,/wellness-shop/p/nail-fungus-relief,3,1,0.3333,0.6667,0,10,2,1
2024|01,/whypnh,2,0,0,1,0,2,2,1
2024|02,(not set),28,0,0,1,22,0,20,0
2024|02,/,1576,350,0.2221,0.7779,1,2183,1472,1458
2024|02,//pankanaturalhealth.com,1,0,0,1,0,1,1,1
2024|02,/blog,4,2,0.5,0.5,0,8,4,3
2024|02,/blog/breaking-the-fast-your-guide-to-a-stellar-morning-meal,2,1,0.5,0.5,0,2,1,1
2024|02,/blog/personalized-fitness-tailoring-your-workouts-with-target-heart-rate,1,0,0,1,0,1,1,0
2024|02,/blog/what-to-expect-from-a-naturopathic-doctor,2,0,0,1,0,2,2,1
2024|02,/cardiovascular-wellness-program,11,5,0.4545,0.5455,0,14,6,1
2024|02,/cart,2,0,0,1,0,2,2,2
2024|02,/clinical-laboratory-tests,2,2,1,0,0,2,2,1
2024|02,/contact,9,2,0.2222,0.7778,0,10,8,5
2024|02,/diabetes,3,3,1,0,0,9,1,0
2024|02,/dietary-supplements,1,0,0,1,0,1,1,1
2024|02,/events,2,2,1,0,0,4,2,2
2024|02,/events/menstrual-cycles-tracking-for-health-and-fertility-awareness,1,0,0,1,0,1,1,1
2024|02,/faq,3,0,0,1,0,3,2,1
2024|02,/home,4,3,0.75,0.25,0,24,2,0
2024|02,/meal-plans-and-recipe-books,2,2,1,0,0,8,2,1
2024|02,/meet-dr-haley,20,11,0.55,0.45,0,32,17,16
2024|02,/meet-dr-jacob,5,2,0.4,0.6,0,10,4,4
2024|02,/nail-fungus-relief,1,1,1,0,0,4,1,1
2024|02,/naturopathic-medicine,8,3,0.375,0.625,0,14,7,4
2024|02,/pankanaturalhealth.com,25,0,0,1,0,25,25,25
2024|02,/pnh-online-medicinary,6,2,0.3333,0.6667,0,10,5,4
2024|02,/prepare-for-your-visit,4,3,0.75,0.25,0,6,4,1
2024|02,/schedule-an-appointment,18,8,0.4444,0.5556,0,25,11,2
2024|02,/schedule.php,19,13,0.6842,0.3158,0,46,14,13
2024|02,/wellness-shop,2,1,0.5,0.5,0,5,2,0
2024|02,/whypnh,3,3,1,0,0,5,3,3
2024|02,/womens-health,2,2,1,0,0,4,1,0
2024|03,(not set),38,1,0.0263,0.9737,24,0,31,0
2024|03,/,843,365,0.433,0.567,0,1545,723,706
2024|03,/blog,3,1,0.3333,0.6667,0,7,3,2
2024|03,/blog/aerobic-exercise-vs-hiit-which-is-right-for-you,12,5,0.4167,0.5833,0,17,12,9
2024|03,/blog/naturopathic-medicine-provides-a-holistic-approach,1,1,1,0,0,1,1,0
2024|03,/blog/personalized-fitness-tailoring-your-workouts-with-target-heart-rate,1,0,0,1,0,1,1,0
2024|03,/cardiovascular-wellness-program,1,0,0,1,0,1,1,0
2024|03,/cardiovascular-wellness-program-1,1,1,1,0,0,21,1,0
2024|03,/cart,1,0,0,1,0,1,1,1
2024|03,/contact,7,3,0.4286,0.5714,0,8,7,5
2024|03,/dietary-supplements,4,3,0.75,0.25,0,6,3,1
2024|03,/holistic-diabetes-care,10,3,0.3,0.7,0,11,2,1
2024|03,/home,2,0,0,1,0,2,1,0
2024|03,/iron-screening,2,1,0.5,0.5,0,2,1,0
2024|03,/meal-plans-and-recipe-books,1,1,1,0,0,4,1,0
2024|03,/meet-dr-haley,22,9,0.4091,0.5909,0,58,15,9
2024|03,/meet-dr-jacob,46,10,0.2174,0.7826,0,54,28,26
2024|03,/naturopathic-medicine,5,0,0,1,0,16,4,1
2024|03,/patient-portal,4,2,0.5,0.5,0,4,3,2
2024|03,/prepare-for-your-visit,6,1,0.1667,0.8333,0,7,5,1
2024|03,/schedule-an-appointment,23,15,0.6522,0.3478,0,42,22,14
2024|03,/schedule.php,11,6,0.5455,0.4545,0,18,9,8
2024|03,/whypnh,7,6,0.8571,0.1429,0,15,7,7
2024|04,(not set),38,0,0,1,12,0,32,2
2024|04,/,474,257,0.5422,0.4578,0,897,382,365
2024|04,/blog,2,2,1,0,0,6,2,1
2024|04,/blog/2019/4/14/what-to-expect-from-a-naturopathic-doctor,1,1,1,0,0,1,1,1
2024|04,/blog/aerobic-exercise-vs-hiit-which-is-right-for-you,1,0,0,1,0,1,1,1
2024|04,/blog/naturopathic-first-aid-kit,1,1,1,0,0,1,1,1
2024|04,/blog/naturopathic-medicine-provides-a-holistic-approach,1,0,0,1,0,1,1,0
2024|04,/blog/wuyrj6j6xvt9lvqp04iq52jow0l4vg,1,1,1,0,0,3,1,0
2024|04,/cardiovascular-wellness-program,4,0,0,1,0,4,1,0
2024|04,/clinical-laboratory-tests,1,1,1,0,0,6,1,1
2024|04,/contact,2,2,1,0,0,3,2,2
2024|04,/dietary-supplements,1,1,1,0,0,5,1,1
2024|04,/faq,1,1,1,0,0,1,1,1
2024|04,/holistic-diabetes-care,1,1,1,0,0,2,1,1
2024|04,/home,2,0,0,1,0,2,1,0
2024|04,/meet-dr-haley,16,7,0.4375,0.5625,0,21,15,14
2024|04,/meet-dr-jacob,76,9,0.1184,0.8816,0,95,67,65
2024|04,/nail-fungus-relief,1,0,0,1,0,1,1,0
2024|04,/naturopathic-medicine,8,2,0.25,0.75,0,9,7,1
2024|04,/patient-portal,3,0,0,1,0,3,2,1
2024|04,/pnh-online-medicinary,1,0,0,1,0,1,1,0
2024|04,/prepare-for-your-visit,1,1,1,0,0,2,1,1
2024|04,/schedule-an-appointment,26,11,0.4231,0.5769,0,39,21,14
2024|04,/schedule.php,11,5,0.4545,0.5455,0,13,9,7
2024|04,/wellness-shop/p/nail-fungus-relief,8,0,0,1,0,8,1,0
2024|04,/whypnh,2,2,1,0,0,2,2,1
2024|05,(not set),29,0,0,1,16,0,22,0
2024|05,/,418,224,0.5359,0.4641,0,859,332,319
2024|05,/blog,7,3,0.4286,0.5714,0,11,6,4
2024|05,/blog/a-food-guide-of-the-essential-minerals-of-health,1,1,1,0,0,2,1,0
2024|05,/blog/aerobic-exercise-vs-hiit-which-is-right-for-you,1,1,1,0,0,2,1,0
2024|05,/blog/fthmrxarq79rmchhua2cvpxcbwh96u,2,1,0.5,0.5,0,2,1,0
2024|05,/blog/health-alerts-for-eden-prairie-spring-water,3,0,0,1,0,3,2,2
2024|05,/blog/naturopathic-first-aid-kit,1,1,1,0,0,1,1,1
2024|05,/blog/naturopathic-medicine-a-critical-component-of-functional-healthcare,1,1,1,0,0,12,1,0
2024|05,/blog/pfas-risk-in-mn-freshwater-fish,10,5,0.5,0.5,0,11,8,3
2024|05,/blog/the-amazing-health-benefits-of-regular-sauna-use,1,1,1,0,0,11,1,0
2024|05,/blog/the-role-and-potential-of-naturopathic-doctors-in-minnesotas-healthcare-system,1,1,1,0,0,9,1,0
2024|05,/cardiovascular-wellness-program,1,0,0,1,0,1,1,1
2024|05,/cart,3,0,0,1,0,3,3,3
2024|05,/clinical-laboratory-tests,2,2,1,0,0,4,2,2
2024|05,/contact,7,4,0.5714,0.4286,0,21,7,5
2024|05,/events/what-is-naturopathic-medicine-live-qa-with-dr-jacob-panka,3,2,0.6667,0.3333,0,3,1,1
2024|05,/faq,2,0,0,1,0,2,1,1
2024|05,/home,1,0,0,1,0,1,1,0
2024|05,/meet-dr-haley,10,5,0.5,0.5,0,15,10,9
2024|05,/meet-dr-jacob,5,1,0.2,0.8,0,5,5,4
2024|05,/nail-fungus-relief,2,2,1,0,1,14,1,1
2024|05,/naturopathic-medicine,1,0,0,1,0,1,1,0
2024|05,/patient-portal,1,0,0,1,0,1,1,0
2024|05,/payment-portal,1,0,0,1,0,1,1,1
2024|05,/pnh-online-medicinary,4,2,0.5,0.5,0,7,4,2
2024|05,/prepare-for-your-visit,4,2,0.5,0.5,0,8,4,1
2024|05,/schedule-an-appointment,15,10,0.6667,0.3333,0,22,13,7
2024|05,/schedule.php,10,6,0.6,0.4,0,19,8,8
2024|05,/whypnh,2,2,1,0,0,7,2,1
2024|06,(not set),37,0,0,1,21,0,31,1
2024|06,/,537,292,0.5438,0.4562,0,1106,427,415
2024|06,/blog,3,2,0.6667,0.3333,0,6,3,1
2024|06,/blog/fiberfocus,1,1,1,0,0,2,1,0
2024|06,/blog/health-alerts-for-eden-prairie-spring-water,1,1,1,0,0,1,1,1
2024|06,/blog/lab-testing-looking-outside-the-reference-range,1,1,1,0,0,6,1,1
2024|06,/blog/naturopathic-first-aid-kit,1,1,1,0,0,2,1,1
2024|06,/blog/sunburn-protection-with-lycopene-rich-foods,10,3,0.3,0.7,0,12,9,7
2024|06,/blog/what-to-expect-from-a-naturopathic-doctor,3,3,1,0,0,3,3,3
2024|06,/cardiovascular-wellness-program,2,1,0.5,0.5,0,4,2,0
2024|06,/cart,1,0,0,1,0,1,1,1
2024|06,/clinical-laboratory-tests,1,1,1,0,0,1,1,1
2024|06,/contact,5,1,0.2,0.8,0,5,5,5
2024|06,/dietary-supplements,2,1,0.5,0.5,0,3,2,2
2024|06,/events,1,0,0,1,0,1,1,1
2024|06,/faq,2,0,0,1,0,2,2,1
2024|06,/home,1,0,0,1,0,1,1,0
2024|06,/iron-screening,4,3,0.75,0.25,0,18,2,0
2024|06,/meet-dr-haley,20,11,0.55,0.45,0,30,19,18
2024|06,/meet-dr-jacob,8,3,0.375,0.625,0,11,8,5
2024|06,/naturopathic-medicine,6,3,0.5,0.5,0,8,5,2
2024|06,/patient-portal,4,1,0.25,0.75,0,4,2,0
2024|06,/pnh-online-medicinary,3,1,0.3333,0.6667,0,3,3,1
2024|06,/prepare-for-your-visit,1,0,0,1,0,1,1,0
2024|06,/schedule-an-appointment,13,9,0.6923,0.3077,0,29,11,5
2024|06,/schedule.php,9,5,0.5556,0.4444,0,12,7,5
2024|06,/whypnh,4,2,0.5,0.5,0,7,4,3
2024|07,(not set),26,1,0.0385,0.9615,22,0,22,0
2024|07,/,356,180,0.5056,0.4944,0,628,283,268
2024|07,/blog,4,3,0.75,0.25,0,22,2,0
2024|07,/blog/a-food-guide-of-the-essential-minerals-of-health,1,0,0,1,0,1,1,0
2024|07,/blog/naturopathic-first-aid-kit,1,1,1,0,0,1,1,1
2024|07,/blog/what-to-expect-from-a-naturopathic-doctor,3,2,0.6667,0.3333,0,3,3,3
2024|07,/cardiovascular-wellness-program,1,0,0,1,0,1,1,1
2024|07,/clinical-laboratory-tests,2,1,0.5,0.5,0,2,2,1
2024|07,/contact,4,2,0.5,0.5,0,7,4,1
2024|07,/faq,2,1,0.5,0.5,0,3,2,1
2024|07,/holistic-diabetes-care,1,1,1,0,0,5,1,1
2024|07,/iron-blood-testing,5,3,0.6,0.4,0,11,1,0
2024|07,/meet-dr-haley,10,9,0.9,0.1,0,29,10,8
2024|07,/meet-dr-jacob,6,1,0.1667,0.8333,0,6,5,3
2024|07,/naturopathic-medicine,2,1,0.5,0.5,0,2,2,1
2024|07,/oauth2/squarespace/loader,1,0,0,1,0,1,1,1
2024|07,/patient-portal,6,4,0.6667,0.3333,0,7,3,1
2024|07,/schedule-an-appointment,27,14,0.5185,0.4815,0,63,16,11
2024|07,/schedule.php,14,2,0.1429,0.8571,0,15,7,5
2024|07,/wellness-shop,1,1,1,0,0,2,1,0
2024|07,/wellness-shop/p/nail-fungus-relief,1,1,1,0,1,6,1,1
2024|07,/whypnh,1,1,1,0,0,1,1,1
2024|08,(not set),26,0,0,1,10,0,22,0
2024|08,/,199,132,0.6633,0.3367,0,486,134,113
2024|08,/blog,3,2,0.6667,0.3333,0,5,3,3
2024|08,/blog/health-alerts-for-eden-prairie-spring-water,2,2,1,0,0,6,2,2
2024|08,/blog/sunburn-protection-with-lycopene-rich-foods,1,1,1,0,0,1,1,1
2024|08,/blog/the-synergy-of-functional-and-naturopathic-medicine-a-holistic-approach-to-health-in-minnesota,6,5,0.8333,0.1667,0,16,6,4
2024|08,/blog/what-to-expect-from-a-naturopathic-doctor,4,3,0.75,0.25,0,5,4,3
2024|08,/cardiovascular-wellness-program,1,0,0,1,0,1,1,1
2024|08,/cart,1,0,0,1,0,1,1,1
2024|08,/clinical-laboratory-tests,2,2,1,0,0,4,2,1
2024|08,/contact,1,0,0,1,0,1,1,1
2024|08,/events,5,2,0.4,0.6,0,14,4,1
2024|08,/events/essential-tips-for-supporting-your-childs-immune-function-this-cold-and-flu-season,3,1,0.3333,0.6667,0,3,3,1
2024|08,/holistic-diabetes-care,1,1,1,0,0,1,1,1
2024|08,/iron-blood-testing,2,1,0.5,0.5,0,10,1,0
2024|08,/meet-dr-haley,10,9,0.9,0.1,0,30,10,10
2024|08,/meet-dr-jacob,10,1,0.1,0.9,0,11,8,7
2024|08,/naturopathic-medicine,1,1,1,0,0,3,1,1
2024|08,/oauth2/squarespace/loader,1,0,0,1,0,1,1,1
2024|08,/patient-portal,2,0,0,1,0,2,2,1
2024|08,/schedule-an-appointment,25,13,0.52,0.48,0,41,18,9
2024|08,/schedule.php,6,4,0.6667,0.3333,0,7,4,2
2024|08,/wellness-shop,1,1,1,0,0,2,1,0
2024|08,/whypnh,1,1,1,0,0,7,1,0
2024|09,(not set),34,1,0.0294,0.9706,13,0,29,1
2024|09,/,525,239,0.4552,0.5448,1,952,443,433
2024|09,/blog,5,4,0.8,0.2,0,14,4,2
2024|09,/blog/aGVhbHRoLW,2,0,0,1,0,2,2,2
2024|09,/blog/health-alerts-for-eden-prairie-spring-water,9,4,0.4444,0.5556,0,10,7,7
2024|09,/blog/naturopathic-first-aid-kit,2,2,1,0,0,3,2,2
2024|09,/blog/nutrient-spotlight-foods-rich-in-calcium,29,14,0.4828,0.5172,0,32,21,14
2024|09,/blog/what-to-expect-from-a-naturopathic-doctor,3,1,0.3333,0.6667,0,4,3,2
2024|09,/cardiovascular-wellness-program,3,2,0.6667,0.3333,0,5,3,2
2024|09,/cart,1,0,0,1,0,1,1,1
2024|09,/clinical-laboratory-tests,2,0,0,1,0,2,2,2
2024|09,/contact,5,2,0.4,0.6,0,6,5,5
2024|09,/dietary-supplements,1,1,1,0,0,2,1,0
2024|09,/events,1,0,0,1,0,1,1,1
2024|09,/events/menstrual-cycles-tracking-for-health-and-fertility-awareness,2,2,1,0,0,3,2,2
2024|09,/faq,5,0,0,1,0,5,5,5
2024|09,/holistic-diabetes-care,1,0,0,1,0,1,1,1
2024|09,/home,1,0,0,1,0,1,1,0
2024|09,/meet-dr-haley,21,13,0.619,0.381,0,38,20,12
2024|09,/meet-dr-jacob,10,6,0.6,0.4,0,24,10,9
2024|09,/naturopathic-medicine,4,3,0.75,0.25,0,10,4,3
2024|09,/oauth2/squarespace/loader,2,0,0,1,0,2,2,2
2024|09,/patient-portal,4,1,0.25,0.75,0,4,2,0
2024|09,/prepare-for-your-visit,2,0,0,1,0,2,2,2
2024|09,/schedule-an-appointment,26,9,0.3462,0.6538,0,39,16,6
2024|09,/schedule.php,15,7,0.4667,0.5333,0,21,12,10
2024|09,/wellness-shop,1,1,1,0,1,11,1,0
2024|09,/whypnh,5,3,0.6,0.4,0,14,5,4
2024|10,(not set),29,0,0,1,20,0,23,1
2024|10,/,547,240,0.4388,0.5612,0,1123,436,418
2024|10,/blog,2,1,0.5,0.5,0,3,2,0
2024|10,/blog/health-alerts-for-eden-prairie-spring-water,1,1,1,0,0,1,1,1
2024|10,/blog/naturopathic-first-aid-kit,8,4,0.5,0.5,0,11,8,7
2024|10,/blog/what-to-expect-from-a-naturopathic-doctor,3,1,0.3333,0.6667,0,3,3,3
2024|10,/cardiovascular-wellness-program,4,4,1,0,0,6,3,1
2024|10,/clinical-laboratory-tests,2,0,0,1,0,2,1,0
2024|10,/contact,5,0,0,1,0,5,3,1
2024|10,/dietary-supplements,1,0,0,1,0,1,1,1
2024|10,/events,1,1,1,0,0,4,1,0
2024|10,/events/halloween-in-hopkins,1,1,1,0,0,1,1,1
2024|10,/events/halloween-in-hopkins-1,3,2,0.6667,0.3333,0,3,3,3
2024|10,/faq,5,1,0.2,0.8,0,42,5,2
2024|10,/home,1,0,0,1,0,1,1,0
2024|10,/iron-blood-testing,1,1,1,0,0,4,1,0
2024|10,/meet-dr-haley,16,10,0.625,0.375,0,26,13,10
2024|10,/meet-dr-jacob,10,6,0.6,0.4,0,20,7,3
2024|10,/nail-fungus-relief,1,1,1,0,0,2,1,1
2024|10,/naturopathic-medicine,3,2,0.6667,0.3333,0,43,3,1
2024|10,/pagead/aclk,1,0,0,1,0,1,1,1
2024|10,/patient-portal,6,6,1,0,0,13,2,1
2024|10,/prepare-for-your-visit,5,5,1,0,0,17,4,2
2024|10,/product-guide,1,1,1,0,0,4,1,0
2024|10,/schedule-an-appointment,20,11,0.55,0.45,0,37,16,6
2024|10,/schedule.php,15,8,0.5333,0.4667,0,18,10,6
2024|10,/wellness-shop,3,0,0,1,0,3,1,0
2024|10,/wellness-shop/p/nail-fungus-relief,1,1,1,0,1,4,1,0
2024|10,/whypnh,4,2,0.5,0.5,0,6,4,3
2024|11,(not set),29,0,0,1,12,0,22,0
2024|11,/,490,223,0.4551,0.5449,1,840,401,389
2024|11,/blog,5,1,0.2,0.8,0,6,5,5
2024|11,/blog/aerobic-exercise-vs-hiit-which-is-right-for-you,4,3,0.75,0.25,0,4,4,4
2024|11,/blog/health-alerts-for-eden-prairie-spring-water,2,2,1,0,0,30,2,1
2024|11,/blog/naturopathic-first-aid-kit,2,1,0.5,0.5,0,2,2,2
2024|11,/blog/naturopathic-medicine-provides-a-holistic-approach,1,1,1,0,0,3,1,0
2024|11,/blog/personalized-fitness-tailoring-your-workouts-with-target-heart-rate,1,0,0,1,0,1,1,1
2024|11,/blog/pfas-risk-in-mn-freshwater-fish,1,0,0,1,0,1,1,1
2024|11,/blog/sunburn-protection-with-lycopene-rich-foods,4,0,0,1,0,4,4,4
2024|11,/blog/what-to-expect-from-a-naturopathic-doctor,2,0,0,1,0,2,2,2
2024|11,/cardiovascular-wellness-program,9,2,0.2222,0.7778,0,10,5,2
2024|11,/cart,7,2,0.2857,0.7143,0,7,7,7
2024|11,/clinical-laboratory-tests,6,5,0.8333,0.1667,0,16,6,4
2024|11,/community-partners-1,1,1,1,0,0,8,1,0
2024|11,/contact,5,2,0.4,0.6,2,5,5,5
2024|11,/dietary-supplements,6,5,0.8333,0.1667,0,25,6,2
2024|11,/events,4,2,0.5,0.5,0,9,3,2
2024|11,/events/small-business-saturday-wellness-giveaway,2,1,0.5,0.5,0,6,2,0
2024|11,/events/the-black-friday-cyber-monday-sale,1,1,1,0,0,9,1,0
2024|11,/faq,2,0,0,1,0,2,2,1
2024|11,/holistic-diabetes-care,19,12,0.6316,0.3684,0,32,14,13
2024|11,/home,2,2,1,0,0,12,1,0
2024|11,/iron-blood-testing ,1,0,0,1,0,1,1,1
2024|11,/meal-plans-and-recipe-books,1,1,1,0,0,8,1,1
2024|11,/meet-dr-haley,27,19,0.7037,0.2963,0,132,25,19
2024|11,/meet-dr-jacob,6,3,0.5,0.5,0,11,6,4
2024|11,/naturopathic-medicine,8,2,0.25,0.75,0,33,7,4
2024|11,/pagead/aclk,2,0,0,1,0,2,2,2
2024|11,/pnh-online-medicinary,2,2,1,0,0,5,1,0
2024|11,/prepare-for-your-visit,1,1,1,0,0,2,1,0
2024|11,/schedule-an-appointment,24,10,0.4167,0.5833,0,34,16,7
2024|11,/schedule.php,3,3,1,0,0,7,3,3
2024|11,/schedule/0081d9d2,1,0,0,1,0,1,1,0
2024|11,/schedule/0081d9d2/confirmation/2faac2ff6d17fb4852a6a69707e3bbf1,1,0,0,1,0,1,1,0
2024|11,/trusted-providers,2,1,0.5,0.5,0,4,1,0
2024|11,/wellness-community,3,2,0.6667,0.3333,0,14,1,0
2024|11,/whypnh,6,5,0.8333,0.1667,0,46,3,1
2024|12,(not set),34,2,0.0588,0.9412,0,0,26,3
2024|12,/,354,159,0.4492,0.5508,13,585,291,280
2024|12,/blog,3,2,0.6667,0.3333,0,6,3,1
2024|12,/blog/2017/7/17/food-preservatives,1,0,0,1,0,1,1,1
2024|12,/blog/fiberfocus,4,1,0.25,0.75,0,7,2,2
2024|12,/blog/health-alerts-for-eden-prairie-spring-water,5,3,0.6,0.4,1,10,5,5
2024|12,/blog/naturopathic-first-aid-kit,1,1,1,0,0,1,1,1
2024|12,/blog/sunburn-protection-with-lycopene-rich-foods,2,2,1,0,0,2,1,1
2024|12,/blog/the-amazing-health-benefits-of-regular-sauna-use,10,2,0.2,0.8,0,13,10,7
2024|12,/blog/what-to-expect-from-a-naturopathic-doctor,4,2,0.5,0.5,0,4,4,2
2024|12,/cardiovascular-wellness-program,4,2,0.5,0.5,0,5,4,3
2024|12,/cart,1,0,0,1,0,1,1,1
2024|12,/clinical-laboratory-tests,1,1,1,0,0,2,1,0
2024|12,/contact,3,2,0.6667,0.3333,3,3,3,2
2024|12,/dietary-supplements,3,3,1,0,2,14,1,0
2024|12,/events,1,0,0,1,0,1,1,1
2024|12,/holistic-diabetes-care,5,5,1,0,0,13,2,1
2024|12,/meet-dr-haley,23,17,0.7391,0.2609,4,58,23,21
2024|12,/meet-dr-jacob,4,3,0.75,0.25,0,6,4,4
2024|12,/naturopathic-medicine,3,2,0.6667,0.3333,0,5,3,2
2024|12,/patient-portal,2,0,0,1,0,2,2,0
2024|12,/pnh-online-medicinary,1,1,1,0,0,4,1,0
2024|12,/prepare-for-your-visit,2,1,0.5,0.5,0,2,2,0
2024|12,/schedule-an-appointment,16,10,0.625,0.375,0,32,12,3
2024|12,/schedule-appointment,1,0,0,1,0,1,1,1
2024|12,/schedule/0081d9d2,3,1,0.3333,0.6667,1,7,2,1
2024|12,/schedule/0081d9d2/category/Follow-up%20Appointment,2,2,1,0,1,12,2,2
2024|12,/schedule/0081d9d2/confirmation/ec8292090b4efd3a97d66d386405f730,2,1,0.5,0.5,0,7,2,2
2024|12,/wellness-community,1,1,1,0,0,2,1,0
2024|12,/whypnh,1,1,1,0,0,1,1,1
2025|01,(not set),27,0,0,1,0,0,23,2
2025|01,/,330,179,0.5424,0.4576,15,653,249,234
2025|01,"/,",1,1,1,0,0,1,1,1
2025|01,/blog,3,2,0.6667,0.3333,0,34,3,1
2025|01,/blog/2022/10/26/naturopathic-first-aid-kit,1,1,1,0,0,3,1,1
2025|01,/blog/4njms1pm5qhtpom8ybdoyqym08az1u,1,1,1,0,0,5,1,0
2025|01,/blog/a-food-guide-of-the-essential-minerals-of-health,1,0,0,1,0,1,1,0
2025|01,/blog/health-alerts-for-eden-prairie-spring-water,5,4,0.8,0.2,0,5,5,5
2025|01,/blog/sunburn-protection-with-lycopene-rich-foods,6,1,0.1667,0.8333,0,7,1,0
2025|01,/blog/what-to-expect-from-a-naturopathic-doctor,2,0,0,1,0,2,2,2
2025|01,/cardiovascular-wellness-program,1,0,0,1,0,1,1,1
2025|01,/cart,1,0,0,1,0,1,1,1
2025|01,/clinical-laboratory-tests,1,1,1,0,0,2,1,1
2025|01,/contact,2,2,1,0,2,5,2,2
2025|01,/dietary-supplements,1,0,0,1,0,1,1,0
2025|01,/faq,6,3,0.5,0.5,0,10,5,0
2025|01,/holistic-diabetes-care,4,4,1,0,0,9,2,1
2025|01,/iron-blood-testing,3,2,0.6667,0.3333,0,4,3,1
2025|01,/meet-dr-haley,27,14,0.5185,0.4815,0,49,23,16
2025|01,/meet-dr-jacob,12,10,0.8333,0.1667,0,27,11,9
2025|01,/naturopathic-medicine,2,1,0.5,0.5,1,3,2,0
2025|01,/patient-portal,5,1,0.2,0.8,0,6,5,1
2025|01,/prepare-for-your-visit,1,1,1,0,0,1,1,1
2025|01,/product-guide,4,2,0.5,0.5,0,6,3,1
2025|01,/schedule-an-appointment,64,25,0.3906,0.6094,0,105,58,44
2025|01,/schedule/0081d9d2,11,6,0.5455,0.4545,1,25,2,1
2025|01,/schedule/0081d9d2/confirmation/2faac2ff6d17fb4852a6a69707e3bbf1,1,1,1,0,0,1,1,0
2025|01,/schedule/0081d9d2/confirmation/4ff354da8ddf4946e5614b984fb699eb,1,1,1,0,0,1,1,1
2025|01,/schedule/0081d9d2/confirmation/64993385ca8fcb7ad7c99fc6a37edb86,1,0,0,1,0,1,1,1
2025|01,/schedule/0081d9d2/confirmation/b60f9cf5b08c0ed6c7f0a0e5dea89bc6,1,1,1,0,0,1,1,1
2025|01,/whypnh,2,0,0,1,0,2,2,2
2025|02,(not set),34,0,0,1,0,0,19,0
2025|02,/,294,178,0.6054,0.3946,14,641,220,195
2025|02,/blog,5,3,0.6,0.4,0,29,3,1
2025|02,/blog/1jmin5acj8kwnjcyn5amfq6ikdcvp8,1,1,1,0,0,2,1,0
2025|02,/blog/2022/10/26/naturopathic-first-aid-kit,1,0,0,1,0,1,1,0
2025|02,/blog/aerobic-exercise-vs-hiit-which-is-right-for-you,1,1,1,0,0,1,1,1
2025|02,/blog/fiberfocus,1,1,1,0,0,1,1,1
2025|02,/blog/health-alerts-for-eden-prairie-spring-water,4,4,1,0,0,5,4,4
2025|02,/blog/nutrient-spotlight-foods-rich-in-calcium,1,1,1,0,0,1,1,1
2025|02,/blog/nutrient-spotlight-foods-rich-in-magnesium,21,8,0.381,0.619,0,23,20,15
2025|02,/blog/nutrient-spotlight-foods-rich-in-magnesium ,3,3,1,0,0,3,3,3
2025|02,/blog/what-to-expect-from-a-naturopathic-doctor,2,2,1,0,0,7,2,2
2025|02,/cardiovascular-wellness-program,8,6,0.75,0.25,0,18,6,4
2025|02,/clinical-laboratory-tests,3,2,0.6667,0.3333,0,4,2,0
2025|02,/contact,6,6,1,0,8,9,4,1
2025|02,/faq,7,1,0.1429,0.8571,0,7,4,1
2025|02,/holistic-diabetes-care,6,6,1,0,0,27,1,0
2025|02,/holistic-diabetes-care-1,1,1,1,0,0,10,1,0
2025|02,/iron-blood-testing,1,1,1,0,0,3,1,0
2025|02,/meet-dr-haley,24,18,0.75,0.25,2,46,15,11
2025|02,/meet-dr-jacob,12,10,0.8333,0.1667,2,25,12,9
2025|02,/nail-fungus-relief,37,17,0.4595,0.5405,0,53,21,19
2025|02,/nail-fungus-relief|@,2,2,1,0,0,2,2,2
2025|02,/naturopathic-medicine,3,2,0.6667,0.3333,0,6,3,0
2025|02,/patient-portal,3,2,0.6667,0.3333,0,5,1,1
2025|02,/pediatrics,2,2,1,0,0,11,1,0
2025|02,/pnh-wellness-shop,2,2,1,0,0,9,2,0
2025|02,/pnh-wellness-shop/p/nail-fungus-relief,3,1,0.3333,0.6667,0,3,3,3
2025|02,/product-guide,2,1,0.5,0.5,0,8,2,1
2025|02,/schedule-an-appointment,17,9,0.5294,0.4706,4,44,13,6
2025|02,/schedule-appointment,1,1,1,0,0,1,1,1
2025|02,/schedule/0081d9d2,4,3,0.75,0.25,0,6,3,2
2025|02,/schedule/0081d9d2/confirmation/2faac2ff6d17fb4852a6a69707e3bbf1,1,0,0,1,0,1,1,0
2025|02,/schedule/0081d9d2/confirmation/4fc55703ee1d49e385e7ec8b8a79ecd0,1,1,1,0,0,5,1,1
2025|02,/wellness-community,5,3,0.6,0.4,0,13,4,0
2025|02,/whypnh,1,0,0,1,0,1,1,0
2025|02,/womens-health,1,0,0,1,0,1,1,0
2025|02,/womens-health-services,4,4,1,0,0,20,3,0
2025|03,(not set),50,2,0.04,0.96,0,0,31,1
2025|03,/,280,184,0.6571,0.3429,18,673,201,179
2025|03,/blog,4,3,0.75,0.25,0,11,4,1
2025|03,/blog/2022/3/7/health-alerts-eden-prairie-spring-water,1,0,0,1,0,1,1,1
2025|03,/blog/7-day-spring-cleaning-dust-action-plan,1,1,1,0,0,2,1,0
2025|03,/blog/7-day-spring-cleaning-dust-allergy-action-plan,6,2,0.3333,0.6667,0,7,5,5
2025|03,/blog/d56l8l0klwlis0fgsdillvx84yb427,1,1,1,0,0,3,1,0
2025|03,/blog/health-alerts-for-eden-prairie-spring-water,2,1,0.5,0.5,0,2,2,2
2025|03,/blog/spring-water-safety-what-you-need-to-know-about-eden-prairies-natural-water-sources,1,1,1,0,0,4,1,0
2025|03,/blog/sunburn-protection-with-lycopene-rich-foods,1,1,1,0,0,1,1,1
2025|03,/blog/the-amazing-health-benefits-of-regular-sauna-use,5,1,0.2,0.8,0,5,5,5
2025|03,/blog/what-to-expect-from-a-naturopathic-doctor,3,2,0.6667,0.3333,0,4,3,3
2025|03,/cardiovascular-wellness-program,2,2,1,0,0,3,2,0
2025|03,/cart,1,0,0,1,0,1,1,1
2025|03,/clinical-laboratory-tests,3,1,0.3333,0.6667,0,9,3,3
2025|03,/config/scheduling-service/certificate.php,1,1,1,0,0,3,1,0
2025|03,/contact,3,3,1,0,3,3,3,3
2025|03,/events,1,1,1,0,0,5,1,0
2025|03,/events/beyond-antihistamines-a-natural-approach-to-allergy-relief,3,1,0.3333,0.6667,0,4,3,1
2025|03,/faq,2,0,0,1,0,2,1,0
2025|03,/holistic-diabetes-care,8,7,0.875,0.125,0,22,2,1
2025|03,/iron-blood-testing,5,0,0,1,0,5,3,1
2025|03,/meal-plans-and-recipe-books,1,0,0,1,0,1,1,0
2025|03,/meet-dr-haley,12,9,0.75,0.25,1,26,10,4
2025|03,/meet-dr-jacob,5,2,0.4,0.6,0,5,5,3
2025|03,/mens-health,3,2,0.6667,0.3333,0,7,2,0
2025|03,/nail-fungus-relief,29,4,0.1379,0.8621,0,36,12,9
2025|03,/naturopathic-medicine,3,2,0.6667,0.3333,0,7,3,1
2025|03,/patient-portal,4,3,0.75,0.25,0,4,4,3
2025|03,/pediatrics,1,0,0,1,0,1,1,1
2025|03,/pnh-wellness-shop,1,0,0,1,0,3,1,0
2025|03,/pnh-wellness-shop/p/nail-fungus-relief,1,0,0,1,0,1,1,0
2025|03,/prepare-for-your-visit,5,4,0.8,0.2,0,17,5,2
2025|03,/schedule-an-appointment,35,16,0.4571,0.5429,0,65,17,8
2025|03,/schedule/0081d9d2,8,6,0.75,0.25,1,39,3,2
2025|03,/schedule/0081d9d2/confirmation/ac7d48edeae64c2e496d97ef4d211faf,1,0,0,1,0,1,1,0
2025|03,/video-library,4,1,0.25,0.75,0,6,2,0
2025|03,/wellness-community,32,17,0.5313,0.4688,0,47,25,17
2025|03,/womens-health-services,8,4,0.5,0.5,0,20,4,1
2025|04,(not set),38,0,0,1,0,0,24,2
2025|04,/,234,153,0.6538,0.3462,8,602,170,157
2025|04,/blog,3,1,0.3333,0.6667,0,4,3,2
2025|04,/blog/7-day-spring-cleaning-dust-allergy-action-plan,3,0,0,1,0,3,2,1
2025|04,/blog/eden-prairie-springs,3,1,0.3333,0.6667,0,3,1,0
2025|04,/blog/fiberfocus,1,1,1,0,0,2,1,0
2025|04,/blog/health-alerts-for-eden-prairie-spring-water,9,4,0.4444,0.5556,0,9,5,4
2025|04,/blog/lab-testing-looking-outside-the-reference-range,1,1,1,0,0,1,1,1
2025|04,/blog/naturopathic-first-aid-kit,3,1,0.3333,0.6667,0,3,1,1
2025|04,/blog/spring-water-safety-what-you-need-to-know-about-eden-prairies-natural-water-sources,2,1,0.5,0.5,0,3,1,0
2025|04,/blog/what-to-expect-from-a-naturopathic-doctor,1,0,0,1,0,1,1,1
2025|04,/cardiovascular-wellness-program,2,2,1,0,0,3,2,1
2025|04,/catalog/0081d9d2,1,0,0,1,0,1,1,0
2025|04,/catalog/0081d9d2/confirmation/151080531,1,0,0,1,0,1,1,1
2025|04,/certificate.php/schedule.php,1,1,1,0,0,1,1,1
2025|04,/clinical-laboratory-tests,5,3,0.6,0.4,0,19,5,3
2025|04,/config/scheduling-service/certificate.php,1,1,1,0,1,15,1,0
2025|04,/contact,3,3,1,0,3,3,3,3
2025|04,/events,3,1,0.3333,0.6667,0,4,3,2
2025|04,/events/beyond-antihistamines-a-natural-approach-to-allergy-relief,8,5,0.625,0.375,0,19,3,1
2025|04,/faq,7,1,0.1429,0.8571,0,8,4,1
2025|04,/followup-packages,11,3,0.2727,0.7273,0,25,8,4
2025|04,/holistic-diabetes-care,10,9,0.9,0.1,2,33,4,1
2025|04,/iron-blood-testing,2,1,0.5,0.5,1,6,2,1
2025|04,/meet-dr-haley,13,9,0.6923,0.3077,1,21,11,7
2025|04,/meet-dr-jacob,1,1,1,0,1,3,1,1
2025|04,/mens-health,1,1,1,0,0,16,1,0
2025|04,/nail-fungus-relief,2,2,1,0,0,20,2,0
2025|04,/naturopathic-medicine,6,2,0.3333,0.6667,0,11,4,0
2025|04,/oauth2/squarespace/loader,1,0,0,1,0,1,1,1
2025|04,/patient-portal,3,1,0.3333,0.6667,0,4,2,0
2025|04,/pediatrics,3,1,0.3333,0.6667,1,20,2,0
2025|04,/pnh-wellness-shop,1,1,1,0,0,8,1,0
2025|04,/prepare-for-your-visit,1,0,0,1,0,1,1,0
2025|04,/schedule-an-appointment,37,19,0.5135,0.4865,0,57,25,8
2025|04,/schedule-appointment,1,0,0,1,0,1,1,0
2025|04,/schedule/0081d9d2,10,4,0.4,0.6,2,36,5,3
2025|04,/schedule/0081d9d2/confirmation/2faac2ff6d17fb4852a6a69707e3bbf1,3,0,0,1,0,3,2,1
2025|04,/schedule/0081d9d2/confirmation/5d31d97c7610796b9cb96ff88961428c,1,0,0,1,0,1,1,0
2025|04,/schedule/0081d9d2/confirmation/cbe0660f730a8105549c7ff6de5892ab,2,1,0.5,0.5,0,2,1,1
2025|04,/wellness-community,3,1,0.3333,0.6667,0,3,2,1
2025|04,/whypnh,1,0,0,1,0,1,1,1
2025|04,/womens-health-services,6,2,0.3333,0.6667,1,10,6,1
2025|05,(not set),35,1,0.0286,0.9714,0,0,28,3
2025|05,/,194,115,0.5928,0.4072,7,403,135,119
2025|05,/blog,7,3,0.4286,0.5714,0,17,7,5
2025|05,/blog/2017/7/17/food-preservatives,1,0,0,1,0,1,1,1
2025|05,/blog/7-day-spring-cleaning-dust-allergy-action-plan,1,0,0,1,0,2,1,0
2025|05,/blog/aerobic-exercise-vs-hiit-which-is-right-for-you,1,1,1,0,0,1,1,1
2025|05,/blog/eden-prairie-springs,31,11,0.3548,0.6452,0,32,26,20
2025|05,/blog/health-alerts-for-eden-prairie-spring-water,7,7,1,0,0,16,7,7
2025|05,/blog/naturopathic-first-aid-kit,1,1,1,0,0,1,1,1
2025|05,/blog/naturopathic-medicine-provides-a-holistic-approach,5,0,0,1,0,5,5,5
2025|05,/blog/sunburn-protection-with-lycopene-rich-foods,4,3,0.75,0.25,0,5,4,3
2025|05,/c2NoZWR1bG,1,1,1,0,0,1,1,1
2025|05,/cardiovascular-wellness-program,2,1,0.5,0.5,0,2,2,2
2025|05,/cart,2,0,0,1,0,2,2,2
2025|05,/clinical-laboratory-tests,3,1,0.3333,0.6667,0,3,3,3
2025|05,/contact,7,6,0.8571,0.1429,7,18,7,3
2025|05,/dietary-supplements,1,0,0,1,0,1,1,1
2025|05,/events,1,1,1,0,1,3,1,1
2025|05,/faq,1,0,0,1,0,1,1,1
2025|05,/followup-packages,1,0,0,1,0,1,1,1
2025|05,/holistic-diabetes-care,1,0,0,1,0,1,1,1
2025|05,/iron-blood-testing,1,0,0,1,0,1,1,1
2025|05,/meal-plans-and-recipe-books,1,0,0,1,0,1,1,1
2025|05,/meet-dr-haley,26,16,0.6154,0.3846,0,51,24,21
2025|05,/meet-dr-jacob,6,4,0.6667,0.3333,0,14,6,5
2025|05,/mens-health,3,0,0,1,0,3,3,2
2025|05,/nail-fungus-relief,13,0,0,1,0,13,12,12
2025|05,/naturopathic-medicine,6,1,0.1667,0.8333,0,8,5,3
2025|05,/patient-portal,3,2,0.6667,0.3333,0,5,3,2
2025|05,/pediatrics,1,0,0,1,0,1,1,1
2025|05,/pnh-fullscript,5,4,0.8,0.2,0,8,3,2
2025|05,/pnh-wellness-shop,1,0,0,1,0,1,1,1
2025|05,/pnh-wellness-shop/p/21-day-healthy-plate-meal-plan-for-the-family,1,0,0,1,0,1,1,1
2025|05,/pnh-wellness-shop/p/21-day-healthy-plate-meal-plan-for-two,1,0,0,1,0,1,1,1
2025|05,/pnh-wellness-shop/p/21-day-healthy-plate-meal-plan-one-person,1,0,0,1,0,1,1,1
2025|05,/pnh-wellness-shop/p/21-day-ketogenic-meal-plan-for-one-person,1,0,0,1,0,1,1,1
2025|05,/pnh-wellness-shop/p/21-day-ketogenic-meal-plan-for-two,1,0,0,1,0,1,1,1
2025|05,/pnh-wellness-shop/p/21-day-plant-based-meal-plan-one-person,1,0,0,1,0,1,1,1
2025|05,/pnh-wellness-shop/p/anti-inflammatory-recipe-book,1,0,0,1,0,1,1,1
2025|05,/pnh-wellness-shop/p/dairy-free-gluten-free-recipe-book,1,0,0,1,0,1,1,1
2025|05,/pnh-wellness-shop/p/dairy-free-recipe-book,1,0,0,1,0,1,1,1
2025|05,/pnh-wellness-shop/p/gluten-free-recipe-book,1,0,0,1,0,1,1,1
2025|05,/pnh-wellness-shop/p/ketogenic-recipe-book,1,0,0,1,0,1,1,1
2025|05,/pnh-wellness-shop/p/low-fodmap-recipe-book,1,0,0,1,0,1,1,1
2025|05,/pnh-wellness-shop/p/nail-fungus-relief,1,0,0,1,0,1,1,1
2025|05,/pnh-wellness-shop/p/plant-based-meal-plan-for-two,1,0,0,1,0,1,1,1
2025|05,/pnh-wellness-shop/p/plant-based-recipe-book,1,0,0,1,0,1,1,1
2025|05,/pnh-wellness-shop/p/smoothie-recipe-book,1,0,0,1,0,1,1,1
2025|05,/prepare-for-your-visit,1,0,0,1,0,1,1,1
2025|05,/product-guide,2,0,0,1,0,2,2,2
2025|05,/schedule-an-appointment,22,13,0.5909,0.4091,0,29,13,7
2025|05,/schedule/0081d9d2,5,4,0.8,0.2,1,23,4,2
2025|05,/schedule/0081d9d2/confirmation/2faac2ff6d17fb4852a6a69707e3bbf1,7,3,0.4286,0.5714,0,8,1,0
2025|05,/schedule/0081d9d2/confirmation/ca04ebd439ba675c67923ec147b9495b,2,1,0.5,0.5,0,3,1,0
2025|05,/video-library,2,1,0.5,0.5,0,5,2,1
2025|05,/wellness-community,2,0,0,1,0,2,2,1
2025|05,/wellness-shop,1,0,0,1,0,1,1,1
2025|05,/whypnh,2,1,0.5,0.5,1,3,2,1
2025|05,/womens-health-services,2,0,0,1,0,2,2,1
2025|06,(not set),37,2,0.0541,0.9459,0,0,24,2
2025|06,/,458,221,0.4825,0.5175,17,915,350,340
2025|06,/about-1,7,5,0.7143,0.2857,0,16,7,9
2025|06,/blog,13,11,0.8462,0.1538,0,31,12,14
2025|06,/blog/7-day-spring-cleaning-dust-allergy-action-plan,2,1,0.5,0.5,0,2,1,1
2025|06,/blog/aerobic-exercise-vs-hiit-which-is-right-for-you,1,1,1,0,0,1,1,1
2025|06,/blog/breaking-the-fast-your-guide-to-a-stellar-morning-meal,2,1,0.5,0.5,0,2,1,1
2025|06,/blog/eden-prairie-springs,19,9,0.4737,0.5263,1,21,17,15
2025|06,/blog/health-alerts-for-eden-prairie-spring-water,1,1,1,0,0,1,1,1
2025|06,/blog/naturopathic-medicine-provides-a-holistic-approach,1,0,0,1,0,1,1,1
2025|06,/blog/nutrient-spotlight-foods-rich-in-calcium,2,0,0,1,0,2,2,1
2025|06,/blog/personalized-fitness-tailoring-your-workouts-with-target-heart-rate,1,1,1,0,0,1,1,1
2025|06,/blog/sunburn-protection-with-lycopene-rich-foods,10,8,0.8,0.2,0,14,10,9
2025|06,/cardiovascular-wellness-program,1,1,1,0,0,2,1,1
2025|06,/cart,2,0,0,1,0,2,2,2
2025|06,/clinical-laboratory-tests,4,3,0.75,0.25,0,10,3,2
2025|06,/contact,9,9,1,0,9,10,9,6
2025|06,/dietary-supplements,1,1,1,0,0,32,1,0
2025|06,/events,3,3,1,0,0,7,3,3
2025|06,/faq,7,6,0.8571,0.1429,0,13,7,7
2025|06,/followup-packages,2,1,0.5,0.5,0,3,2,0
2025|06,/holistic-diabetes-care,5,5,1,0,0,10,2,1
2025|06,/meet-dr-haley,25,21,0.84,0.16,1,56,23,20
2025|06,/meet-dr-jacob,9,7,0.7778,0.2222,1,21,9,8
2025|06,/nail-fungus-relief,50,11,0.22,0.78,0,97,46,43
2025|06,/naturopathic-medicine,4,0,0,1,0,4,1,0
2025|06,/patient-portal,2,0,0,1,0,2,1,0
2025|06,/pediatrics,2,1,0.5,0.5,0,5,2,0
2025|06,/pnh-wellness-shop,1,1,1,0,0,3,1,0
2025|06,/prepare-for-your-visit,3,2,0.6667,0.3333,1,5,3,0
2025|06,/privacy-policy,2,0,0,1,0,2,2,2
2025|06,/product-guide,1,0,0,1,0,2,1,0
2025|06,/schedule-an-appointment,55,22,0.4,0.6,0,87,43,31
2025|06,/schedule/0081d9d2,14,12,0.8571,0.1429,6,90,3,2
2025|06,/schedule/0081d9d2/category/First%20Appointment/appointment/41837463/calendar/8024328/datetime/2025-06-12T09:30:00-05:00/payment,1,1,1,0,2,12,1,0
2025|06,/schedule/0081d9d2/confirmation/03e83881c635685931f035135b442590,1,1,1,0,0,1,1,0
2025|06,/schedule/0081d9d2/confirmation/df3e6c52d0d6a1e493687ca4ad496557,1,0,0,1,0,1,1,1
2025|06,/schedule/0081d9d2/confirmation/e7d49c39009a254f7ed5d136262605eb,1,1,1,0,0,2,1,0
2025|06,/schedule/0081d9d2/confirmation/fe8e57c96614651c8169e218bb73e8cf,1,1,1,0,0,6,1,0
2025|06,/services-1,3,3,1,0,0,8,3,4
2025|06,/wellness-community,3,2,0.6667,0.3333,0,5,3,2
2025|06,/wellness-shop-1,2,2,1,0,0,5,2,2
2025|06,/whypnh,71,8,0.1127,0.8873,0,79,69,69
2025|06,/womens-health-services,2,0,0,1,0,2,2,1
2025|07,(not set),90,4,0.0444,0.9556,0,0,79,8
2025|07,/,1470,436,0.2966,0.7034,23,2130,1309,1284
2025|07,/blog,2,0,0,1,0,2,2,2
2025|07,/blog/7-day-spring-cleaning-dust-allergy-action-plan,2,2,1,0,0,2,2,0
2025|07,/blog/aerobic-exercise-vs-hiit-which-is-right-for-you,4,3,0.75,0.25,0,4,4,4
2025|07,/blog/eden-prairie-springs,37,20,0.5405,0.4595,0,46,28,27
2025|07,/blog/health-alerts-for-eden-prairie-spring-water,5,4,0.8,0.2,0,8,5,4
2025|07,/blog/personalized-fitness-tailoring-your-workouts-with-target-heart-rate,3,3,1,0,0,3,3,3
2025|07,/cardiovascular-wellness-progra,1,1,1,0,0,1,1,1
2025|07,/cart,3,1,0.3333,0.6667,0,21,3,0
2025|07,/clinical-laboratory-tests,33,5,0.1515,0.8485,0,42,31,28
2025|07,/contact,5,5,1,0,5,5,5,3
2025|07,/faq,5,2,0.4,0.6,0,8,5,1
2025|07,/followup-packages,2,0,0,1,0,2,1,0
2025|07,/holistic-diabetes-care,6,5,0.8333,0.1667,0,9,3,1
2025|07,/home,1,0,0,1,0,1,1,0
2025|07,/meet-dr-haley,67,21,0.3134,0.6866,5,94,61,61
2025|07,/meet-dr-jacob,25,10,0.4,0.6,0,31,24,25
2025|07,/mens-health,5,5,1,0,0,10,5,4
2025|07,/nail-fungus-relief,2,1,0.5,0.5,0,3,2,2
2025|07,/naturopathic-medicine,8,5,0.625,0.375,0,13,7,8
2025|07,/oauth2/squarespace/loader,2,0,0,1,0,2,2,2
2025|07,/patient-portal,4,1,0.25,0.75,0,6,1,0
2025|07,/pediatrics,4,4,1,0,0,7,4,4
2025|07,/pnh-wellness-shop,3,3,1,0,1,17,1,0
2025|07,/prepare-for-your-visit,1,0,0,1,0,1,1,1
2025|07,/schedule-an-appointment,649,45,0.0693,0.9307,0,681,596,579
2025|07,/schedule/0081d9d2,8,4,0.5,0.5,2,37,7,5
2025|07,/schedule/0081d9d2/category/Introductory%20Phone%20Call/appointment/41826455,1,1,1,0,0,3,1,1
2025|07,/schedule/0081d9d2/category/Introductory%20Phone%20Call/appointment/41826455/calendar/7700282/datetime/2025-07-11T10:30:00-05:00,1,0,0,1,0,1,1,0
2025|07,/wellness-community,2,0,0,1,0,2,2,1
2025|07,/whypnh,1074,101,0.094,0.906,0,1164,999,994
2025|07,/womens-health-services,20,9,0.45,0.55,1,36,16,12
2025|08,(not set),42,1,0.0238,0.9762,0,0,33,4
2025|08,/,460,301,0.6543,0.3457,14,1023,380,355
2025|08,/account/login,1,0,0,1,0,8,1,0
2025|08,/blog,3,1,0.3333,0.6667,0,4,3,2
2025|08,/blog/7-day-spring-cleaning-dust-allergy-action-plan,1,0,0,1,0,3,1,0
2025|08,/blog/aerobic-exercise-vs-hiit-which-is-right-for-you,1,0,0,1,0,1,1,1
2025|08,/blog/eden-prairie-springs,18,12,0.6667,0.3333,0,19,17,17
2025|08,/blog/health-alerts-for-eden-prairie-spring-water,2,2,1,0,0,2,2,2
2025|08,/blog/naturopathic-first-aid-kit,2,2,1,0,0,2,2,2
2025|08,/blog/sunburn-protection-with-lycopene-rich-foods,2,1,0.5,0.5,0,2,2,2
2025|08,/blog/the-amazing-health-benefits-of-regular-sauna-use,5,0,0,1,0,5,1,0
2025|08,/blog/what-to-expect-from-a-naturopathic-doctor,1,1,1,0,0,2,1,1
2025|08,/cardiovascular-wellness-program,3,3,1,0,0,6,3,2
2025|08,/cart,2,1,0.5,0.5,0,3,2,1
2025|08,/clinical-laboratory-tests,5,4,0.8,0.2,0,13,5,4
2025|08,/contact,8,8,1,0,8,8,8,6
2025|08,/dietary-supplements,2,2,1,0,0,4,2,2
2025|08,/faq,30,17,0.5667,0.4333,0,45,29,27
2025|08,/holistic-diabetes-care,3,3,1,0,0,25,2,1
2025|08,/meet-dr-haley,24,15,0.625,0.375,0,55,21,16
2025|08,/meet-dr-jacob,7,5,0.7143,0.2857,0,10,7,4
2025|08,/mens-health,2,0,0,1,0,2,2,0
2025|08,/naturopathic-medicine,10,2,0.2,0.8,0,18,7,3
2025|08,/patient-portal,3,3,1,0,0,6,2,0
2025|08,/pediatrics,4,3,0.75,0.25,0,9,4,2
2025|08,/prepare-for-your-visit,8,2,0.25,0.75,0,11,7,5
2025|08,/privacy-policy,1,0,0,1,0,1,1,1
2025|08,/product-guide,1,0,0,1,0,1,1,1
2025|08,/schedule-an-appointment,30,12,0.4,0.6,0,41,22,11
2025|08,/schedule/0081d9d2,2,2,1,0,0,3,2,2
2025|08,/schedule/0081d9d2/confirmation/8871c4b2ba6b4eb4a1b062bc2e4b77c8,1,1,1,0,0,1,1,1
2025|08,/schedule/0081d9d2/confirmation/a0977e7e04f751b34aa5c177d4209a78,1,0,0,1,0,1,1,0
2025|08,/schedule/0081d9d2/confirmation/a2168398b586b588b82dbb5fba407785,1,1,1,0,0,2,1,1
2025|08,/schedule/0081d9d2/confirmation/fcd26cb2c07c412885606ac9dec8a852,1,0,0,1,0,1,1,1
2025|08,/whypnh,5,0,0,1,0,5,5,4
2025|08,/womens-health-services,7,4,0.5714,0.4286,0,13,7,4
2025|09,(not set),43,0,0,1,0,0,35,1
2025|09,/,229,140,0.6114,0.3886,19,549,166,149
2025|09,/blog/eden-prairie-springs,23,13,0.5652,0.4348,0,31,18,14
2025|09,/blog/nutrient-spotlight-foods-rich-in-calcium,1,0,0,1,0,1,1,1
2025|09,/cardiovascular-wellness-program,5,3,0.6,0.4,0,8,5,3
2025|09,/clinical-laboratory-tests,7,6,0.8571,0.1429,0,31,6,6
2025|09,/contact,4,4,1,0,4,4,4,2
2025|09,/dietary-supplements,3,3,1,0,0,5,2,1
2025|09,/events,1,1,1,0,0,1,1,1
2025|09,/faq,8,2,0.25,0.75,0,9,4,1
2025|09,/followup-packages,1,1,1,0,0,1,1,1
2025|09,/holistic-diabetes-care,5,5,1,0,0,10,4,3
2025|09,/meal-plans-and-recipe-books,2,1,0.5,0.5,0,2,2,1
2025|09,/meet-dr-haley,25,21,0.84,0.16,2,69,24,19
2025|09,/meet-dr-jacob,5,3,0.6,0.4,0,14,5,3
2025|09,/mens-health,1,1,1,0,0,1,1,1
2025|09,/nail-fungus-relief,2,1,0.5,0.5,0,2,2,2
2025|09,/naturopathic-medicine,8,4,0.5,0.5,0,8,8,6
2025|09,/patient-portal,5,4,0.8,0.2,0,9,4,2
2025|09,/pediatrics,9,9,1,0,0,23,8,7
2025|09,/prepare-for-your-visit,3,3,1,0,0,8,3,2
2025|09,/privacy-policy,1,1,1,0,0,1,1,1
2025|09,/schedule-an-appointment,36,21,0.5833,0.4167,1,83,27,14
2025|09,/schedule/0081d9d2,4,3,0.75,0.25,1,24,4,3
2025|09,/schedule/0081d9d2/category/First%20Appointment,1,1,1,0,1,5,1,0
2025|09,/schedule/0081d9d2/confirmation/0174cc3923b95daf410e7800715e71fc,2,1,0.5,0.5,0,2,1,1
2025|09,/schedule/0081d9d2/confirmation/553826acc4ea62dbc8c174782a68bc7b,1,0,0,1,0,1,1,1
2025|09,/schedule/0081d9d2/confirmation/5d5520222a9fdbb7d162c42fdcbbc008,1,1,1,0,0,1,1,1
2025|09,/schedule/0081d9d2/confirmation/8871c4b2ba6b4eb4a1b062bc2e4b77c8,1,1,1,0,0,2,1,0
2025|09,/schedule/0081d9d2/confirmation/a483cc774d44ed0612e4cfc65c1245db,2,1,0.5,0.5,0,2,1,1
2025|09,/schedule/0081d9d2/confirmation/b20bbf9500977ddf01df5e7042125982,1,1,1,0,0,1,1,1
2025|09,/schedule/0081d9d2/confirmation/c1f622d2b77586348e8d63ff16dd3fc2,1,1,1,0,1,10,1,1
2025|09,/schedule/0081d9d2/confirmation/ee1d7391c8ecdf7653ea53dae60343a9,1,0,0,1,0,1,1,1
2025|09,/schedule/0081d9d2/confirmation/fcd26cb2c07c412885606ac9dec8a852,2,0,0,1,0,2,1,0
2025|09,/whypnh,1,1,1,0,0,1,1,0
2025|09,/womens-health-services,3,1,0.3333,0.6667,0,4,3,1
2025|10,(not set),38,1,0.0263,0.9737,0,0,22,2
2025|10,/,838,720,0.8592,0.1408,16,1736,739,711
2025|10,/about,1,0,0,1,0,1,1,1
2025|10,/blog,4,1,0.25,0.75,0,5,4,3
2025|10,/blog/eden-prairie-springs,43,21,0.4884,0.5116,1,57,33,31
2025|10,/blog/nutrient-spotlight-foods-rich-in-magnesium,1,0,0,1,0,1,1,1
2025|10,/blog/sunburn-protection-with-lycopene-rich-foods,1,0,0,1,0,1,1,1
2025|10,/blog/the-synergy-of-functional-and-naturopathic-medicine-a-holistic-approach-to-health-in-minnesota,2,0,0,1,0,2,2,2
2025|10,/cardiovascular-wellness-program,2,1,0.5,0.5,0,2,2,2
2025|10,/cart,1,0,0,1,0,1,1,1
2025|10,/certificate.php/schedule.php,1,1,1,0,0,1,1,1
2025|10,/clinical-laboratory-tests,10,6,0.6,0.4,0,22,10,9
2025|10,/contact,10,10,1,0,10,10,9,7
2025|10,/events,2,2,1,0,0,4,2,1
2025|10,/faq,8,1,0.125,0.875,0,8,4,1
2025|10,/followup-packages,3,1,0.3333,0.6667,0,4,3,2
2025|10,/holistic-diabetes-care,3,2,0.6667,0.3333,0,5,3,2
2025|10,/meal-plans-and-recipe-books,1,0,0,1,0,1,1,1
2025|10,/meet-dr-haley,19,14,0.7368,0.2632,0,33,15,10
2025|10,/meet-dr-jacob,7,3,0.4286,0.5714,0,8,5,2
2025|10,/nail-fungus-relief,2,1,0.5,0.5,0,2,2,2
2025|10,/naturopathic-medicine,5,0,0,1,0,5,3,1
2025|10,/patient-portal,7,2,0.2857,0.7143,0,10,4,1
2025|10,/pediatrics,5,4,0.8,0.2,0,15,5,5
2025|10,/pnh-fullscript,1,1,1,0,0,1,1,1
2025|10,/pnh-wellness-shop,1,0,0,1,0,1,1,1
2025|10,/preferences.php,1,0,0,1,0,1,1,0
2025|10,/prepare-for-your-visit,4,4,1,0,0,5,4,3
2025|10,/privacy-policy,3,0,0,1,0,3,3,2
2025|10,/product-guide,1,0,0,1,0,1,1,1
2025|10,/resources,1,1,1,0,0,1,1,1
2025|10,/schedule-an-appointment,51,17,0.3333,0.6667,0,74,37,22
2025|10,/schedule/0081d9d2,1,1,1,0,0,2,1,1
2025|10,/schedule/0081d9d2/confirmation/0174cc3923b95daf410e7800715e71fc,1,1,1,0,0,1,1,0
2025|10,/schedule/0081d9d2/confirmation/2f53d6070e855b6e1961c4d8196b5aeb,1,1,1,0,0,1,1,0
2025|10,/schedule/0081d9d2/confirmation/70702abac953e39d21af6af752c76d32,1,1,1,0,0,1,1,1
2025|10,/schedule/0081d9d2/pay/e6040b87a6dff62e88f5837ddb551dad,1,1,1,0,0,1,1,1
2025|10,/video-library,1,1,1,0,0,1,1,1
2025|10,/whypnh,2,1,0.5,0.5,0,2,2,1
2025|10,/womens-health-services,4,1,0.25,0.75,0,5,4,1
2025|11,(not set),41,1,0.0244,0.9756,0,0,34,1
2025|11,/,280,159,0.5679,0.4321,14,632,192,172
2025|11,/about-1-1,1,1,1,0,0,52,1,0
2025|11,/about-us,9,3,0.3333,0.6667,2,56,5,3
2025|11,/blog,4,2,0.5,0.5,0,5,4,3
2025|11,/blog/eden-prairie-springs,35,12,0.3429,0.6571,0,35,21,19
2025|11,/blog/health-alerts-for-eden-prairie-spring-water,1,1,1,0,0,3,1,1
2025|11,/blog/naturopathic-first-aid-kit,2,2,1,0,1,22,2,1
2025|11,/blog/naturopathic-medicine-provides-a-holistic-approach,1,1,1,0,0,14,1,0
2025|11,/blog/pfas-risk-in-mn-freshwater-fish,1,0,0,1,0,1,1,1
2025|11,/blog/sunburn-protection-with-lycopene-rich-foods,1,0,0,1,0,1,1,1
2025|11,/blog/the-synergy-of-functional-and-naturopathic-medicine-a-holistic-approach-to-health-in-minnesota,1,0,0,1,0,1,1,1
2025|11,/cardiovascular-wellness-program,7,6,0.8571,0.1429,0,20,7,5
2025|11,/cart,1,0,0,1,0,1,1,1
2025|11,/certificate.php/schedule.php,4,4,1,0,0,9,3,2
2025|11,/clinical-laboratory-tests,7,5,0.7143,0.2857,0,13,7,7
2025|11,/contact,8,8,1,0,8,10,7,5
2025|11,/dietary-supplements,2,2,1,0,1,6,2,2
2025|11,/faq,2,1,0.5,0.5,0,3,2,1
2025|11,/followup-packages,3,3,1,0,0,6,3,1
2025|11,/holistic-diabetes-care,12,9,0.75,0.25,0,34,6,5
2025|11,/home,1,0,0,1,0,1,1,0
2025|11,/iron-blood-testing,1,0,0,1,0,1,1,1
2025|11,/meal-plans-and-recipe-books,3,1,0.3333,0.6667,0,3,3,3
2025|11,/meet-dr-haley,13,10,0.7692,0.2308,0,28,11,7
2025|11,/meet-dr-jacob,8,3,0.375,0.625,2,41,6,4
2025|11,/mens-health,4,1,0.25,0.75,0,6,4,2
2025|11,/nail-fungus-relief,2,1,0.5,0.5,0,3,2,2
2025|11,/naturopathic-medicine,7,3,0.4286,0.5714,1,34,6,2
2025|11,/patient-portal,5,1,0.2,0.8,0,5,4,0
2025|11,/pediatrics,14,12,0.8571,0.1429,0,35,13,13
2025|11,/pnh-fullscript,3,1,0.3333,0.6667,0,3,3,1
2025|11,/pnh-wellness-shop/p/nail-fungus-relief,1,0,0,1,0,1,1,1
2025|11,/prepare-for-your-visit,2,2,1,0,0,19,2,0
2025|11,/privacy-policy,1,0,0,1,0,1,1,1
2025|11,/product-guide,3,2,0.6667,0.3333,0,4,3,2
2025|11,/schedule-an-appointment,81,25,0.3086,0.6914,1,124,64,44
2025|11,/schedule/0081d9d2,15,11,0.7333,0.2667,6,81,10,7
2025|11,/schedule/0081d9d2/category/Follow-up%20Appointment,1,1,1,0,1,6,1,0
2025|11,/schedule/0081d9d2/confirmation/0d6944a909ca0242926920cad1f735a6,1,1,1,0,0,1,1,0
2025|11,/schedule/0081d9d2/confirmation/1928067baa65ca2a906d16a4aebd1563,1,1,1,0,0,2,1,0
2025|11,/schedule/0081d9d2/confirmation/2c55f45abb189f646c9699bc13dddc31,2,2,1,0,0,6,1,0
2025|11,/schedule/0081d9d2/confirmation/8180636d9e44d56ae64734e84f13fabc,2,1,0.5,0.5,0,3,2,2
2025|11,/schedule/0081d9d2/confirmation/a5cd0a5d5ba491bb357208aa4b45ac67,1,0,0,1,0,1,1,0
2025|11,/schedule/0081d9d2/confirmation/d8f66766907991b8973e4629bcf37e39,1,1,1,0,0,1,1,1
2025|11,/wellness-community,1,0,0,1,0,1,1,0
2025|11,/wellness-shop/p/nail-fungus-relief,1,1,1,0,0,2,1,1
2025|11,/whypnh,2,2,1,0,0,6,2,0
2025|11,/womens-health-services,4,0,0,1,0,4,4,1
2025|12,(not set),30,1,0.0333,0.9667,0,0,22,2
2025|12,/,171,107,0.6257,0.3743,10,371,144,125
2025|12,/about-us,6,0,0,1,0,6,5,4
2025|12,/blog,1,0,0,1,0,1,1,1
2025|12,/blog/eden-prairie-springs,22,13,0.5909,0.4091,0,24,21,21
2025|12,/blog/health-alerts-for-eden-prairie-spring-water,2,2,1,0,0,4,2,2
2025|12,/blog/naturopathic-medicine-provides-a-holistic-approach,2,0,0,1,0,2,2,2
2025|12,/blog/nutrient-spotlight-foods-rich-in-magnesium,1,0,0,1,0,1,1,1
2025|12,/blog/personalized-fitness-tailoring-your-workouts-with-target-heart-rate,1,0,0,1,0,1,1,0
2025|12,/blog/sunburn-protection-with-lycopene-rich-foods,2,1,0.5,0.5,0,2,2,2
2025|12,/c2NoZWR1bG,1,1,1,0,0,1,1,1
2025|12,/cardiovascular-wellness-program,7,6,0.8571,0.1429,0,19,5,5
2025|12,/clinical-laboratory-tests,10,8,0.8,0.2,0,26,10,9
2025|12,/contact,2,2,1,0,2,3,2,1
2025|12,/events,1,0,0,1,0,1,1,1
2025|12,/faq,2,1,0.5,0.5,0,2,2,1
2025|12,/followup-packages,2,0,0,1,0,2,1,0
2025|12,/holistic-diabetes-care,5,4,0.8,0.2,0,10,1,0
2025|12,/home,3,0,0,1,0,3,3,2
2025|12,/meal-plans-and-recipe-books,4,0,0,1,0,4,4,4
2025|12,/meet-dr-haley,7,5,0.7143,0.2857,1,14,5,2
2025|12,/meet-dr-jacob,4,3,0.75,0.25,0,8,3,1
2025|12,/mens-health,1,0,0,1,0,1,1,0
2025|12,/nail-fungus-relief,2,0,0,1,0,2,1,0
2025|12,/naturopathic-medicine,3,2,0.6667,0.3333,0,6,3,1
2025|12,/patient-portal,6,1,0.1667,0.8333,0,8,2,0
2025|12,/pediatrics,8,7,0.875,0.125,1,18,6,6
2025|12,/pnh-fullscript,2,1,0.5,0.5,0,3,2,1
2025|12,/pnh-wellness-shop,1,1,1,0,0,6,1,1
2025|12,/pnh-wellness-shop/p/plant-based-recipe-book,1,0,0,1,0,1,1,1
2025|12,/prepare-for-your-visit,2,2,1,0,1,6,2,1
2025|12,/privacy-policy,1,0,0,1,0,1,1,1
2025|12,/schedule-an-appointment,61,11,0.1803,0.8197,0,70,53,42
2025|12,/schedule/0081d9d2,2,1,0.5,0.5,0,3,2,0
2025|12,/video-library,1,0,0,1,0,1,1,1
2025|12,/wellness-community,2,0,0,1,0,2,2,1
2025|12,/womens-health-services,14,4,0.2857,0.7143,0,18,10,4
2026|01,(not set),46,1,0.0217,0.9783,0,0,35,3
2026|01,/,222,143,0.6441,0.3559,23,527,155,140
2026|01,/about,1,0,0,1,0,1,1,1
2026|01,/about-us,8,2,0.25,0.75,0,9,8,8
2026|01,/blog,11,0,0,1,0,11,11,11
2026|01,/blog/2022/10/26/naturopathic-first-aid-kit,2,2,1,0,0,2,2,2
2026|01,/blog/2022/3/7/health-alerts-eden-prairie-spring-water,1,1,1,0,0,1,1,1
2026|01,/blog/7-day-spring-cleaning-dust-allergy-action-plan,1,0,0,1,0,1,1,1
2026|01,/blog/aerobic-exercise-vs-hiit-which-is-right-for-you,2,0,0,1,0,2,2,2
2026|01,/blog/breaking-the-fast-your-guide-to-a-stellar-morning-meal,1,0,0,1,0,1,1,1
2026|01,/blog/eden-prairie-springs,24,11,0.4583,0.5417,0,26,21,20
2026|01,/blog/fiberfocus,2,0,0,1,0,2,2,2
2026|01,/blog/health-alerts-for-eden-prairie-spring-water,16,7,0.4375,0.5625,0,19,14,14
2026|01,/blog/lab-testing-looking-outside-the-reference-range,3,0,0,1,0,3,3,3
2026|01,/blog/naturopathic-first-aid-kit,2,0,0,1,0,2,2,2
2026|01,/blog/naturopathic-medicine-provides-a-holistic-approach,4,0,0,1,0,4,4,4
2026|01,/blog/nutrient-spotlight-foods-rich-in-calcium,3,0,0,1,0,3,3,3
2026|01,/blog/nutrient-spotlight-foods-rich-in-magnesium,1,0,0,1,0,1,1,1
2026|01,/blog/personalized-fitness-tailoring-your-workouts-with-target-heart-rate,1,0,0,1,0,1,1,1
2026|01,/blog/pfas-risk-in-mn-freshwater-fish,3,0,0,1,0,3,3,3
2026|01,/blog/sunburn-protection-with-lycopene-rich-foods,2,1,0.5,0.5,0,2,2,2
2026|01,/blog/the-amazing-health-benefits-of-regular-sauna-use,1,0,0,1,0,1,1,1
2026|01,/blog/the-synergy-of-functional-and-naturopathic-medicine-a-holistic-approach-to-health-in-minnesota,1,0,0,1,0,1,1,1
2026|01,/blog/what-to-expect-from-a-naturopathic-doctor,3,0,0,1,0,3,3,3
2026|01,/cardiovascular-wellness-program,11,7,0.6364,0.3636,0,13,9,9
2026|01,/cart,1,0,0,1,0,1,1,1
2026|01,/clinical-laboratory-tests,17,10,0.5882,0.4118,1,33,15,12
2026|01,/contact,8,8,1,0,8,10,7,5
2026|01,/dietary-supplements,2,0,0,1,0,2,2,2
2026|01,/events,3,0,0,1,0,3,3,3
2026|01,/events/beyond-antihistamines-a-natural-approach-to-allergy-relief,2,0,0,1,0,2,2,2
2026|01,/events/essential-tips-for-supporting-your-childs-immune-function-this-cold-and-flu-season,1,0,0,1,0,1,1,1
2026|01,/events/halloween-in-hopkins,2,0,0,1,0,2,2,2
2026|01,/events/halloween-in-hopkins-1,1,0,0,1,0,1,1,1
2026|01,/events/introducing-dr-jacob-pankas-cardiovascular-wellness-program,2,0,0,1,0,2,2,2
2026|01,/events/menstrual-cycles-tracking-for-health-and-fertility-awareness,2,0,0,1,0,2,2,2
2026|01,/events/natural-remedies-for-cold-and-flu-season,2,0,0,1,0,2,2,2
2026|01,/events/small-business-saturday-wellness-giveaway,3,0,0,1,0,3,3,3
2026|01,/events/the-black-friday-cyber-monday-sale,2,0,0,1,0,2,2,2
2026|01,/events/what-is-naturopathic-medicine-live-qa-with-dr-jacob-panka,1,0,0,1,0,1,1,1
2026|01,/faq,3,0,0,1,0,3,3,3
2026|01,/followup-packages,2,0,0,1,0,2,2,2
2026|01,/holistic-diabetes-care,2,0,0,1,0,2,2,2
2026|01,/meal-plans-and-recipe-books,2,0,0,1,0,2,2,2
2026|01,/media,1,0,0,1,0,1,1,1
2026|01,/meet-dr-haley,20,16,0.8,0.2,3,42,16,14
2026|01,/meet-dr-jacob,10,4,0.4,0.6,0,15,8,7
2026|01,/mens-health,4,0,0,1,0,4,4,4
2026|01,/nail-fungus-relief,2,0,0,1,0,2,2,2
2026|01,/naturopathic-medicine,2,0,0,1,0,2,2,2
2026|01,/patient-portal,9,1,0.1111,0.8889,0,10,7,4
2026|01,/patients,1,0,0,1,0,1,1,1
2026|01,/pediatrics,7,3,0.4286,0.5714,0,9,7,7
2026|01,/pnh-fullscript,2,0,0,1,0,2,2,2
2026|01,/pnh-online-medicinary,1,0,0,1,0,1,1,1
2026|01,/pnh-wellness-shop,2,0,0,1,0,2,2,2
2026|01,/pnh-wellness-shop/meal-plan,1,0,0,1,0,1,1,1
2026|01,/pnh-wellness-shop/nail-fungus-relief,1,0,0,1,0,1,1,1
2026|01,/pnh-wellness-shop/p/21-day-healthy-plate-meal-plan-for-the-family,1,0,0,1,0,1,1,1
2026|01,/pnh-wellness-shop/p/21-day-healthy-plate-meal-plan-for-two,2,0,0,1,0,2,2,2
2026|01,/pnh-wellness-shop/p/21-day-healthy-plate-meal-plan-one-person,2,0,0,1,0,2,2,2
2026|01,/pnh-wellness-shop/p/21-day-ketogenic-meal-plan-for-one-person,1,0,0,1,0,1,1,1
2026|01,/pnh-wellness-shop/p/21-day-ketogenic-meal-plan-for-two,2,0,0,1,0,2,2,2
2026|01,/pnh-wellness-shop/p/21-day-plant-based-meal-plan-one-person,1,0,0,1,0,1,1,1
2026|01,/pnh-wellness-shop/p/anti-inflammatory-recipe-book,2,0,0,1,0,2,2,2
2026|01,/pnh-wellness-shop/p/dairy-free-gluten-free-recipe-book,1,0,0,1,0,1,1,1
2026|01,/pnh-wellness-shop/p/dairy-free-recipe-book,2,0,0,1,0,2,2,2
2026|01,/pnh-wellness-shop/p/ketogenic-recipe-book,2,0,0,1,0,2,2,2
2026|01,/pnh-wellness-shop/p/low-fodmap-recipe-book,3,0,0,1,0,3,3,3
2026|01,/pnh-wellness-shop/p/nail-fungus-relief,3,0,0,1,0,3,3,3
2026|01,/pnh-wellness-shop/p/plant-based-meal-plan-for-two,3,0,0,1,0,3,3,3
2026|01,/pnh-wellness-shop/p/plant-based-recipe-book,3,0,0,1,0,3,3,3
2026|01,/pnh-wellness-shop/p/smoothie-recipe-book,3,0,0,1,0,3,3,3
2026|01,/prepare-for-your-visit,7,3,0.4286,0.5714,0,20,7,4
2026|01,/privacy-policy,2,0,0,1,0,2,2,2
2026|01,/product-guide,3,1,0.3333,0.6667,0,4,3,2
2026|01,/schedule,1,1,1,0,0,2,1,0
2026|01,/schedule-an-appointment,75,20,0.2667,0.7333,1,88,58,38
2026|01,/schedule/0081d9d2,6,4,0.6667,0.3333,1,22,6,4
2026|01,/schedule/0081d9d2/confirmation/336c1d9bd8de6e35d16edf8c68fbe674,1,1,1,0,0,1,1,1
2026|01,/schedule/0081d9d2/confirmation/b49738dff505c30323ff87e224c9b8d5,1,1,1,0,0,1,1,1
2026|01,/video-library,4,0,0,1,0,4,4,4
2026|01,/wellness-community,5,0,0,1,0,5,5,5
2026|01,/wellness-shop,1,0,0,1,0,1,1,1
2026|01,/whypnh,3,0,0,1,0,3,3,3
2026|01,/womens-health-services,8,2,0.25,0.75,0,9,8,5
2026|02,(not set),31,2,0.0645,0.9355,0,0,29,0
2026|02,/,198,117,0.5909,0.4091,26,529,155,137
2026|02,/about-us,7,0,0,1,0,7,7,7
2026|02,/blog,7,1,0.1429,0.8571,0,8,7,6
2026|02,/blog/2021/3/22/dementia,1,1,1,0,0,1,1,1
2026|02,/blog/2022/10/26/naturopathic-first-aid-kit,11,8,0.7273,0.2727,0,11,11,11
2026|02,/blog/2022/3/7/health-alerts-eden-prairie-spring-water,2,1,0.5,0.5,0,2,2,2
2026|02,/blog/aerobic-exercise-vs-hiit-which-is-right-for-you,5,1,0.2,0.8,0,5,5,5
2026|02,/blog/breaking-the-fast-your-guide-to-a-stellar-morning-meal,3,0,0,1,0,3,3,3
2026|02,/blog/eden-prairie-springs,22,10,0.4545,0.5455,0,31,19,19
2026|02,/blog/health-alerts-for-eden-prairie-spring-water,6,3,0.5,0.5,0,7,5,5
2026|02,/blog/lab-testing-looking-outside-the-reference-range,1,0,0,1,0,1,1,1
2026|02,/blog/naturopathic-first-aid-kit,3,1,0.3333,0.6667,0,3,3,3
2026|02,/blog/naturopathic-medicine-provides-a-holistic-approach,1,0,0,1,0,1,1,1
2026|02,/blog/personalized-fitness-tailoring-your-workouts-with-target-heart-rate,1,0,0,1,0,1,1,1
2026|02,/blog/sunburn-protection-with-lycopene-rich-foods,3,2,0.6667,0.3333,0,3,3,3
2026|02,/blog/the-synergy-of-functional-and-naturopathic-medicine-a-holistic-approach-to-health-in-minnesota,4,0,0,1,0,4,4,4
2026|02,/cardiovascular-wellness-program,12,9,0.75,0.25,0,27,12,11
2026|02,/clinical-laboratory-tests,16,11,0.6875,0.3125,0,32,16,16
2026|02,/contact,3,3,1,0,3,6,3,2
2026|02,/events,11,0,0,1,0,11,11,11
2026|02,/events/small-business-saturday-wellness-giveaway,1,0,0,1,0,1,1,1
2026|02,/events/the-black-friday-cyber-monday-sale,1,0,0,1,0,1,1,1
2026|02,/faq,1,0,0,1,0,1,1,1
2026|02,/followup-packages,1,1,1,0,0,2,1,0
2026|02,/holistic-diabetes-care,9,4,0.4444,0.5556,1,11,8,7
2026|02,/meal-plans-and-recipe-books,1,1,1,0,0,2,1,1
2026|02,/meet-dr-haley,23,12,0.5217,0.4783,0,42,20,14
2026|02,/meet-dr-jacob,4,3,0.75,0.25,1,6,4,4
2026|02,/mens-health,4,1,0.25,0.75,0,9,4,4
2026|02,/nail-fungus-relief,1,1,1,0,0,2,1,0
2026|02,/naturopathic-medicine,8,1,0.125,0.875,0,8,6,3
2026|02,/patient-portal,3,1,0.3333,0.6667,0,3,2,0
2026|02,/pediatrics,16,13,0.8125,0.1875,2,36,16,16
2026|02,/pnh-fullscript,1,1,1,0,0,3,1,0
2026|02,/pnh-wellness-shop,3,1,0.3333,0.6667,0,8,3,2
2026|02,/pnh-wellness-shop/p/21-day-healthy-plate-meal-plan-for-the-family,2,0,0,1,0,2,2,2
2026|02,/pnh-wellness-shop/p/21-day-healthy-plate-meal-plan-one-person,2,0,0,1,0,2,2,2
2026|02,/pnh-wellness-shop/p/21-day-plant-based-meal-plan-one-person,2,0,0,1,0,2,2,2
2026|02,/pnh-wellness-shop/p/anti-inflammatory-recipe-book,1,0,0,1,0,1,1,0
2026|02,/pnh-wellness-shop/p/dairy-free-gluten-free-recipe-book,2,0,0,1,0,2,2,2
2026|02,/pnh-wellness-shop/p/gluten-free-recipe-book,1,0,0,1,0,1,1,1
2026|02,/pnh-wellness-shop/p/plant-based-recipe-book,1,0,0,1,0,1,1,1
2026|02,/prepare-for-your-visit,3,0,0,1,0,3,3,2
2026|02,/product-guide,2,0,0,1,0,2,2,1
2026|02,/resources,1,0,0,1,0,1,1,1
2026|02,/schedule-an-appointment,47,9,0.1915,0.8085,0,49,42,33
2026|02,/schedule-an-appontment,1,1,1,0,0,4,1,0
2026|02,/schedule/0081d9d2,7,5,0.7143,0.2857,1,22,3,2
2026|02,/schedule/0081d9d2/confirmation/45754f14efba6a14ff635eed55f9ac93,1,1,1,0,0,1,1,0
2026|02,/schedule/0081d9d2/confirmation/7b3287921561a109d2464ba249419cc2,1,1,1,0,0,1,1,0
2026|02,/schedule/0081d9d2/confirmation/8a4ace0be4e48aa6e3157a01b9b18c20,1,1,1,0,0,1,1,1
2026|02,/video-library,4,0,0,1,0,4,4,4
2026|02,/wellness-community,7,0,0,1,0,7,7,7
2026|02,/whypnh,3,0,0,1,0,3,3,2
2026|02,/womens-health-services,8,2,0.25,0.75,0,9,8,7
2026|03,(not set),30,2,0.0667,0.9333,4,0,33,1
2026|03,/,286,147,0.514,0.486,8,570,193,169
2026|03,/about-us,7,2,0.2857,0.7143,0,10,7,6
2026|03,/blog,1,0,0,1,0,1,1,1
2026|03,/blog/2022/10/26/naturopathic-first-aid-kit,2,1,0.5,0.5,0,2,2,2
2026|03,/blog/7-day-spring-cleaning-dust-allergy-action-plan,3,0,0,1,0,3,3,3
2026|03,/blog/aerobic-exercise-vs-hiit-which-is-right-for-you,3,0,0,1,0,3,3,3
2026|03,/blog/breaking-the-fast-your-guide-to-a-stellar-morning-meal,2,0,0,1,0,2,2,2
2026|03,/blog/eden-prairie-springs,43,23,0.5349,0.4651,0,51,39,39
2026|03,/blog/health-alerts-for-eden-prairie-spring-water,12,4,0.3333,0.6667,0,13,11,11
2026|03,/blog/lab-testing-looking-outside-the-reference-range,1,0,0,1,0,1,1,1
2026|03,/blog/naturopathic-first-aid-kit,1,0,0,1,0,1,1,1
2026|03,/blog/nutrient-spotlight-foods-rich-in-calcium,1,1,1,0,0,1,1,1
2026|03,/blog/nutrient-spotlight-foods-rich-in-magnesium,1,1,1,0,0,1,1,1
2026|03,/blog/personalized-fitness-tailoring-your-workouts-with-target-heart-rate,6,1,0.1667,0.8333,0,8,6,5
2026|03,/blog/sunburn-protection-with-lycopene-rich-foods,4,0,0,1,0,4,4,4
2026|03,/blog/the-amazing-health-benefits-of-regular-sauna-use,2,0,0,1,0,2,2,2
2026|03,/blog/the-synergy-of-functional-and-naturopathic-medicine-a-holistic-approach-to-health-in-minnesota,2,0,0,1,0,2,2,2
2026|03,/blog/what-to-expect-from-a-naturopathic-doctor,1,0,0,1,0,1,1,1
2026|03,/cardiovascular-wellness-program,20,12,0.6,0.4,0,37,19,18
2026|03,/clinical-laboratory-tests,16,7,0.4375,0.5625,0,41,16,15
2026|03,/contact,5,5,1,0,5,5,5,5
2026|03,/dietary-supplements,4,1,0.25,0.75,0,4,4,3
2026|03,/events,3,0,0,1,0,3,3,3
2026|03,/events/introducing-dr-jacob-pankas-cardiovascular-wellness-program,2,0,0,1,0,2,2,2
2026|03,/events/menstrual-cycles-tracking-for-health-and-fertility-awareness,1,0,0,1,0,1,1,1
2026|03,/events/small-business-saturday-wellness-giveaway,1,0,0,1,0,1,1,1
2026|03,/events/the-black-friday-cyber-monday-sale,2,0,0,1,0,2,2,2
2026|03,/faq,4,0,0,1,0,4,4,3
2026|03,/followup-packages,3,1,0.3333,0.6667,0,5,3,1
2026|03,/holistic-diabetes-care,8,4,0.5,0.5,3,23,6,5
2026|03,/meet-dr-haley,15,10,0.6667,0.3333,2,52,15,13
2026|03,/meet-dr-jacob,9,7,0.7778,0.2222,0,22,9,6
2026|03,/mens-health,10,5,0.5,0.5,1,35,8,6
2026|03,/nail-fungus-relief,1,0,0,1,0,1,1,1
2026|03,/naturopathic-medicine,3,2,0.6667,0.3333,1,6,3,3
2026|03,/patient-portal,1,1,1,0,0,3,1,0
2026|03,/pediatrics,17,11,0.6471,0.3529,2,46,16,13
2026|03,/pnh-fullscript,1,1,1,0,0,1,1,0
2026|03,/pnh-wellness-shop,1,0,0,1,0,1,1,1
2026|03,/pnh-wellness-shop/meal-plan,1,0,0,1,0,1,1,1
2026|03,/pnh-wellness-shop/nail-fungus-relief,1,0,0,1,0,1,1,1
2026|03,/pnh-wellness-shop/p/21-day-healthy-plate-meal-plan-for-the-family,1,0,0,1,0,1,1,1
2026|03,/pnh-wellness-shop/p/21-day-healthy-plate-meal-plan-one-person,1,0,0,1,0,1,1,1
2026|03,/pnh-wellness-shop/p/21-day-ketogenic-meal-plan-for-two,2,0,0,1,0,2,2,2
2026|03,/pnh-wellness-shop/p/21-day-plant-based-meal-plan-one-person,1,0,0,1,0,1,1,1
2026|03,/pnh-wellness-shop/p/dairy-free-gluten-free-recipe-book,1,0,0,1,0,1,1,1
2026|03,/pnh-wellness-shop/p/gluten-free-recipe-book,1,0,0,1,0,1,1,1
2026|03,/pnh-wellness-shop/p/low-fodmap-recipe-book,1,0,0,1,0,1,1,1
2026|03,/pnh-wellness-shop/recipe-book,1,0,0,1,0,1,1,1
2026|03,/prepare-for-your-visit,2,0,0,1,0,2,2,1
2026|03,/product-guide,7,1,0.1429,0.8571,0,11,7,6
2026|03,/schedule-an-appointment,49,10,0.2041,0.7959,0,68,47,38
2026|03,/schedule/0081d9d2,5,3,0.6,0.4,1,15,5,4
2026|03,/schedule/0081d9d2/category/Follow-up%20Appointment,1,1,1,0,1,6,1,0
2026|03,/schedule/0081d9d2/confirmation/964afa7e071f13d6031544f8e842f81b,1,1,1,0,0,1,1,0
2026|03,/schedule/0081d9d2/confirmation/ff465f97c30c0b1f42aec3c20d756b7a,1,0,0,1,0,1,1,1
2026|03,/services-1,1,0,0,1,0,1,1,1
2026|03,/video-library,2,1,0.5,0.5,0,2,2,2
2026|03,/wellness-community,11,1,0.0909,0.9091,0,11,11,11
2026|03,/wellness-shop,2,2,1,0,0,3,2,2
2026|03,/whypnh,1,0,0,1,0,1,1,1
2026|03,/womens-health-services,9,5,0.5556,0.4444,3,27,7,6
2026|04,(not set),43,3,0.0698,0.9302,38,0,68,2
2026|04,/,277,179,0.6462,0.3538,26,699,224,201
2026|04,"/,",1,0,0,1,0,1,1,1
2026|04,/about-us,6,2,0.3333,0.6667,2,12,6,6
2026|04,/aclk,1,1,1,0,0,1,1,1
2026|04,/blog/2017/11/11/minerals-elements-of-health,1,0,0,1,0,1,1,1
2026|04,/blog/2017/7/13/sugar-and-the-alternative-sweeteners,1,0,0,1,0,1,1,1
2026|04,/blog/2017/7/14/berries-vitality,1,0,0,1,0,1,1,1
2026|04,/blog/2017/7/17/food-additives,1,0,0,1,0,1,1,1
2026|04,/blog/2017/7/20/intermittent-fasting-weight-loss,1,0,0,1,0,1,1,1
2026|04,/blog/2018/4/2/soy-foods-prevent-breast-cancer-recurrence,1,0,0,1,0,1,1,1
2026|04,/blog/2019/1/20/stimulating-the-vis-with-naturopathic-medicine,1,0,0,1,0,1,1,1
2026|04,/blog/7-day-spring-cleaning-dust-allergy-action-plan,2,0,0,1,0,2,2,2
2026|04,/blog/breaking-the-fast-your-guide-to-a-stellar-morning-meal,2,0,0,1,0,2,2,2
2026|04,/blog/eden-prairie-springs,29,14,0.4828,0.5172,0,36,28,28
2026|04,/blog/health-alerts-for-eden-prairie-spring-water,12,7,0.5833,0.4167,0,15,11,11
2026|04,/blog/lab-testing-looking-outside-the-reference-range,1,0,0,1,0,1,1,1
2026|04,/blog/naturopathic-first-aid-kit,1,0,0,1,0,1,1,1
2026|04,/blog/nutrient-spotlight-foods-rich-in-magnesium,2,2,1,0,0,2,2,2
2026|04,/blog/sunburn-protection-with-lycopene-rich-foods,5,1,0.2,0.8,0,5,5,5
2026|04,/blog/the-amazing-health-benefits-of-regular-sauna-use,1,0,0,1,0,1,1,1
2026|04,/blog/what-to-expect-from-a-naturopathic-doctor,2,0,0,1,0,2,2,2
2026|04,/cardiovascular-wellness-program,9,4,0.4444,0.5556,0,17,9,7
2026|04,/certificate.php,1,1,1,0,1,8,1,1
2026|04,/clinical-laboratory-tests,21,17,0.8095,0.1905,3,50,17,17
2026|04,/contact,7,6,0.8571,0.1429,7,8,7,5
2026|04,/dietary-supplements,1,1,1,0,0,2,1,0
2026|04,/events/menstrual-cycles-tracking-for-health-and-fertility-awareness,1,0,0,1,0,1,1,1
2026|04,/faq,3,1,0.3333,0.6667,0,6,3,3
2026|04,/followup-packages,1,0,0,1,0,1,1,1
2026|04,/holistic-diabetes-care,5,3,0.6,0.4,0,19,5,4
2026|04,/meal-plans-and-recipe-books,2,0,0,1,0,2,2,2
2026|04,/meet-dr-haley,10,6,0.6,0.4,0,16,9,7
2026|04,/meet-dr-jacob,3,1,0.3333,0.6667,1,9,3,3
2026|04,/mens-health,7,3,0.4286,0.5714,0,11,7,4
2026|04,/nail-fungus-relief,3,3,1,0,0,3,3,3
2026|04,/naturopathic-medicine,6,1,0.1667,0.8333,0,8,6,5
2026|04,/patient-portal,2,2,1,0,0,2,2,1
2026|04,/payment-portal/nail-fungus-relief,5,2,0.4,0.6,0,5,5,5
2026|04,/pediatrics,14,8,0.5714,0.4286,3,44,10,8
2026|04,/pnh-online-dispensary,1,0,0,1,0,1,1,1
2026|04,/pnh-wellness-shop,1,0,0,1,0,1,1,0
2026|04,/pnh-wellness-shop/meal-plan,1,0,0,1,0,1,1,1
2026|04,/pnh-wellness-shop/p/21-day-healthy-plate-meal-plan-one-person,2,0,0,1,0,2,2,2
2026|04,/pnh-wellness-shop/p/low-fodmap-recipe-book,1,0,0,1,0,1,1,1
2026|04,/prepare-for-your-visit,3,0,0,1,0,3,2,1
2026|04,/privacy-policy,2,0,0,1,0,2,2,1
2026|04,/product-guide,5,2,0.4,0.6,0,8,5,4
2026|04,/schedule-an-appointment,53,9,0.1698,0.8302,4,73,46,36
2026|04,/schedule/0081d9d2,5,4,0.8,0.2,2,32,5,4
2026|04,/schedule/0081d9d2/category/Introductory%20Phone%20Call/appointment/41826455,1,1,1,0,1,10,1,1
2026|04,/schedule/0081d9d2/confirmation/ccfa30f5267e4a2598bb64e8af517112,1,0,0,1,0,1,1,1
2026|04,/schedule/0081d9d2/confirmation/e88f3bcdaefce64b240fd7f953b9a979,2,2,1,0,0,2,1,1
2026|04,/search,1,0,0,1,0,1,1,1
2026|04,/video-library,1,0,0,1,0,1,1,1
2026|04,/wellness-shop/p/nail-fungus-relief,1,0,0,1,0,1,1,1
2026|04,/womens-health-services,12,0,0,1,0,12,11,7
2026|04,/workplace-wellness,1,0,0,1,0,1,1,1
2026|05,(not set),49,5,0.102,0.898,12,0,65,2
2026|05,/,370,233,0.6297,0.3703,37,971,271,253
2026|05,/about-us,5,2,0.4,0.6,0,5,5,4
2026|05,/blog,4,0,0,1,0,4,4,4
2026|05,/blog/2022/10/26/naturopathic-first-aid-kit,9,6,0.6667,0.3333,0,9,9,9
2026|05,/blog/2022/3/7/health-alerts-eden-prairie-spring-water,5,4,0.8,0.2,0,5,5,5
2026|05,/blog/7-day-spring-cleaning-dust-allergy-action-plan,5,1,0.2,0.8,0,6,4,3
2026|05,/blog/aerobic-exercise-vs-hiit-which-is-right-for-you,3,1,0.3333,0.6667,0,3,3,3
2026|05,/blog/breaking-the-fast-your-guide-to-a-stellar-morning-meal,1,0,0,1,0,1,1,1
2026|05,/blog/eden-prairie-springs,37,15,0.4054,0.5946,0,53,33,30
2026|05,/blog/fiberfocus,1,0,0,1,0,1,1,1
2026|05,/blog/health-alerts-for-eden-prairie-spring-water,27,10,0.3704,0.6296,0,31,24,22
2026|05,/blog/lab-testing-looking-outside-the-reference-range,2,0,0,1,0,2,2,2
2026|05,/blog/naturopathic-first-aid-kit,2,1,0.5,0.5,0,4,2,2
2026|05,/blog/naturopathic-medicine-provides-a-holistic-approach,2,0,0,1,0,2,2,2
2026|05,/blog/nutrient-spotlight-foods-rich-in-calcium,2,0,0,1,0,2,2,2
2026|05,/blog/nutrient-spotlight-foods-rich-in-magnesium,2,0,0,1,0,2,2,2
2026|05,/blog/personalized-fitness-tailoring-your-workouts-with-target-heart-rate,2,0,0,1,0,2,2,2
2026|05,/blog/pfas-risk-in-mn-freshwater-fish,1,0,0,1,0,1,1,1
2026|05,/blog/sunburn-protection-with-lycopene-rich-foods,2,0,0,1,0,2,2,2
2026|05,/blog/the-amazing-health-benefits-of-regular-sauna-use,1,0,0,1,0,1,1,1
2026|05,/blog/the-synergy-of-functional-and-naturopathic-medicine-a-holistic-approach-to-health-in-minnesota,1,0,0,1,0,1,1,1
2026|05,/blog/what-to-expect-from-a-naturopathic-doctor,6,4,0.6667,0.3333,2,10,4,3
2026|05,/cardiovascular-wellness-program,14,8,0.5714,0.4286,0,24,12,12
2026|05,/checkout,1,1,1,0,1,2,1,0
2026|05,/clinical-laboratory-tests,20,14,0.7,0.3,1,44,16,13
2026|05,/contact,10,10,1,0,10,13,9,7
2026|05,/dietary-supplements,1,1,1,0,1,4,1,1
2026|05,/faq,5,1,0.2,0.8,0,12,4,3
2026|05,/followup-packages,1,0,0,1,0,1,1,0
2026|05,/followuppackages,1,1,1,0,0,3,1,1
2026|05,/holistic-diabetes-care,2,0,0,1,0,2,2,2
2026|05,/legal-disclaimer,1,1,1,0,0,3,1,0
2026|05,/meal-plans-and-recipe-books,1,0,0,1,0,1,1,0
2026|05,/meet-dr-haley,25,19,0.76,0.24,2,150,20,14
2026|05,/meet-dr-jacob,12,11,0.9167,0.0833,2,62,11,8
2026|05,/mens-health,15,5,0.3333,0.6667,0,22,6,3
2026|05,/naturopathic-medicine,5,2,0.4,0.6,2,38,5,3
2026|05,/new-page,1,1,1,0,1,12,1,0
2026|05,/patient-portal,2,0,0,1,0,2,2,0
2026|05,/pediatrics,20,15,0.75,0.25,0,35,15,12
2026|05,/pnh-wellness-shop,1,1,1,0,0,2,1,0
2026|05,/pnh-wellness-shop/p/anti-inflammatory-recipe-book,4,0,0,1,0,4,1,0
2026|05,/pnh-wellness-shop/p/dairy-free-gluten-free-recipe-book,1,0,0,1,0,1,1,1
2026|05,/prepare-for-your-visit,11,6,0.5455,0.4545,2,18,4,2
2026|05,/privacy-policy,1,1,1,0,0,2,1,0
2026|05,/schedule-an-appointment,75,17,0.2267,0.7733,1,91,51,40
2026|05,/schedule/0081d9d2,6,2,0.3333,0.6667,1,15,3,2
2026|05,/schedule/0081d9d2/confirmation/55e23ec86f6e4fa0120e6558acd4a379,1,0,0,1,0,1,1,1
2026|05,/schedule/0081d9d2/confirmation/8e749d43b0019ad91061c451ecdd60ea,1,0,0,1,0,1,1,1
2026|05,/schedule/0081d9d2/confirmation/9feb6ab29274a514fa5edd86f2f3ba30,1,1,1,0,0,1,1,1
2026|05,/schedule/0081d9d2/confirmation/ab8465bdfa39d4cdf968e46bf09cb18d,1,0,0,1,0,1,1,1
2026|05,/schedule/0081d9d2/confirmation/e88f3bcdaefce64b240fd7f953b9a979,1,1,1,0,0,1,1,0
2026|05,/video-library,1,1,1,0,0,2,1,0
2026|05,/wellness-community,1,1,1,0,0,2,1,0
2026|05,/womens-health-services,15,8,0.5333,0.4667,0,22,11,7
2026|06,(not set),52,4,0.0769,0.9231,21,0,50,5
2026|06,/,403,186,0.4615,0.5385,85,881,309,288
2026|06,/about-us,8,4,0.5,0.5,0,51,8,3
2026|06,/blog,5,0,0,1,0,5,5,4
2026|06,/blog/2017/7/13/sugar-and-the-alternative-sweeteners,1,0,0,1,0,1,1,1
2026|06,/blog/2022/10/26/naturopathic-first-aid-kit,2,1,0.5,0.5,0,2,2,2
2026|06,/blog/7-day-spring-cleaning-dust-allergy-action-plan,2,0,0,1,0,2,2,2
2026|06,/blog/aerobic-exercise-vs-hiit-which-is-right-for-you,1,0,0,1,0,1,1,1
2026|06,/blog/breaking-the-fast-your-guide-to-a-stellar-morning-meal,3,0,0,1,0,3,3,3
2026|06,/blog/eden-prairie-springs,58,32,0.5517,0.4483,0,73,50,45
2026|06,/blog/fiberfocus,2,0,0,1,0,2,2,2
2026|06,/blog/health-alerts-for-eden-prairie-spring-water,23,8,0.3478,0.6522,0,24,19,19
2026|06,/blog/lab-testing-looking-outside-the-reference-range,1,0,0,1,0,1,1,1
2026|06,/blog/naturopathic-medicine-provides-a-holistic-approach,1,0,0,1,0,1,1,1
2026|06,/blog/nutrient-spotlight-foods-rich-in-calcium,1,0,0,1,0,1,1,1
2026|06,/blog/nutrient-spotlight-foods-rich-in-magnesium,2,0,0,1,0,2,2,2
2026|06,/blog/personalized-fitness-tailoring-your-workouts-with-target-heart-rate,1,0,0,1,0,1,1,1
2026|06,/blog/sunburn-protection-with-lycopene-rich-foods,1,1,1,0,0,1,1,1
2026|06,/blog/the-synergy-of-functional-and-naturopathic-medicine-a-holistic-approach-to-health-in-minnesota,2,0,0,1,0,2,2,2
2026|06,/cardiovascular-wellness-program,1,1,1,0,0,4,1,0
2026|06,/cholesterol,14,7,0.5,0.5,5,35,11,10
2026|06,/clinical-laboratory-tests,16,8,0.5,0.5,0,24,16,15
2026|06,/comprehensive-care,1,1,1,0,3,9,1,0
2026|06,/contact,4,3,0.75,0.25,8,19,3,1
2026|06,/dietary-supplements,1,0,0,1,0,1,1,1
2026|06,/events/halloween-in-hopkins-1,1,0,0,1,0,1,1,1
2026|06,/events/menstrual-cycles-tracking-for-health-and-fertility-awareness,5,0,0,1,0,5,5,5
2026|06,/faq,8,3,0.375,0.625,0,9,8,6
2026|06,/followup-packages,4,1,0.25,0.75,0,7,4,4
2026|06,/functional-health-report,10,5,0.5,0.5,5,30,8,4
2026|06,/holistic-diabetes-care,45,26,0.5778,0.4222,0,55,45,44
2026|06,/home,5,5,1,0,1,79,2,1
2026|06,/legal-disclaimer,1,0,0,1,0,1,1,1
2026|06,/meal-plans-and-recipe-books,3,0,0,1,0,3,3,3
2026|06,/meet-dr-haley,17,10,0.5882,0.4118,1,30,10,8
2026|06,/meet-dr-jacob,5,1,0.2,0.8,0,9,5,4
2026|06,/mens-health,5,2,0.4,0.6,2,11,5,3
2026|06,/naturopathic-medicine,8,1,0.125,0.875,1,18,7,5
2026|06,/patient-portal,4,2,0.5,0.5,0,4,4,2
2026|06,/pediatrics,9,6,0.6667,0.3333,0,18,6,6
2026|06,/pnh-online-medicinary,2,0,0,1,0,2,2,2
2026|06,/pnh-wellness-shop,1,0,0,1,0,1,1,0
2026|06,/pnh-wellness-shop/meal-plan,1,0,0,1,0,1,1,1
2026|06,/pnh-wellness-shop/nail-fungus-relief,3,0,0,1,0,3,3,3
2026|06,/pnh-wellness-shop/p/smoothie-recipe-book,2,0,0,1,0,2,2,2
2026|06,/prepare-for-your-visit,7,0,0,1,0,7,7,7
2026|06,/privacy-policy,2,2,1,0,0,6,2,0
2026|06,/product-guide,2,0,0,1,0,2,2,2
2026|06,/schedule-an-appointment,54,48,0.8889,0.1111,73,122,44,33
2026|06,/schedule/0081d9d2,14,12,0.8571,0.1429,2,40,12,10
2026|06,/schedule/0081d9d2/appointment/41826455/calendar/7700282,3,3,1,0,2,9,3,2
2026|06,/schedule/0081d9d2/appointment/41826455/calendar/8024328,1,1,1,0,1,9,1,1
2026|06,/schedule/0081d9d2/category/Follow-up%20Appointment,1,1,1,0,1,6,1,0
2026|06,/schedule/0081d9d2/confirmation/50c5e5c8ca634e18859167b177a878c2,1,1,1,0,0,1,1,1
2026|06,/schedule/0081d9d2/confirmation/5e93ca4848d991566fb26c302d6be8d4,1,1,1,0,0,2,1,0
2026|06,/schedule/0081d9d2/confirmation/a59c7bc3ad3a5275f31ca378d886ba1f,1,1,1,0,1,1,1,0
2026|06,/service-area,1,0,0,1,0,1,1,1
2026|06,/wellness-community,4,1,0.25,0.75,0,4,3,1
2026|06,/whypnh,5,3,0.6,0.4,0,16,4,2
2026|06,/womens-health-services,5,3,0.6,0.4,0,13,5,2
2026|07,(not set),60,2,0.0333,0.9667,16,0,57,4
2026|07,/,496,288,0.5806,0.4194,124,1058,394,370
2026|07,/MAPTEST-C9PY,1,1,1,0,0,2,1,0
2026|07,/about-1,1,0,0,1,0,1,1,1
2026|07,/about-us,11,4,0.3636,0.6364,0,12,10,7
2026|07,/blog,9,4,0.4444,0.5556,0,10,9,7
2026|07,/blog/2022/10/26/naturopathic-first-aid-kit,2,2,1,0,0,2,2,2
2026|07,/blog/2022/3/7/health-alerts-eden-prairie-spring-water,1,1,1,0,0,1,1,1
2026|07,/blog/7-day-spring-cleaning-dust-allergy-action-plan,4,3,0.75,0.25,0,5,3,3
2026|07,/blog/aerobic-exercise-vs-hiit-which-is-right-for-you,2,0,0,1,0,2,2,2
2026|07,/blog/breaking-the-fast-your-guide-to-a-stellar-morning-meal,2,0,0,1,0,2,2,2
2026|07,/blog/eden-prairie-springs,29,8,0.2759,0.7241,0,31,25,25
2026|07,/blog/fiberfocus,1,1,1,0,0,1,1,1
2026|07,/blog/health-alerts-for-eden-prairie-spring-water,20,9,0.45,0.55,0,21,20,20
2026|07,/blog/how-berries-enhance-your-vitality,9,3,0.3333,0.6667,0,12,9,4
2026|07,/blog/naturopathic-first-aid-kit,1,0,0,1,0,1,1,1
2026|07,/blog/naturopathic-medicine-provides-a-holistic-approach,4,0,0,1,0,4,4,4
2026|07,/blog/nutrient-spotlight-foods-rich-in-calcium,1,1,1,0,0,1,1,1
2026|07,/blog/nutrient-spotlight-foods-rich-in-magnesium,2,0,0,1,0,2,2,2
2026|07,/blog/personalized-fitness-tailoring-your-workouts-with-target-heart-rate,2,0,0,1,0,2,2,2
2026|07,/blog/pfas-risk-in-mn-freshwater-fish,1,0,0,1,0,1,1,1
2026|07,/blog/sunburn-protection-with-lycopene-rich-foods,2,0,0,1,0,2,2,2
2026|07,/blog/the-amazing-health-benefits-of-regular-sauna-use,2,1,0.5,0.5,0,2,2,2
2026|07,/blog/the-synergy-of-functional-and-naturopathic-medicine-a-holistic-approach-to-health-in-minnesota,3,1,0.3333,0.6667,1,4,3,2
2026|07,/blog/what-to-expect-from-a-naturopathic-doctor,1,1,1,0,0,1,1,1
2026|07,/cholesterol,15,9,0.6,0.4,4,27,10,10
2026|07,/clinical-laboratory-tests,18,11,0.6111,0.3889,1,40,18,16
2026|07,/contact,8,8,1,0,8,8,6,5
2026|07,/dietary-supplements,4,1,0.25,0.75,0,4,3,3
2026|07,/events/menstrual-cycles-tracking-for-health-and-fertility-awareness,8,0,0,1,0,8,8,8
2026|07,/events/natural-remedies-for-cold-and-flu-season,3,0,0,1,0,3,3,3
2026|07,/faq,11,4,0.3636,0.6364,1,12,11,7
2026|07,/followup-packages,10,5,0.5,0.5,3,24,3,1
2026|07,/functional-health-report,1,0,0,1,0,1,1,1
2026|07,/holistic-diabetes-care,70,31,0.4429,0.5571,0,75,69,67
2026|07,/meal-plans-and-recipe-books,3,1,0.3333,0.6667,0,5,3,3
2026|07,/meet-dr-haley,25,14,0.56,0.44,1,37,24,20
2026|07,/meet-dr-jacob,13,4,0.3077,0.6923,0,17,11,8
2026|07,/mens-health,45,16,0.3556,0.6444,4,60,44,43
2026|07,"/mens-health, https://www.pankanaturalhealth.com/womens-health-services, https://www.pankanaturalhealth.com/pediatrics",1,0,0,1,0,1,1,1
2026|07,/nail-fungus-relief,5,0,0,1,0,5,5,5
2026|07,/naturopathic-medicine,9,4,0.4444,0.5556,0,15,9,6
2026|07,/patient-portal,10,7,0.7,0.3,2,26,7,4
2026|07,/pediatrics,45,24,0.5333,0.4667,7,84,41,41
2026|07,/pnh-fullscript,1,1,1,0,0,1,1,0
2026|07,/pnh-online-medicinary,1,0,0,1,0,1,1,1
2026|07,/pnh-wellness-shop/p/21-day-healthy-plate-meal-plan-for-the-family,1,0,0,1,0,1,1,1
2026|07,/pnh-wellness-shop/p/21-day-healthy-plate-meal-plan-for-two,1,0,0,1,0,1,1,1
2026|07,/pnh-wellness-shop/p/21-day-healthy-plate-meal-plan-one-person,3,1,0.3333,0.6667,0,3,3,3
2026|07,/pnh-wellness-shop/p/21-day-ketogenic-meal-plan-for-two,1,0,0,1,0,1,1,1
2026|07,/pnh-wellness-shop/p/21-day-plant-based-meal-plan-one-person,1,0,0,1,0,1,1,1
2026|07,/pnh-wellness-shop/p/dairy-free-gluten-free-recipe-book,1,0,0,1,0,1,1,1
2026|07,/pnh-wellness-shop/p/ketogenic-recipe-book,1,0,0,1,0,1,1,1
2026|07,/pnh-wellness-shop/p/low-fodmap-recipe-book,3,0,0,1,0,3,1,0
2026|07,/pnh-wellness-shop/p/nail-fungus-relief,2,0,0,1,0,2,2,2
2026|07,/pnh-wellness-shop/p/plant-based-meal-plan-for-two,1,0,0,1,0,1,1,1
2026|07,/pnh-wellness-shop/p/smoothie-recipe-book,1,0,0,1,0,1,1,1
2026|07,/prepare-for-your-visit,5,2,0.4,0.6,1,6,5,4
2026|07,/privacy-policy,1,0,0,1,0,1,1,1
2026|07,/product-guide,7,1,0.1429,0.8571,0,8,5,5
2026|07,/schedule-an-appointment,87,87,1,0,93,113,78,58
2026|07,/schedule/0081d9d2,19,17,0.8947,0.1053,3,58,13,13
2026|07,/schedule/0081d9d2/appointment/41826455/calendar/7700282,9,8,0.8889,0.1111,5,32,9,8
2026|07,/schedule/0081d9d2/appointment/41826455/calendar/8024328,4,4,1,0,4,16,4,4
2026|07,/schedule/0081d9d2/category/First%20Appointment,3,2,0.6667,0.3333,0,3,3,2
2026|07,/schedule/0081d9d2/confirmation/58efc6631412626ccf9c228b5fa528f1,1,1,1,0,0,1,1,0
2026|07,/schedule/0081d9d2/confirmation/8704730df7c4f2937ab1011661ebed78,1,1,1,0,0,1,1,1
2026|07,/schedule/0081d9d2/confirmation/d5c529a61fb72da2477d4429d6108142,1,1,1,0,0,1,1,0
2026|07,/wellness-shop/p/21-day-healthy-plate-meal-plan-for-the-family,3,0,0,1,0,3,3,3
2026|07,/whypnh,4,1,0.25,0.75,0,4,4,4
2026|07,/womens-health-services,100,53,0.53,0.47,24,199,93,85
2026|08,(not set),37,2,0.0541,0.9459,22,0,53,4
2026|08,/,395,252,0.638,0.362,82,852,324,299
2026|08,/about-us,10,4,0.4,0.6,1,14,10,8
2026|08,/blog,6,2,0.3333,0.6667,0,6,6,6
2026|08,/blog/2020/8/17/increase-nutrient-content-of-your-home-cooked-meals,1,0,0,1,0,1,1,1
2026|08,/blog/2022/10/26/naturopathic-first-aid-kit,2,2,1,0,0,2,2,2
2026|08,/blog/2022/3/7/health-alerts-eden-prairie-spring-water,2,2,1,0,0,2,2,2
2026|08,/blog/7-day-spring-cleaning-dust-allergy-action-plan,2,0,0,1,0,2,2,2
2026|08,/blog/aerobic-exercise-vs-hiit-which-is-right-for-you,2,0,0,1,0,2,2,2
2026|08,/blog/breaking-the-fast-your-guide-to-a-stellar-morning-meal,2,1,0.5,0.5,0,2,2,2
2026|08,/blog/eden-prairie-springs,29,10,0.3448,0.6552,0,31,23,22
2026|08,/blog/fiberfocus,2,1,0.5,0.5,0,2,2,2
2026|08,/blog/health-alerts-for-eden-prairie-spring-water,22,15,0.6818,0.3182,0,28,20,20
2026|08,/blog/how-berries-enhance-your-vitality,1,1,1,0,0,1,1,1
2026|08,/blog/lab-testing-looking-outside-the-reference-range,4,1,0.25,0.75,0,4,4,4
2026|08,/blog/naturopathic-first-aid-kit,2,0,0,1,0,2,2,2
2026|08,/blog/naturopathic-medicine-provides-a-holistic-approach,4,1,0.25,0.75,0,4,4,4
2026|08,/blog/nutrient-spotlight-foods-rich-in-calcium,4,0,0,1,0,4,4,4
2026|08,/blog/nutrient-spotlight-foods-rich-in-magnesium,2,0,0,1,0,2,2,2
2026|08,/blog/personalized-fitness-tailoring-your-workouts-with-target-heart-rate,3,1,0.3333,0.6667,0,3,3,3
2026|08,/blog/pfas-risk-in-mn-freshwater-fish,2,0,0,1,0,2,2,2
2026|08,/blog/sunburn-protection-with-lycopene-rich-foods,2,1,0.5,0.5,0,2,2,2
2026|08,/blog/the-amazing-health-benefits-of-regular-sauna-use,4,0,0,1,0,4,4,4
2026|08,/blog/the-synergy-of-functional-and-naturopathic-medicine-a-holistic-approach-to-health-in-minnesota,2,1,0.5,0.5,0,2,2,2
2026|08,/blog/what-to-expect-from-a-naturopathic-doctor,3,2,0.6667,0.3333,0,4,3,2
2026|08,/cart,2,0,0,1,0,2,2,2
2026|08,/cholesterol,13,8,0.6154,0.3846,1,20,13,13
2026|08,/clinical-laboratory-tests,28,13,0.4643,0.5357,2,57,25,20
2026|08,/contact,8,8,1,0,8,11,8,7
2026|08,/dietary-supplements,1,0,0,1,0,1,1,1
2026|08,/events,2,1,0.5,0.5,0,2,2,2
2026|08,/events/beyond-antihistamines-a-natural-approach-to-allergy-relief,1,0,0,1,0,1,1,1
2026|08,/events/essential-tips-for-supporting-your-childs-immune-function-this-cold-and-flu-season,1,0,0,1,0,1,1,1
2026|08,/events/fewer-sick-days-with-dr-haley-panka,2,1,0.5,0.5,0,2,2,1
2026|08,/events/halloween-in-hopkins,1,1,1,0,0,1,1,1
2026|08,/events/halloween-in-hopkins-1,1,0,0,1,0,1,1,1
2026|08,/events/introducing-dr-jacob-pankas-cardiovascular-wellness-program,1,0,0,1,0,1,1,1
2026|08,/events/menstrual-cycles-tracking-for-health-and-fertility-awareness,2,0,0,1,0,2,2,2
2026|08,/events/natural-remedies-for-cold-and-flu-season,2,1,0.5,0.5,0,2,2,2
2026|08,/events/small-business-saturday-wellness-giveaway,1,0,0,1,0,1,1,1
2026|08,/events/the-black-friday-cyber-monday-sale,1,0,0,1,0,1,1,1
2026|08,/events/what-is-naturopathic-medicine-live-qa-with-dr-jacob-panka,1,1,1,0,0,1,1,1
2026|08,/faq,9,2,0.2222,0.7778,2,11,9,4
2026|08,/followup-packages,2,1,0.5,0.5,0,2,2,2
2026|08,/functional-health-report,1,1,1,0,0,8,1,0
2026|08,/holistic-diabetes-care,9,5,0.5556,0.4444,0,11,9,9
2026|08,/home,1,0,0,1,0,1,1,1
2026|08,/legal-disclaimer,2,0,0,1,0,2,2,2
2026|08,/meal-plans-and-recipe-books,5,2,0.4,0.6,0,6,5,4
2026|08,/meet-dr-haley,26,16,0.6154,0.3846,1,49,23,20
2026|08,/meet-dr-jacob,18,7,0.3889,0.6111,1,22,10,9
2026|08,/mens-health,29,7,0.2414,0.7586,1,33,28,27
2026|08,/nail-fungus-relief,2,0,0,1,0,2,2,2
2026|08,/naturopathic-medicine,5,3,0.6,0.4,0,5,5,4
2026|08,/new-page,2,1,0.5,0.5,0,3,2,1
2026|08,/new-patients,1,1,1,0,0,15,1,0
2026|08,/patient-portal,8,4,0.5,0.5,2,11,8,4
2026|08,/pediatrics,27,18,0.6667,0.3333,6,69,25,24
2026|08,/pnh-fullscript,2,1,0.5,0.5,0,3,2,2
2026|08,/pnh-online-medicinary,1,1,1,0,0,3,1,1
2026|08,/pnh-wellness-shop,1,1,1,0,0,1,1,1
2026|08,/pnh-wellness-shop/meal-plan,1,1,1,0,0,1,1,1
2026|08,/pnh-wellness-shop/p/21-day-healthy-plate-meal-plan-for-the-family,1,0,0,1,0,1,1,1
2026|08,/pnh-wellness-shop/p/21-day-healthy-plate-meal-plan-for-two,1,0,0,1,0,1,1,1
2026|08,/pnh-wellness-shop/p/21-day-healthy-plate-meal-plan-one-person,2,0,0,1,0,2,2,2
2026|08,/pnh-wellness-shop/p/21-day-ketogenic-meal-plan-for-one-person,1,0,0,1,0,1,1,1
2026|08,/pnh-wellness-shop/p/21-day-ketogenic-meal-plan-for-two,1,0,0,1,0,1,1,1
2026|08,/pnh-wellness-shop/p/21-day-plant-based-meal-plan-one-person,1,0,0,1,0,1,1,1
2026|08,/pnh-wellness-shop/p/anti-inflammatory-recipe-book,1,0,0,1,0,1,1,1
2026|08,/pnh-wellness-shop/p/dairy-free-gluten-free-recipe-book,1,0,0,1,0,1,1,1
2026|08,/pnh-wellness-shop/p/dairy-free-recipe-book,1,0,0,1,0,1,1,1
2026|08,/pnh-wellness-shop/p/gluten-free-recipe-book,1,0,0,1,0,1,1,1
2026|08,/pnh-wellness-shop/p/ketogenic-recipe-book,1,0,0,1,0,1,1,1
2026|08,/pnh-wellness-shop/p/low-fodmap-recipe-book,1,1,1,0,0,1,1,1
2026|08,/pnh-wellness-shop/p/nail-fungus-relief,1,0,0,1,0,1,1,1
2026|08,/pnh-wellness-shop/p/plant-based-meal-plan-for-two,1,0,0,1,0,1,1,1
2026|08,/pnh-wellness-shop/p/plant-based-recipe-book,1,0,0,1,0,1,1,1
2026|08,/pnh-wellness-shop/p/smoothie-recipe-book,1,0,0,1,0,1,1,1
2026|08,/pnh-wellness-shop/recipe-book,1,1,1,0,0,1,1,1
2026|08,/prepare-for-your-visit,6,3,0.5,0.5,2,8,6,6
2026|08,/privacy-policy,2,2,1,0,6,21,2,1
2026|08,/product-guide,9,2,0.2222,0.7778,1,14,8,6
2026|08,/schedule-an-appointment,81,81,1,0,88,98,68,54
2026|08,/schedule/0081d9d2,10,6,0.6,0.4,1,23,9,8
2026|08,/schedule/0081d9d2/appointment/41826455,2,2,1,0,0,4,2,0
2026|08,/schedule/0081d9d2/appointment/41826455/calendar/7700282,7,7,1,0,5,19,7,7
2026|08,/schedule/0081d9d2/appointment/41826455/calendar/7700282/datetime/2026-08-10T16:35:00-05:00,1,1,1,0,1,2,1,0
2026|08,/schedule/0081d9d2/appointment/41826455/calendar/8024328,1,1,1,0,1,3,1,1
2026|08,/schedule/0081d9d2/category/First%20Appointment,1,0,0,1,0,1,1,0
2026|08,/schedule/0081d9d2/confirmation/44810c9836151a2becc4b1f72bc9f8e4,1,0,0,1,0,1,1,1
2026|08,/schedule/0081d9d2/confirmation/8b13992aa361f9b92cfb72983c0bd3dd,1,1,1,0,0,1,1,1
2026|08,/video-library,1,1,1,0,0,1,1,1
2026|08,/wellness-community,2,1,0.5,0.5,0,2,2,2
2026|08,/whypnh,6,3,0.5,0.5,1,17,6,3
2026|08,/womens-health-services,107,56,0.5234,0.4766,12,162,103,97
2026|09,,2,0,0,1,2,0,4,0
2026|09,(not set),5,0,0,1,3,0,9,0
2026|09,/,80,45,0.5625,0.4375,14,170,66,59
2026|09,/blog,1,0,0,1,0,1,1,1
2026|09,/blog/7-day-spring-cleaning-dust-allergy-action-plan,2,1,0.5,0.5,0,2,2,2
2026|09,/blog/aerobic-exercise-vs-hiit-which-is-right-for-you,2,0,0,1,0,2,2,2
2026|09,/blog/eden-prairie-springs,2,0,0,1,0,2,2,2
2026|09,/blog/health-alerts-for-eden-prairie-spring-water,4,2,0.5,0.5,0,4,3,3
2026|09,/cholesterol,1,1,1,0,0,2,1,1
2026|09,/clinical-laboratory-tests,4,2,0.5,0.5,0,5,4,3
2026|09,/contact,1,1,1,0,2,2,1,0
2026|09,/faq,1,0,0,1,0,1,1,1
2026|09,/followup-packages,1,1,1,0,0,3,1,0
2026|09,/holistic-diabetes-care,1,1,1,0,0,1,1,1
2026|09,/legal-disclaimer,2,1,0.5,0.5,0,4,2,2
2026|09,/meal-plans-and-recipe-books,1,1,1,0,0,1,1,1
2026|09,/meet-dr-haley,9,1,0.1111,0.8889,0,9,7,6
2026|09,/meet-dr-jacob,4,3,0.75,0.25,1,8,4,4
2026|09,/mens-health,1,0,0,1,0,1,1,1
2026|09,/patient-portal,4,3,0.75,0.25,1,9,4,3
2026|09,/pediatrics,3,1,0.3333,0.6667,0,3,3,1
2026|09,/prepare-for-your-visit,1,1,1,0,1,2,1,1
2026|09,/product-guide,2,0,0,1,0,2,2,2
2026|09,/schedule-an-appointment,13,13,1,0,13,16,11,9
2026|09,/schedule/0081d9d2/appointment/41826455/calendar/7700282,1,1,1,0,1,3,1,1
2026|09,/schedule/0081d9d2/confirmation/77159088c6c424cb41e46683a453e77d,1,0,0,1,0,1,1,1
2026|09,/schedule/0081d9d2/confirmation/e405375d812c08e9be3aa587c8fe1df1,2,1,0.5,0.5,0,2,2,1
2026|09,/whypnh,3,1,0.3333,0.6667,0,4,2,1
2026|09,/womens-health-services,19,11,0.5789,0.4211,3,35,19,17
