date,views_total,views_maps,views_search,views_maps_desktop,views_maps_mobile,views_search_desktop,views_search_mobile,actions_total,actions_website,actions_phone,actions_driving_directions,actions_messages,actions_bookings,actions_food_menu_clicks,actions_food_orders
2025-03-08,17,0,17,0,0,4,13,3,2,0,1,0,0,0,0
2025-03-09,23,4,19,2,2,7,12,11,1,0,10,0,0,0,0
2025-03-10,23,3,20,1,2,8,12,12,4,0,8,0,0,0,0
2025-03-11,23,2,21,0,2,7,14,1,0,0,1,0,0,0,0
2025-03-12,21,5,16,2,3,6,10,2,2,0,0,0,0,0,0
2025-03-13,24,4,20,0,4,7,13,6,1,2,3,0,0,0,0
2025-03-14,25,4,21,2,2,7,14,3,3,0,0,0,0,0,0
2025-03-15,20,2,18,0,2,6,12,1,1,0,0,0,0,0,0
2025-03-16,18,2,16,1,1,2,14,5,2,0,3,0,0,0,0
2025-03-17,24,2,22,0,2,9,13,3,3,0,0,0,0,0,0
2025-03-18,27,5,22,2,3,7,15,3,3,0,0,0,0,0,0
2025-03-19,34,5,29,2,3,10,19,3,2,0,1,0,0,0,0
2025-03-20,18,0,18,0,0,7,11,2,2,0,0,0,0,0,0
2025-03-21,15,5,10,1,4,3,7,1,1,0,0,0,0,0,0
2025-03-22,16,3,13,0,3,3,10,7,1,0,6,0,0,0,0
2025-03-23,12,3,9,1,2,2,7,2,2,0,0,0,0,0,0
2025-03-24,30,5,25,1,4,8,17,1,0,0,1,0,0,0,0
2025-03-25,26,7,19,4,3,10,9,2,2,0,0,0,0,0,0
2025-03-26,31,12,19,3,9,6,13,2,2,0,0,0,0,0,0
2025-03-27,20,4,16,2,2,4,12,2,2,0,0,0,0,0,0
2025-03-28,27,6,21,2,4,9,12,20,2,1,17,0,0,0,0
2025-03-29,11,1,10,1,0,1,9,4,1,0,3,0,0,0,0
2025-03-30,13,0,13,0,0,2,11,2,2,0,0,0,0,0,0
2025-03-31,26,3,23,2,1,7,16,5,3,0,2,0,0,0,0
2025-04-01,23,3,20,0,3,10,10,8,2,0,6,0,0,0,0
2025-04-02,28,3,25,2,1,12,13,5,5,0,0,0,0,0,0
2025-04-03,19,2,17,0,2,7,10,7,5,0,2,0,0,0,0
2025-04-04,18,6,12,2,4,5,7,2,1,0,1,0,0,0,0
2025-04-05,5,0,5,0,0,1,4,3,3,0,0,0,0,0,0
2025-04-06,10,1,9,1,0,2,7,22,2,0,20,0,0,0,0
2025-04-07,14,2,12,0,2,5,7,6,2,0,4,0,0,0,0
2025-04-08,18,0,18,0,0,5,13,6,3,0,3,0,0,0,0
2025-04-09,30,6,24,4,2,9,15,2,2,0,0,0,0,0,0
2025-04-10,22,0,22,0,0,5,17,9,2,1,6,0,0,0,0
2025-04-11,21,3,18,3,0,4,14,4,1,1,2,0,0,0,0
2025-04-12,13,1,12,1,0,0,12,4,2,0,2,0,0,0,0
2025-04-13,12,3,9,2,1,2,7,1,1,0,0,0,0,0,0
2025-04-14,22,1,21,0,1,9,12,12,4,1,7,0,0,0,0
2025-04-15,19,2,17,0,2,5,12,1,1,0,0,0,0,0,0
2025-04-16,27,4,23,1,3,11,12,6,3,0,3,0,0,0,0
2025-04-17,22,2,20,2,0,9,11,2,2,0,0,0,0,0,0
2025-04-18,18,6,12,2,4,3,9,1,1,0,0,0,0,0,0
2025-04-19,14,5,9,1,4,4,5,3,2,0,1,0,0,0,0
2025-04-20,12,2,10,0,2,0,10,2,1,0,1,0,0,0,0
2025-04-21,32,8,24,3,5,11,13,3,2,1,0,0,0,0,0
2025-04-22,31,4,27,3,1,13,14,2,2,0,0,0,0,0,0
2025-04-23,28,4,24,1,3,9,15,1,1,0,0,0,0,0,0
2025-04-24,29,2,27,0,2,6,21,1,1,0,0,0,0,0,0
2025-04-25,22,3,19,0,3,6,13,1,0,0,1,0,0,0,0
2025-04-26,10,1,9,0,1,0,9,6,1,0,5,0,0,0,0
2025-04-27,20,3,17,0,3,5,12,0,0,0,0,0,0,0,0
2025-04-28,28,5,23,2,3,6,17,2,1,0,1,0,0,0,0
2025-04-29,25,6,19,3,3,8,11,3,2,0,1,0,0,0,0
2025-04-30,29,4,25,0,4,11,14,5,3,0,2,0,0,0,0
2025-05-01,79,51,28,51,0,10,18,5,1,0,4,0,0,0,0
2025-05-02,18,4,14,2,2,4,10,3,2,0,1,0,0,0,0
2025-05-03,9,2,7,0,2,2,5,3,1,0,2,0,0,0,0
2025-05-04,16,2,14,0,2,4,10,7,0,0,7,0,0,0,0
2025-05-05,31,4,27,2,2,8,19,5,4,0,1,0,0,0,0
2025-05-06,22,3,19,0,3,6,13,2,1,0,1,0,0,0,0
2025-05-07,25,5,20,0,5,10,10,2,1,1,0,0,0,0,0
2025-05-08,20,0,20,0,0,9,11,6,1,1,4,0,0,0,0
2025-05-09,18,4,14,2,2,7,7,3,2,1,0,0,0,0,0
2025-05-10,18,8,10,8,0,3,7,0,0,0,0,0,0,0,0
2025-05-11,10,1,9,0,1,3,6,3,2,0,1,0,0,0,0
2025-05-12,32,2,30,1,1,12,18,0,0,0,0,0,0,0,0
2025-05-13,17,2,15,1,1,4,11,2,0,1,1,0,0,0,0
2025-05-14,25,4,21,1,3,4,17,2,1,0,1,0,0,0,0
2025-05-15,19,1,18,0,1,10,8,2,2,0,0,0,0,0,0
2025-05-16,24,6,18,1,5,9,9,0,0,0,0,0,0,0,0
2025-05-17,4,1,3,0,1,1,2,8,2,0,6,0,0,0,0
2025-05-18,27,5,22,4,1,8,14,1,1,0,0,0,0,0,0
2025-05-19,27,5,22,1,4,8,14,6,4,0,2,0,0,0,0
2025-05-20,19,8,11,2,6,7,4,1,0,0,1,0,0,0,0
2025-05-21,29,3,26,1,2,12,14,7,1,0,6,0,0,0,0
2025-05-22,24,5,19,0,5,6,13,4,2,0,2,0,0,0,0
2025-05-23,14,1,13,1,0,1,12,11,1,0,10,0,0,0,0
2025-05-24,14,2,12,1,1,2,10,8,1,0,7,0,0,0,0
2025-05-25,8,3,5,0,3,1,4,5,1,0,4,0,0,0,0
2025-05-26,11,2,9,2,0,0,9,9,0,0,9,0,0,0,0
2025-05-27,35,7,28,2,5,13,15,0,0,0,0,0,0,0,0
2025-05-28,30,4,26,2,2,7,19,3,1,2,0,0,0,0,0
2025-05-29,22,1,21,0,1,6,15,4,2,0,2,0,0,0,0
2025-05-30,16,1,15,0,1,4,11,0,0,0,0,0,0,0,0
2025-05-31,4,1,3,1,0,0,3,0,0,0,0,0,0,0,0
2025-06-01,10,0,10,0,0,4,6,3,1,0,2,0,0,0,0
2025-06-02,21,3,18,1,2,9,9,4,3,0,1,0,0,0,0
2025-06-03,29,0,29,0,0,15,14,2,2,0,0,0,0,0,0
2025-06-04,32,1,31,1,0,13,18,10,1,1,8,0,0,0,0
2025-06-05,22,3,19,2,1,5,14,8,2,0,6,0,0,0,0
2025-06-06,20,1,19,0,1,4,15,13,1,0,12,0,0,0,0
2025-06-07,15,2,13,0,2,2,11,3,0,0,3,0,0,0,0
2025-06-08,18,4,14,2,2,0,14,2,0,0,2,0,0,0,0
2025-06-09,26,3,23,0,3,9,14,9,3,1,5,0,0,0,0
2025-06-10,35,3,32,1,2,11,21,2,0,0,2,0,0,0,0
2025-06-11,30,1,29,1,0,10,19,4,1,0,3,0,0,0,0
2025-06-12,29,7,22,4,3,7,15,2,2,0,0,0,0,0,0
2025-06-13,17,1,16,1,0,7,9,1,1,0,0,0,0,0,0
2025-06-14,8,1,7,0,1,1,6,0,0,0,0,0,0,0,0
2025-06-15,16,5,11,4,1,3,8,5,2,0,3,0,0,0,0
2025-06-16,23,4,19,4,0,10,9,4,1,0,3,0,0,0,0
2025-06-17,21,0,21,0,0,9,12,0,0,0,0,0,0,0,0
2025-06-18,17,1,16,0,1,8,8,3,1,0,2,0,0,0,0
2025-06-19,31,3,28,2,1,8,20,11,1,1,9,0,0,0,0
2025-06-20,16,0,16,0,0,10,6,1,1,0,0,0,0,0,0
2025-06-21,8,1,7,0,1,1,6,2,2,0,0,0,0,0,0
2025-06-22,25,7,18,0,7,9,9,1,1,0,0,0,0,0,0
2025-06-23,22,3,19,1,2,4,15,1,1,0,0,0,0,0,0
2025-06-24,22,5,17,1,4,6,11,1,1,0,0,0,0,0,0
2025-06-25,29,1,28,1,0,11,17,1,1,0,0,0,0,0,0
2025-06-26,19,5,14,0,5,8,6,5,1,0,4,0,0,0,0
2025-06-27,11,3,8,1,2,2,6,5,0,0,5,0,0,0,0
2025-06-28,3,0,3,0,0,0,3,9,2,0,7,0,0,0,0
2025-06-29,6,0,6,0,0,3,3,6,0,0,6,0,0,0,0
2025-06-30,22,8,14,0,8,6,8,1,1,0,0,0,0,0,0
2025-07-01,13,2,11,1,1,3,8,0,0,0,0,0,0,0,0
2025-07-02,10,0,10,0,0,1,9,1,1,0,0,0,0,0,0
2025-07-03,21,1,20,0,1,9,11,5,5,0,0,0,0,0,0
2025-07-04,12,8,4,5,3,0,4,1,1,0,0,0,0,0,0
2025-07-05,8,4,4,3,1,2,2,0,0,0,0,0,0,0,0
2025-07-06,9,1,8,1,0,0,8,1,1,0,0,0,0,0,0
2025-07-07,10,0,10,0,0,2,8,1,1,0,0,0,0,0,0
2025-07-08,21,3,18,3,0,6,12,11,4,1,6,0,0,0,0
2025-07-09,10,4,6,1,3,2,4,4,1,0,3,0,0,0,0
2025-07-10,27,7,20,1,6,8,12,5,1,0,4,0,0,0,0
2025-07-11,26,9,17,3,6,10,7,7,2,1,4,0,0,0,0
2025-07-12,12,6,6,0,6,5,1,4,1,0,3,0,0,0,0
2025-07-13,16,4,12,3,1,4,8,8,1,0,7,0,0,0,0
2025-07-14,22,3,19,3,0,14,5,8,4,0,4,0,0,0,0
2025-07-15,19,5,14,0,5,8,6,6,4,0,2,0,0,0,0
2025-07-16,19,1,18,1,0,7,11,0,0,0,0,0,0,0,0
2025-07-17,23,6,17,2,4,9,8,13,6,3,4,0,0,0,0
2025-07-18,32,4,28,1,3,18,10,1,1,0,0,0,0,0,0
2025-07-19,12,3,9,0,3,4,5,0,0,0,0,0,0,0,0
2025-07-20,18,4,14,0,4,6,8,2,2,0,0,0,0,0,0
2025-07-21,39,9,30,3,6,16,14,3,2,0,1,0,0,0,0
2025-07-22,20,0,20,0,0,9,11,0,0,0,0,0,0,0,0
2025-07-23,17,2,15,0,2,6,9,6,6,0,0,0,0,0,0
2025-07-24,29,3,26,1,2,10,16,1,1,0,0,0,0,0,0
2025-07-25,16,2,14,0,2,4,10,3,2,0,1,0,0,0,0
2025-07-26,12,2,10,2,0,0,10,0,0,0,0,0,0,0,0
2025-07-27,20,1,19,1,0,2,17,1,0,1,0,0,0,0,0
2025-07-28,12,0,12,0,0,4,8,2,2,0,0,0,0,0,0
2025-07-29,28,5,23,2,3,6,17,1,1,0,0,0,0,0,0
2025-07-30,36,2,34,2,0,16,18,3,1,0,2,0,0,0,0
2025-07-31,29,3,26,1,2,8,18,3,1,0,2,0,0,0,0
2025-08-01,28,2,26,0,2,9,17,2,2,0,0,0,0,0,0
2025-08-02,16,4,12,0,4,2,10,2,2,0,0,0,0,0,0
2025-08-03,12,2,10,1,1,0,10,1,1,0,0,0,0,0,0
2025-08-04,31,6,25,5,1,11,14,0,0,0,0,0,0,0,0
2025-08-05,38,9,29,3,6,12,17,4,2,0,2,0,0,0,0
2025-08-06,29,6,23,1,5,16,7,4,2,0,2,0,0,0,0
2025-08-07,32,6,26,5,1,11,15,11,3,0,8,0,0,0,0
2025-08-08,14,5,9,0,5,2,7,8,1,1,6,0,0,0,0
2025-08-09,16,1,15,1,0,8,7,3,1,0,2,0,0,0,0
2025-08-10,14,0,14,0,0,6,8,0,0,0,0,0,0,0,0
2025-08-11,33,3,30,3,0,13,17,3,1,0,2,0,0,0,0
2025-08-12,22,2,20,0,2,9,11,5,4,1,0,0,0,0,0
2025-08-13,20,6,14,4,2,4,10,0,0,0,0,0,0,0,0
2025-08-14,14,3,11,1,2,3,8,2,1,0,1,0,0,0,0
2025-08-15,14,0,14,0,0,0,14,2,2,0,0,0,0,0,0
2025-08-16,14,2,12,1,1,6,6,5,0,0,5,0,0,0,0
2025-08-17,9,0,9,0,0,3,6,0,0,0,0,0,0,0,0
2025-08-18,26,5,21,0,5,10,11,7,7,0,0,0,0,0,0
2025-08-19,27,9,18,1,8,8,10,4,3,0,1,0,0,0,0
2025-08-20,18,1,17,0,1,9,8,2,0,1,1,0,0,0,0
2025-08-21,14,2,12,1,1,6,6,4,2,1,1,0,0,0,0
2025-08-22,23,0,23,0,0,6,17,4,3,1,0,0,0,0,0
2025-08-23,14,4,10,1,3,1,9,1,1,0,0,0,0,0,0
2025-08-24,18,5,13,4,1,5,8,1,1,0,0,0,0,0,0
2025-08-25,21,4,17,0,4,10,7,1,1,0,0,0,0,0,0
2025-08-26,21,2,19,2,0,12,7,0,0,0,0,0,0,0,0
2025-08-27,23,3,20,1,2,6,14,5,4,0,1,0,0,0,0
2025-08-28,16,3,13,1,2,4,9,6,2,0,4,0,0,0,0
2025-08-29,10,3,7,2,1,1,6,10,5,0,5,0,0,0,0
2025-08-30,13,0,13,0,0,5,8,0,0,0,0,0,0,0,0
2025-08-31,16,7,9,5,2,0,9,3,1,0,2,0,0,0,0
2025-09-01,23,0,23,0,0,5,18,4,4,0,0,0,0,0,0
2025-09-02,18,2,16,0,2,3,13,1,0,0,1,0,0,0,0
2025-09-03,22,4,18,1,3,3,15,1,1,0,0,0,0,0,0
2025-09-04,21,0,21,0,0,9,12,1,1,0,0,0,0,0,0
2025-09-05,19,2,17,0,2,2,15,0,0,0,0,0,0,0,0
2025-09-06,18,8,10,3,5,5,5,6,0,0,6,0,0,0,0
2025-09-07,18,2,16,0,2,4,12,3,0,0,3,0,0,0,0
2025-09-08,26,5,21,1,4,6,15,5,2,1,2,0,0,0,0
2025-09-09,23,3,20,0,3,8,12,1,0,0,1,0,0,0,0
2025-09-10,17,1,16,0,1,2,14,2,1,0,1,0,0,0,0
2025-09-11,17,5,12,0,5,4,8,9,0,1,8,0,0,0,0
2025-09-12,18,3,15,2,1,5,10,4,1,0,3,0,0,0,0
2025-09-13,3,1,2,1,0,0,2,0,0,0,0,0,0,0,0
2025-09-14,9,2,7,0,2,1,6,0,0,0,0,0,0,0,0
2025-09-15,26,3,23,0,3,8,15,4,1,0,3,0,0,0,0
2025-09-16,21,4,17,1,3,7,10,1,1,0,0,0,0,0,0
2025-09-17,16,2,14,1,1,8,6,5,3,1,1,0,0,0,0
2025-09-18,19,2,17,0,2,7,10,6,1,0,5,0,0,0,0
2025-09-19,13,0,13,0,0,3,10,1,1,0,0,0,0,0,0
2025-09-20,5,2,3,0,2,2,1,2,0,0,2,0,0,0,0
2025-09-21,8,0,8,0,0,1,7,0,0,0,0,0,0,0,0
2025-09-22,11,1,10,0,1,8,2,11,4,0,7,0,0,0,0
2025-09-23,19,1,18,0,1,8,10,4,3,0,1,0,0,0,0
2025-09-24,24,4,20,1,3,6,14,4,1,0,3,0,0,0,0
2025-09-25,33,4,29,0,4,2,27,0,0,0,0,0,0,0,0
2025-09-26,18,0,18,0,0,4,14,8,0,0,8,0,0,0,0
2025-09-27,10,1,9,1,0,1,8,0,0,0,0,0,0,0,0
2025-09-28,19,2,17,0,2,5,12,5,3,0,2,0,0,0,0
2025-09-29,24,2,22,0,2,4,18,6,4,2,0,0,0,0,0
2025-09-30,40,3,37,0,3,10,27,5,2,0,3,0,0,0,0
2025-10-01,29,2,27,1,1,3,24,4,1,1,2,0,0,0,0
2025-10-02,26,3,23,2,1,5,18,4,3,0,1,0,0,0,0
2025-10-03,27,4,23,2,2,6,17,1,1,0,0,0,0,0,0
2025-10-04,25,7,18,3,4,2,16,1,1,0,0,0,0,0,0
2025-10-05,26,0,26,0,0,10,16,0,0,0,0,0,0,0,0
2025-10-06,31,2,29,0,2,14,15,0,0,0,0,0,0,0,0
2025-10-07,29,7,22,1,6,5,17,2,1,0,1,0,0,0,0
2025-10-08,18,1,17,0,1,5,12,17,2,1,14,0,0,0,0
2025-10-09,31,4,27,4,0,9,18,2,1,1,0,0,0,0,0
2025-10-10,23,2,21,0,2,11,10,9,2,0,7,0,0,0,0
2025-10-11,17,3,14,1,2,2,12,1,1,0,0,0,0,0,0
2025-10-12,14,3,11,0,3,0,11,1,1,0,0,0,0,0,0
2025-10-13,17,4,13,0,4,1,12,1,1,0,0,0,0,0,0
2025-10-14,33,7,26,3,4,9,17,9,4,0,5,0,0,0,0
2025-10-15,22,0,22,0,0,6,16,2,2,0,0,0,0,0,0
2025-10-16,18,2,16,0,2,6,10,2,2,0,0,0,0,0,0
2025-10-17,26,1,25,1,0,7,18,1,1,0,0,0,0,0,0
2025-10-18,15,2,13,1,1,1,12,3,0,0,3,0,0,0,0
2025-10-19,17,2,15,0,2,1,14,1,0,0,1,0,0,0,0
2025-10-20,31,6,25,3,3,6,19,0,0,0,0,0,0,0,0
2025-10-21,24,1,23,0,1,9,14,10,4,0,6,0,0,0,0
2025-10-22,31,2,29,0,2,11,18,2,1,0,1,0,0,0,0
2025-10-23,33,2,31,2,0,9,22,1,1,0,0,0,0,0,0
2025-10-24,20,2,18,0,2,6,12,8,2,1,5,0,0,0,0
2025-10-25,28,4,24,0,4,4,20,10,1,0,9,0,0,0,0
2025-10-26,22,0,22,0,0,1,21,0,0,0,0,0,0,0,0
2025-10-27,28,0,28,0,0,6,22,6,2,0,4,0,0,0,0
2025-10-28,34,7,27,5,2,9,18,3,2,1,0,0,0,0,0
2025-10-29,19,6,13,4,2,9,4,1,0,0,1,0,0,0,0
2025-10-30,30,6,24,1,5,10,14,3,1,1,1,0,0,0,0
2025-10-31,21,1,20,1,0,7,13,4,2,0,2,0,0,0,0
2025-11-01,19,2,17,0,2,2,15,0,0,0,0,0,0,0,0
2025-11-02,23,2,21,1,1,5,16,0,0,0,0,0,0,0,0
2025-11-03,28,2,26,0,2,8,18,6,3,2,1,0,0,0,0
2025-11-04,22,2,20,2,0,7,13,5,1,0,4,0,0,0,0
2025-11-05,24,3,21,1,2,4,17,0,0,0,0,0,0,0,0
2025-11-06,29,0,29,0,0,11,18,1,1,0,0,0,0,0,0
2025-11-07,25,1,24,1,0,9,15,1,1,0,0,0,0,0,0
2025-11-08,16,5,11,2,3,2,9,0,0,0,0,0,0,0,0
2025-11-09,22,3,19,0,3,4,15,2,0,0,2,0,0,0,0
2025-11-10,28,0,28,0,0,10,18,3,2,0,1,0,0,0,0
2025-11-11,25,2,23,0,2,7,16,2,1,0,1,0,0,0,0
2025-11-12,32,4,28,0,4,4,24,1,1,0,0,0,0,0,0
2025-11-13,31,1,30,0,1,6,24,3,1,0,2,0,0,0,0
2025-11-14,12,0,12,0,0,5,7,2,0,0,2,0,0,0,0
2025-11-15,19,3,16,1,2,3,13,3,2,0,1,0,0,0,0
2025-11-16,10,0,10,0,0,2,8,5,0,0,5,0,0,0,0
2025-11-17,25,1,24,0,1,9,15,0,0,0,0,0,0,0,0
2025-11-18,17,0,17,0,0,4,13,2,2,0,0,0,0,0,0
2025-11-19,16,2,14,2,0,5,9,25,1,0,24,0,0,0,0
2025-11-20,29,4,25,0,4,4,21,7,3,1,3,0,0,0,0
2025-11-21,25,2,23,0,2,7,16,2,1,0,1,0,0,0,0
2025-11-22,17,1,16,0,1,2,14,2,1,0,1,0,0,0,0
2025-11-23,13,2,11,0,2,1,10,1,1,0,0,0,0,0,0
2025-11-24,25,2,23,1,1,8,15,4,0,0,4,0,0,0,0
2025-11-25,13,0,13,0,0,4,9,2,2,0,0,0,0,0,0
2025-11-26,18,2,16,2,0,3,13,2,1,1,0,0,0,0,0
2025-11-27,16,2,14,2,0,0,14,0,0,0,0,0,0,0,0
2025-11-28,14,1,13,0,1,3,10,2,2,0,0,0,0,0,0
2025-11-29,18,7,11,3,4,2,9,0,0,0,0,0,0,0,0
2025-11-30,11,2,9,1,1,0,9,0,0,0,0,0,0,0,0
2025-12-01,19,3,16,1,2,2,14,4,2,2,0,0,0,0,0
2025-12-02,17,1,16,0,1,0,16,3,1,1,1,0,0,0,0
2025-12-03,21,0,21,0,0,6,15,1,1,0,0,0,0,0,0
2025-12-04,16,1,15,0,1,3,12,3,0,0,3,0,0,0,0
2025-12-05,28,0,28,0,0,7,21,8,1,0,7,0,0,0,0
2025-12-06,17,1,16,1,0,2,14,0,0,0,0,0,0,0,0
2025-12-07,21,0,21,0,0,4,17,0,0,0,0,0,0,0,0
2025-12-08,26,1,25,1,0,8,17,1,0,0,1,0,0,0,0
2025-12-09,18,1,17,0,1,1,16,3,0,0,3,0,0,0,0
2025-12-10,13,4,9,3,1,1,8,2,1,0,1,0,0,0,0
2025-12-11,28,5,23,2,3,6,17,3,1,0,2,0,0,0,0
2025-12-12,18,0,18,0,0,5,13,1,1,0,0,0,0,0,0
2025-12-13,9,0,9,0,0,2,7,7,0,0,7,0,0,0,0
2025-12-14,13,2,11,2,0,1,10,0,0,0,0,0,0,0,0
2025-12-15,17,1,16,1,0,6,10,2,1,0,1,0,0,0,0
2025-12-16,17,1,16,0,1,4,12,1,0,0,1,0,0,0,0
2025-12-17,16,1,15,0,1,3,12,4,1,0,3,0,0,0,0
2025-12-18,22,1,21,0,1,4,17,8,1,0,7,0,0,0,0
2025-12-19,5,1,4,1,0,0,4,0,0,0,0,0,0,0,0
2025-12-20,11,1,10,0,1,1,9,0,0,0,0,0,0,0,0
2025-12-21,9,3,6,1,2,3,3,2,0,0,2,0,0,0,0
2025-12-22,13,2,11,0,2,1,10,2,0,0,2,0,0,0,0
2025-12-23,13,1,12,1,0,6,6,0,0,0,0,0,0,0,0
2025-12-24,7,0,7,0,0,1,6,3,0,0,3,0,0,0,0
2025-12-25,9,1,8,0,1,0,8,3,1,0,2,0,0,0,0
2025-12-26,21,4,17,1,3,4,13,1,0,0,1,0,0,0,0
2025-12-27,11,0,11,0,0,0,11,1,1,0,0,0,0,0,0
2025-12-28,22,3,19,1,2,2,17,1,1,0,0,0,0,0,0
2025-12-29,17,1,16,0,1,6,10,3,0,0,3,0,0,0,0
2025-12-30,19,4,15,2,2,5,10,4,3,0,1,0,0,0,0
2025-12-31,26,5,21,2,3,6,15,2,1,0,1,0,0,0,0
2026-01-01,16,2,14,0,2,3,11,5,1,0,4,0,0,0,0
2026-01-02,20,0,20,0,0,4,16,4,2,1,1,0,0,0,0
2026-01-03,18,2,16,0,2,1,15,3,3,0,0,0,0,0,0
2026-01-04,14,2,12,0,2,2,10,3,2,0,1,0,0,0,0
2026-01-05,26,7,19,4,3,8,11,1,0,0,1,0,0,0,0
2026-01-06,22,2,20,1,1,3,17,3,2,0,1,0,0,0,0
2026-01-07,26,1,25,0,1,8,17,1,1,0,0,0,0,0,0
2026-01-08,22,4,18,0,4,4,14,2,1,0,1,0,0,0,0
2026-01-09,26,6,20,0,6,4,16,7,2,0,5,0,0,0,0
2026-01-10,8,0,8,0,0,2,6,1,0,0,1,0,0,0,0
2026-01-11,18,4,14,2,2,3,11,3,1,0,2,0,0,0,0
2026-01-12,29,1,28,0,1,6,22,2,2,0,0,0,0,0,0
2026-01-13,26,4,22,1,3,6,16,4,3,1,0,0,0,0,0
2026-01-14,18,2,16,0,2,8,8,6,1,0,5,0,0,0,0
2026-01-15,19,3,16,3,0,3,13,2,2,0,0,0,0,0,0
2026-01-16,23,5,18,3,2,5,13,1,1,0,0,0,0,0,0
2026-01-17,11,3,8,0,3,2,6,2,2,0,0,0,0,0,0
2026-01-18,15,2,13,0,2,3,10,0,0,0,0,0,0,0,0
2026-01-19,30,5,25,3,2,2,23,2,1,1,0,0,0,0,0
2026-01-20,22,4,18,0,4,7,11,4,1,0,3,0,0,0,0
2026-01-21,19,5,14,0,5,5,9,3,2,0,1,0,0,0,0
2026-01-22,18,4,14,2,2,3,11,4,1,0,3,0,0,0,0
2026-01-23,18,2,16,0,2,5,11,1,1,0,0,0,0,0,0
2026-01-24,10,0,10,0,0,1,9,2,1,0,1,0,0,0,0
2026-01-25,11,2,9,0,2,2,7,1,1,0,0,0,0,0,0
2026-01-26,26,3,23,0,3,10,13,8,2,0,6,0,0,0,0
2026-01-27,26,2,24,2,0,7,17,4,2,0,2,0,0,0,0
2026-01-28,13,0,13,0,0,5,8,4,1,1,2,0,0,0,0
2026-01-29,19,4,15,2,2,8,7,3,3,0,0,0,0,0,0
2026-01-30,24,1,23,1,0,13,10,3,2,1,0,0,0,0,0
2026-01-31,9,1,8,0,1,0,8,1,0,0,1,0,0,0,0
2026-02-01,18,3,15,0,3,0,15,8,1,0,7,0,0,0,0
2026-02-02,14,1,13,0,1,3,10,8,2,0,6,0,0,0,0
2026-02-03,20,0,20,0,0,5,15,8,0,0,8,0,0,0,0
2026-02-04,16,1,15,0,1,4,11,3,1,0,2,0,0,0,0
2026-02-05,17,5,12,0,5,6,6,5,2,0,3,0,0,0,0
2026-02-06,20,5,15,2,3,6,9,7,3,0,4,0,0,0,0
2026-02-07,6,0,6,0,0,0,6,0,0,0,0,0,0,0,0
2026-02-08,13,1,12,1,0,3,9,3,2,0,1,0,0,0,0
2026-02-09,22,0,22,0,0,9,13,2,2,0,0,0,0,0,0
2026-02-10,19,2,17,0,2,5,12,2,2,0,0,0,0,0,0
2026-02-11,29,5,24,4,1,6,18,1,1,0,0,0,0,0,0
2026-02-12,21,2,19,2,0,6,13,1,1,0,0,0,0,0,0
2026-02-13,16,6,10,1,5,3,7,3,2,0,1,0,0,0,0
2026-02-14,15,1,14,1,0,3,11,2,0,0,2,0,0,0,0
2026-02-15,18,2,16,2,0,5,11,4,3,0,1,0,0,0,0
2026-02-16,22,1,21,1,0,3,18,2,0,0,2,0,0,0,0
2026-02-17,20,2,18,0,2,6,12,4,1,0,3,0,0,0,0
2026-02-18,22,2,20,1,1,3,17,4,1,1,2,0,0,0,0
2026-02-19,15,0,15,0,0,1,14,2,0,0,2,0,0,0,0
2026-02-20,12,0,12,0,0,2,10,3,0,0,3,0,0,0,0
2026-02-21,16,1,15,0,1,4,11,0,0,0,0,0,0,0,0
2026-02-22,15,0,15,0,0,3,12,5,0,0,5,0,0,0,0
2026-02-23,20,7,13,3,4,2,11,14,5,0,9,0,0,0,0
2026-02-24,21,4,17,3,1,6,11,2,1,0,1,0,0,0,0
2026-02-25,20,3,17,2,1,6,11,5,3,0,2,0,0,0,0
2026-02-26,19,0,19,0,0,6,13,0,0,0,0,0,0,0,0
2026-02-27,20,4,16,0,4,3,13,6,2,1,3,0,0,0,0
2026-02-28,11,0,11,0,0,2,9,0,0,0,0,0,0,0,0
2026-03-01,12,0,12,0,0,0,12,0,0,0,0,0,0,0,0
2026-03-02,24,3,21,2,1,8,13,0,0,0,0,0,0,0,0
2026-03-03,27,1,26,0,1,7,19,5,5,0,0,0,0,0,0
2026-03-04,24,7,17,1,6,6,11,3,3,0,0,0,0,0,0
2026-03-05,30,3,27,2,1,7,20,0,0,0,0,0,0,0,0
2026-03-06,16,0,16,0,0,5,11,0,0,0,0,0,0,0,0
2026-03-07,15,0,15,0,0,3,12,1,1,0,0,0,0,0,0
2026-03-08,14,3,11,0,3,1,10,0,0,0,0,0,0,0,0
2026-03-09,14,2,12,1,1,3,9,2,2,0,0,0,0,0,0
2026-03-10,24,2,22,2,0,7,15,1,1,0,0,0,0,0,0
2026-03-11,18,2,16,0,2,4,12,3,3,0,0,0,0,0,0
2026-03-12,16,0,16,0,0,7,9,1,1,0,0,0,0,0,0
2026-03-13,23,4,19,0,4,6,13,3,3,0,0,0,0,0,0
2026-03-14,13,1,12,0,1,3,9,2,0,0,2,0,0,0,0
2026-03-15,18,0,18,0,0,0,18,1,1,0,0,0,0,0,0
2026-03-16,20,5,15,0,5,1,14,4,4,0,0,0,0,0,0
2026-03-17,20,1,19,0,1,2,17,10,2,0,8,0,0,0,0
2026-03-18,18,4,14,1,3,5,9,4,4,0,0,0,0,0,0
2026-03-19,17,1,16,0,1,7,9,1,1,0,0,0,0,0,0
2026-03-20,16,1,15,0,1,2,13,2,1,1,0,0,0,0,0
2026-03-21,15,2,13,0,2,1,12,4,0,0,4,0,0,0,0
2026-03-22,14,3,11,0,3,2,9,1,1,0,0,0,0,0,0
2026-03-23,21,0,21,0,0,5,16,4,4,0,0,0,0,0,0
2026-03-24,26,3,23,0,3,6,17,6,5,1,0,0,0,0,0
2026-03-25,21,2,19,2,0,4,15,1,1,0,0,0,0,0,0
2026-03-26,29,2,27,0,2,5,22,1,0,0,1,0,0,0,0
2026-03-27,17,3,14,0,3,2,12,2,1,1,0,0,0,0,0
2026-03-28,15,2,13,0,2,3,10,5,2,0,3,0,0,0,0
2026-03-29,11,0,11,0,0,1,10,0,0,0,0,0,0,0,0
2026-03-30,24,1,23,0,1,6,17,2,2,0,0,0,0,0,0
2026-03-31,22,4,18,0,4,1,17,0,0,0,0,0,0,0,0
2026-04-01,18,2,16,2,0,5,11,0,0,0,0,0,0,0,0
2026-04-02,16,0,16,0,0,3,13,4,3,0,1,0,0,0,0
2026-04-03,16,0,16,0,0,3,13,1,1,0,0,0,0,0,0
2026-04-04,13,2,11,2,0,3,8,2,2,0,0,0,0,0,0
2026-04-05,14,1,13,0,1,1,12,0,0,0,0,0,0,0,0
2026-04-06,26,3,23,2,1,7,16,5,1,0,4,0,0,0,0
2026-04-07,9,1,8,0,1,0,8,2,2,0,0,0,0,0,0
2026-04-08,21,4,17,3,1,8,9,2,2,0,0,0,0,0,0
2026-04-09,22,6,16,1,5,7,9,3,0,0,3,0,0,0,0
2026-04-10,28,1,27,0,1,10,17,3,1,0,2,0,0,0,0
2026-04-11,18,4,14,3,1,0,14,6,4,0,2,0,0,0,0
2026-04-12,15,2,13,0,2,4,9,2,0,0,2,0,0,0,0
2026-04-13,20,2,18,1,1,7,11,5,2,1,2,0,0,0,0
2026-04-14,21,7,14,1,6,6,8,1,0,0,1,0,0,0,0
2026-04-15,20,1,19,0,1,12,7,4,1,1,2,0,0,0,0
2026-04-16,18,3,15,1,2,3,12,2,1,0,1,0,0,0,0
2026-04-17,16,1,15,0,1,4,11,11,0,0,11,0,0,0,0
2026-04-18,23,5,18,1,4,5,13,2,2,0,0,0,0,0,0
2026-04-19,12,0,12,0,0,1,11,2,2,0,0,0,0,0,0
2026-04-20,19,0,19,0,0,6,13,0,0,0,0,0,0,0,0
2026-04-21,15,1,14,0,1,5,9,1,1,0,0,0,0,0,0
2026-04-22,24,4,20,0,4,6,14,2,0,1,1,0,0,0,0
2026-04-23,21,1,20,1,0,4,16,2,2,0,0,0,0,0,0
2026-04-24,20,2,18,0,2,6,12,1,1,0,0,0,0,0,0
2026-04-25,13,5,8,1,4,2,6,8,2,0,6,0,0,0,0
2026-04-26,13,0,13,0,0,1,12,2,2,0,0,0,0,0,0
2026-04-27,31,5,26,0,5,10,16,2,2,0,0,0,0,0,0
2026-04-28,36,7,29,3,4,8,21,7,3,1,3,0,0,0,0
2026-04-29,45,9,36,4,5,18,18,3,3,0,0,0,0,0,0
2026-04-30,27,9,18,0,9,9,9,4,1,2,1,0,0,0,0
2026-05-01,30,6,24,1,5,5,19,0,0,0,0,0,0,0,0
2026-05-02,24,4,20,0,4,7,13,5,0,0,5,0,0,0,0
2026-05-03,14,0,14,0,0,0,14,2,2,0,0,0,0,0,0
2026-05-04,25,2,23,2,0,14,9,4,4,0,0,0,0,0,0
2026-05-05,27,1,26,1,0,11,15,0,0,0,0,0,0,0,0
2026-05-06,26,5,21,1,4,9,12,19,4,0,15,0,0,0,0
2026-05-07,31,1,30,0,1,9,21,2,2,0,0,0,0,0,0
2026-05-08,17,2,15,0,2,7,8,2,0,0,2,0,0,0,0
2026-05-09,15,3,12,0,3,2,10,0,0,0,0,0,0,0,0
2026-05-10,12,1,11,0,1,1,10,3,2,0,1,0,0,0,0
2026-05-11,19,1,18,0,1,6,12,10,3,0,7,0,0,0,0
2026-05-12,24,6,18,1,5,5,13,1,1,0,0,0,0,0,0
2026-05-13,22,1,21,1,0,7,14,2,2,0,0,0,0,0,0
2026-05-14,17,4,13,2,2,0,13,3,3,0,0,0,0,0,0
2026-05-15,18,2,16,1,1,7,9,2,1,0,1,0,0,0,0
2026-05-16,14,2,12,0,2,0,12,2,2,0,0,0,0,0,0
2026-05-17,21,7,14,0,7,4,10,1,1,0,0,0,0,0,0
2026-05-18,21,6,15,4,2,4,11,4,1,0,3,0,0,0,0
2026-05-19,23,2,21,2,0,6,15,3,3,0,0,0,0,0,0
2026-05-20,14,1,13,1,0,1,12,2,2,0,0,0,0,0,0
2026-05-21,20,3,17,2,1,6,11,14,1,0,13,0,0,0,0
2026-05-22,19,4,15,2,2,5,10,1,0,0,1,0,0,0,0
2026-05-23,4,1,3,0,1,0,3,2,2,0,0,0,0,0,0
2026-05-24,14,8,6,3,5,1,5,1,1,0,0,0,0,0,0
2026-05-25,14,1,13,0,1,1,12,2,0,0,2,0,0,0,0
2026-05-26,25,1,24,1,0,10,14,1,1,0,0,0,0,0,0
2026-05-27,17,2,15,0,2,10,5,2,1,0,1,0,0,0,0
2026-05-28,28,14,14,7,7,3,11,1,1,0,0,0,0,0,0
2026-05-29,15,2,13,0,2,6,7,0,0,0,0,0,0,0,0
2026-05-30,23,2,21,0,2,6,15,3,2,0,1,0,0,0,0
2026-05-31,14,2,12,0,2,0,12,1,1,0,0,0,0,0,0
2026-06-01,28,4,24,2,2,5,19,0,0,0,0,0,0,0,0
2026-06-02,21,4,17,2,2,7,10,2,2,0,0,0,0,0,0
2026-06-03,26,4,22,2,2,11,11,0,0,0,0,0,0,0,0
2026-06-04,21,3,18,2,1,5,13,3,2,0,1,0,0,0,0
2026-06-05,10,1,9,0,1,5,4,0,0,0,0,0,0,0,0
2026-06-06,13,3,10,1,2,1,9,1,0,0,1,0,0,0,0
2026-06-07,9,0,9,0,0,3,6,1,1,0,0,0,0,0,0
2026-06-08,14,0,14,0,0,10,4,0,0,0,0,0,0,0,0
2026-06-09,22,4,18,2,2,7,11,1,0,0,1,0,0,0,0
2026-06-10,21,2,19,0,2,4,15,1,1,0,0,0,0,0,0
2026-06-11,23,4,19,0,4,9,10,4,1,0,3,0,0,0,0
2026-06-12,24,3,21,0,3,10,11,6,3,0,3,0,0,0,0
2026-06-13,17,3,14,1,2,1,13,0,0,0,0,0,0,0,0
2026-06-14,8,0,8,0,0,2,6,1,1,0,0,0,0,0,0
2026-06-15,14,1,13,1,0,7,6,2,1,0,1,0,0,0,0
2026-06-16,17,0,17,0,0,8,9,0,0,0,0,0,0,0,0
2026-06-17,18,4,14,2,2,5,9,10,0,0,10,0,0,0,0
2026-06-18,23,2,21,0,2,7,14,1,1,0,0,0,0,0,0
2026-06-19,17,2,15,0,2,4,11,0,0,0,0,0,0,0,0
2026-06-20,5,1,4,1,0,0,4,3,0,0,3,0,0,0,0
2026-06-21,10,1,9,1,0,1,8,0,0,0,0,0,0,0,0
2026-06-22,21,1,20,0,1,9,11,6,1,0,5,0,0,0,0
2026-06-23,22,5,17,2,3,6,11,2,1,1,0,0,0,0,0
2026-06-24,18,0,18,0,0,6,12,5,2,0,3,0,0,0,0
2026-06-25,19,0,19,0,0,11,8,13,2,0,11,0,0,0,0
2026-06-26,15,1,14,0,1,10,4,3,1,0,2,0,0,0,0
2026-06-27,7,3,4,0,3,0,4,0,0,0,0,0,0,0,0
2026-06-28,13,0,13,0,0,6,7,4,1,0,3,0,0,0,0
2026-06-29,14,1,13,0,1,2,11,3,0,0,3,0,0,0,0
2026-06-30,30,3,27,3,0,12,15,1,1,0,0,0,0,0,0
2026-07-01,21,4,17,1,3,3,14,2,1,1,0,0,0,0,0
2026-07-02,8,0,8,0,0,3,5,2,0,0,2,0,0,0,0
2026-07-03,17,4,13,3,1,3,10,1,1,0,0,0,0,0,0
2026-07-04,15,4,11,3,1,2,9,5,0,0,5,0,0,0,0
2026-07-05,8,1,7,0,1,3,4,2,1,0,1,0,0,0,0
2026-07-06,16,4,12,2,2,8,4,3,1,0,2,0,0,0,0
2026-07-07,26,5,21,3,2,7,14,2,0,0,2,0,0,0,0
2026-07-08,31,2,29,0,2,14,15,2,0,0,2,0,0,0,0
2026-07-09,13,0,13,0,0,3,10,0,0,0,0,0,0,0,0
2026-07-10,20,2,18,0,2,5,13,10,1,1,8,0,0,0,0
2026-07-11,15,4,11,0,4,3,8,1,1,0,0,0,0,0,0
2026-07-12,11,2,9,0,2,3,6,4,0,0,4,0,0,0,0
2026-07-13,29,8,21,4,4,4,17,5,2,2,1,0,0,0,0
2026-07-14,22,4,18,0,4,8,10,2,1,1,0,0,0,0,0
2026-07-15,27,6,21,1,5,8,13,1,1,0,0,0,0,0,0
2026-07-16,22,0,22,0,0,7,15,2,2,0,0,0,0,0,0
2026-07-17,20,8,12,3,5,2,10,3,2,1,0,0,0,0,0
2026-07-18,14,2,12,1,1,3,9,1,1,0,0,0,0,0,0
2026-07-19,12,3,9,1,2,2,7,3,3,0,0,0,0,0,0
2026-07-20,18,2,16,1,1,5,11,8,4,0,4,0,0,0,0
2026-07-21,23,2,21,1,1,1,20,1,1,0,0,0,0,0,0
2026-07-22,24,5,19,4,1,6,13,0,0,0,0,0,0,0,0
2026-07-23,20,3,17,2,1,9,8,4,1,0,3,0,0,0,0
2026-07-24,17,5,12,0,5,6,6,5,3,0,2,0,0,0,0
2026-07-25,9,3,6,1,2,1,5,4,0,0,4,0,0,0,0
2026-07-26,7,1,6,1,0,0,6,4,0,0,4,0,0,0,0
2026-07-27,23,0,23,0,0,9,14,9,2,0,7,0,0,0,0
2026-07-28,27,3,24,3,0,7,17,10,6,1,3,0,0,0,0
2026-07-29,20,1,19,0,1,10,9,2,2,0,0,0,0,0,0
2026-07-30,29,16,13,4,12,4,9,2,2,0,0,0,0,0,0
2026-07-31,32,6,26,0,6,11,15,4,1,0,3,0,0,0,0
2026-08-01,9,2,7,1,1,2,5,0,0,0,0,0,0,0,0
2026-08-02,19,4,15,2,2,2,13,4,0,0,4,0,0,0,0
2026-08-03,37,9,28,0,9,13,15,6,4,1,1,0,0,0,0
2026-08-04,32,8,24,2,6,13,11,8,5,1,2,0,0,0,0
2026-08-05,23,5,18,3,2,8,10,4,3,0,1,0,0,0,0
2026-08-06,30,8,22,1,7,7,15,4,3,0,1,0,0,0,0
2026-08-07,22,7,15,1,6,4,11,6,4,1,1,0,0,0,0
2026-08-08,11,4,7,1,3,0,7,0,0,0,0,0,0,0,0
2026-08-09,24,6,18,2,4,5,13,15,3,1,11,0,0,0,0
2026-08-10,24,7,17,2,5,7,10,6,3,0,3,0,0,0,0
2026-08-11,19,3,16,2,1,6,10,2,2,0,0,0,0,0,0
2026-08-12,23,6,17,1,5,5,12,0,0,0,0,0,0,0,0
2026-08-13,17,3,14,0,3,3,11,18,1,0,17,0,0,0,0
2026-08-14,12,1,11,0,1,3,8,2,0,0,2,0,0,0,0
2026-08-15,17,6,11,2,4,2,9,1,1,0,0,0,0,0,0
2026-08-16,7,1,6,0,1,1,5,0,0,0,0,0,0,0,0
2026-08-17,10,1,9,0,1,2,7,8,1,1,6,0,0,0,0
2026-08-18,19,3,16,1,2,7,9,0,0,0,0,0,0,0,0
2026-08-19,26,5,21,0,5,14,7,4,4,0,0,0,0,0,0
2026-08-20,15,2,13,0,2,2,11,3,2,0,1,0,0,0,0
2026-08-21,16,5,11,0,5,8,3,2,1,1,0,0,0,0,0
2026-08-22,9,3,6,2,1,0,6,0,0,0,0,0,0,0,0
2026-08-23,17,2,15,2,0,8,7,2,2,0,0,0,0,0,0
2026-08-24,27,6,21,4,2,12,9,0,0,0,0,0,0,0,0
2026-08-25,15,1,14,1,0,4,10,2,1,1,0,0,0,0,0
2026-08-26,21,5,16,3,2,9,7,4,1,0,3,0,0,0,0
2026-08-27,24,7,17,1,6,3,14,3,2,0,1,0,0,0,0
2026-08-28,8,1,7,0,1,2,5,9,3,0,6,0,0,0,0
2026-08-29,10,4,6,2,2,1,5,0,0,0,0,0,0,0,0
2026-08-30,9,0,9,0,0,3,6,2,0,0,2,0,0,0,0
2026-08-31,15,0,15,0,0,6,9,0,0,0,0,0,0,0,0
2026-09-01,23,0,23,0,0,11,12,0,0,0,0,0,0,0,0
2026-09-02,11,0,11,0,0,4,7,0,0,0,0,0,0,0,0
2026-09-03,25,13,12,4,9,5,7,0,0,0,0,0,0,0,0
2026-09-04,21,4,17,0,4,12,5,0,0,0,0,0,0,0,0
2026-09-05,1,1,0,0,1,0,0,0,0,0,0,0,0,0,0
2026-09-06,0,0,0,0,0,0,0,0,0,0,0,0,0,0,0
2026-09-07,0,0,0,0,0,0,0,0,0,0,0,0,0,0,0
2026-09-08,0,0,0,0,0,0,0,0,0,0,0,0,0,0,0
